Date,Temperature,Precipitation,Humidity,Weather_Condition,Product_Category,Purchase_Amount,Number_of_Purchases,Year,Month,Month_Name,Day,Day_of_Week,Is_Weekend,Season
2022-01-01,6.8,0.0,60.9,Sunny,Cold Beverages & Ice Cream,173.59,22,2022,1,Jan,1,Saturday,1,Winter
2022-01-01,6.8,0.0,60.9,Sunny,Heating & Winter Apparel,3920.63,58,2022,1,Jan,1,Saturday,1,Winter
2022-01-01,6.8,0.0,60.9,Sunny,Hot Beverages & Soups,2665.05,210,2022,1,Jan,1,Saturday,1,Winter
2022-01-01,6.8,0.0,60.9,Sunny,Outdoor & Camping Gear,847.69,10,2022,1,Jan,1,Saturday,1,Winter
2022-01-01,6.8,0.0,60.9,Sunny,Rainwear & Umbrellas,456.33,17,2022,1,Jan,1,Saturday,1,Winter
2022-01-02,4.9,0.0,60.7,Sunny,Cold Beverages & Ice Cream,159.03,20,2022,1,Jan,2,Sunday,1,Winter
2022-01-02,4.9,0.0,60.7,Sunny,Heating & Winter Apparel,5500.94,81,2022,1,Jan,2,Sunday,1,Winter
2022-01-02,4.9,0.0,60.7,Sunny,Hot Beverages & Soups,2804.31,224,2022,1,Jan,2,Sunday,1,Winter
2022-01-02,4.9,0.0,60.7,Sunny,Outdoor & Camping Gear,418.85,5,2022,1,Jan,2,Sunday,1,Winter
2022-01-02,4.9,0.0,60.7,Sunny,Rainwear & Umbrellas,720.99,27,2022,1,Jan,2,Sunday,1,Winter
2022-01-03,7.1,0.0,59.4,Sunny,Cold Beverages & Ice Cream,45.37,5,2022,1,Jan,3,Monday,0,Winter
2022-01-03,7.1,0.0,59.4,Sunny,Heating & Winter Apparel,3143.37,51,2022,1,Jan,3,Monday,0,Winter
2022-01-03,7.1,0.0,59.4,Sunny,Hot Beverages & Soups,2009.33,165,2022,1,Jan,3,Monday,0,Winter
2022-01-03,7.1,0.0,59.4,Sunny,Outdoor & Camping Gear,429.07,5,2022,1,Jan,3,Monday,0,Winter
2022-01-03,7.1,0.0,59.4,Sunny,Rainwear & Umbrellas,711.77,25,2022,1,Jan,3,Monday,0,Winter
2022-01-04,9.5,0.0,64.0,Sunny,Cold Beverages & Ice Cream,44.63,5,2022,1,Jan,4,Tuesday,0,Winter
2022-01-04,9.5,0.0,64.0,Sunny,Heating & Winter Apparel,1955.74,30,2022,1,Jan,4,Tuesday,0,Winter
2022-01-04,9.5,0.0,64.0,Sunny,Hot Beverages & Soups,1638.94,131,2022,1,Jan,4,Tuesday,0,Winter
2022-01-04,9.5,0.0,64.0,Sunny,Outdoor & Camping Gear,1280.69,16,2022,1,Jan,4,Tuesday,0,Winter
2022-01-04,9.5,0.0,64.0,Sunny,Rainwear & Umbrellas,748.43,25,2022,1,Jan,4,Tuesday,0,Winter
2022-01-05,4.5,6.8,62.3,Rainy,Cold Beverages & Ice Cream,41.87,5,2022,1,Jan,5,Wednesday,0,Winter
2022-01-05,4.5,6.8,62.3,Rainy,Heating & Winter Apparel,4168.16,63,2022,1,Jan,5,Wednesday,0,Winter
2022-01-05,4.5,6.8,62.3,Rainy,Hot Beverages & Soups,2814.39,239,2022,1,Jan,5,Wednesday,0,Winter
2022-01-05,4.5,6.8,62.3,Rainy,Outdoor & Camping Gear,982.01,12,2022,1,Jan,5,Wednesday,0,Winter
2022-01-05,4.5,6.8,62.3,Rainy,Rainwear & Umbrellas,21007.83,792,2022,1,Jan,5,Wednesday,0,Winter
2022-01-06,4.5,18.5,74.5,Rainy,Cold Beverages & Ice Cream,51.54,6,2022,1,Jan,6,Thursday,0,Winter
2022-01-06,4.5,18.5,74.5,Rainy,Heating & Winter Apparel,4630.3,67,2022,1,Jan,6,Thursday,0,Winter
2022-01-06,4.5,18.5,74.5,Rainy,Hot Beverages & Soups,3159.51,247,2022,1,Jan,6,Thursday,0,Winter
2022-01-06,4.5,18.5,74.5,Rainy,Outdoor & Camping Gear,411.55,5,2022,1,Jan,6,Thursday,0,Winter
2022-01-06,4.5,18.5,74.5,Rainy,Rainwear & Umbrellas,81325.71,2711,2022,1,Jan,6,Thursday,0,Winter
2022-01-07,9.5,0.0,55.1,Sunny,Cold Beverages & Ice Cream,75.79,9,2022,1,Jan,7,Friday,0,Winter
2022-01-07,9.5,0.0,55.1,Sunny,Heating & Winter Apparel,1865.11,29,2022,1,Jan,7,Friday,0,Winter
2022-01-07,9.5,0.0,55.1,Sunny,Hot Beverages & Soups,1546.85,139,2022,1,Jan,7,Friday,0,Winter
2022-01-07,9.5,0.0,55.1,Sunny,Outdoor & Camping Gear,1817.32,21,2022,1,Jan,7,Friday,0,Winter
2022-01-07,9.5,0.0,55.1,Sunny,Rainwear & Umbrellas,334.57,12,2022,1,Jan,7,Friday,0,Winter
2022-01-08,7.2,15.1,63.6,Rainy,Cold Beverages & Ice Cream,134.02,15,2022,1,Jan,8,Saturday,1,Winter
2022-01-08,7.2,15.1,63.6,Rainy,Heating & Winter Apparel,3845.82,56,2022,1,Jan,8,Saturday,1,Winter
2022-01-08,7.2,15.1,63.6,Rainy,Hot Beverages & Soups,2815.98,253,2022,1,Jan,8,Saturday,1,Winter
2022-01-08,7.2,15.1,63.6,Rainy,Outdoor & Camping Gear,446.24,5,2022,1,Jan,8,Saturday,1,Winter
2022-01-08,7.2,15.1,63.6,Rainy,Rainwear & Umbrellas,66740.56,2321,2022,1,Jan,8,Saturday,1,Winter
2022-01-09,3.8,17.1,69.9,Rainy,Cold Beverages & Ice Cream,45.25,5,2022,1,Jan,9,Sunday,1,Winter
2022-01-09,3.8,17.1,69.9,Rainy,Heating & Winter Apparel,5436.67,88,2022,1,Jan,9,Sunday,1,Winter
2022-01-09,3.8,17.1,69.9,Rainy,Hot Beverages & Soups,3718.16,319,2022,1,Jan,9,Sunday,1,Winter
2022-01-09,3.8,17.1,69.9,Rainy,Outdoor & Camping Gear,439.99,5,2022,1,Jan,9,Sunday,1,Winter
2022-01-09,3.8,17.1,69.9,Rainy,Rainwear & Umbrellas,70108.74,2701,2022,1,Jan,9,Sunday,1,Winter
2022-01-10,6.6,15.1,66.1,Rainy,Cold Beverages & Ice Cream,43.66,5,2022,1,Jan,10,Monday,0,Winter
2022-01-10,6.6,15.1,66.1,Rainy,Heating & Winter Apparel,3277.97,51,2022,1,Jan,10,Monday,0,Winter
2022-01-10,6.6,15.1,66.1,Rainy,Hot Beverages & Soups,2555.31,218,2022,1,Jan,10,Monday,0,Winter
2022-01-10,6.6,15.1,66.1,Rainy,Outdoor & Camping Gear,392.59,5,2022,1,Jan,10,Monday,0,Winter
2022-01-10,6.6,15.1,66.1,Rainy,Rainwear & Umbrellas,56950.08,2094,2022,1,Jan,10,Monday,0,Winter
2022-01-11,3.7,0.0,57.8,Sunny,Cold Beverages & Ice Cream,39.74,5,2022,1,Jan,11,Tuesday,0,Winter
2022-01-11,3.7,0.0,57.8,Sunny,Heating & Winter Apparel,4618.01,71,2022,1,Jan,11,Tuesday,0,Winter
2022-01-11,3.7,0.0,57.8,Sunny,Hot Beverages & Soups,2424.24,194,2022,1,Jan,11,Tuesday,0,Winter
2022-01-11,3.7,0.0,57.8,Sunny,Outdoor & Camping Gear,1361.88,17,2022,1,Jan,11,Tuesday,0,Winter
2022-01-11,3.7,0.0,57.8,Sunny,Rainwear & Umbrellas,832.0,32,2022,1,Jan,11,Tuesday,0,Winter
2022-01-12,3.7,0.0,68.3,Sunny,Cold Beverages & Ice Cream,119.85,14,2022,1,Jan,12,Wednesday,0,Winter
2022-01-12,3.7,0.0,68.3,Sunny,Heating & Winter Apparel,4731.54,77,2022,1,Jan,12,Wednesday,0,Winter
2022-01-12,3.7,0.0,68.3,Sunny,Hot Beverages & Soups,2392.27,189,2022,1,Jan,12,Wednesday,0,Winter
2022-01-12,3.7,0.0,68.3,Sunny,Outdoor & Camping Gear,457.52,5,2022,1,Jan,12,Wednesday,0,Winter
2022-01-12,3.7,0.0,68.3,Sunny,Rainwear & Umbrellas,695.91,24,2022,1,Jan,12,Wednesday,0,Winter
2022-01-13,5.7,0.0,58.3,Sunny,Cold Beverages & Ice Cream,43.45,5,2022,1,Jan,13,Thursday,0,Winter
2022-01-13,5.7,0.0,58.3,Sunny,Heating & Winter Apparel,3727.73,62,2022,1,Jan,13,Thursday,0,Winter
2022-01-13,5.7,0.0,58.3,Sunny,Hot Beverages & Soups,1907.63,169,2022,1,Jan,13,Thursday,0,Winter
2022-01-13,5.7,0.0,58.3,Sunny,Outdoor & Camping Gear,393.76,5,2022,1,Jan,13,Thursday,0,Winter
2022-01-13,5.7,0.0,58.3,Sunny,Rainwear & Umbrellas,446.06,15,2022,1,Jan,13,Thursday,0,Winter
2022-01-14,-0.4,20.8,71.6,Snowy,Cold Beverages & Ice Cream,45.67,5,2022,1,Jan,14,Friday,0,Winter
2022-01-14,-0.4,20.8,71.6,Snowy,Heating & Winter Apparel,8667.82,139,2022,1,Jan,14,Friday,0,Winter
2022-01-14,-0.4,20.8,71.6,Snowy,Hot Beverages & Soups,3380.01,288,2022,1,Jan,14,Friday,0,Winter
2022-01-14,-0.4,20.8,71.6,Snowy,Outdoor & Camping Gear,455.53,5,2022,1,Jan,14,Friday,0,Winter
2022-01-14,-0.4,20.8,71.6,Snowy,Rainwear & Umbrellas,81690.25,3135,2022,1,Jan,14,Friday,0,Winter
2022-01-15,0.2,0.0,62.3,Sunny,Cold Beverages & Ice Cream,43.88,5,2022,1,Jan,15,Saturday,1,Winter
2022-01-15,0.2,0.0,62.3,Sunny,Heating & Winter Apparel,9901.57,144,2022,1,Jan,15,Saturday,1,Winter
2022-01-15,0.2,0.0,62.3,Sunny,Hot Beverages & Soups,3306.49,296,2022,1,Jan,15,Saturday,1,Winter
2022-01-15,0.2,0.0,62.3,Sunny,Outdoor & Camping Gear,403.86,5,2022,1,Jan,15,Saturday,1,Winter
2022-01-15,0.2,0.0,62.3,Sunny,Rainwear & Umbrellas,697.61,24,2022,1,Jan,15,Saturday,1,Winter
2022-01-16,3.4,0.0,61.5,Sunny,Cold Beverages & Ice Cream,136.52,15,2022,1,Jan,16,Sunday,1,Winter
2022-01-16,3.4,0.0,61.5,Sunny,Heating & Winter Apparel,6613.71,95,2022,1,Jan,16,Sunday,1,Winter
2022-01-16,3.4,0.0,61.5,Sunny,Hot Beverages & Soups,2539.16,221,2022,1,Jan,16,Sunday,1,Winter
2022-01-16,3.4,0.0,61.5,Sunny,Outdoor & Camping Gear,854.57,10,2022,1,Jan,16,Sunday,1,Winter
2022-01-16,3.4,0.0,61.5,Sunny,Rainwear & Umbrellas,753.51,29,2022,1,Jan,16,Sunday,1,Winter
2022-01-17,2.2,0.0,53.6,Sunny,Cold Beverages & Ice Cream,212.14,25,2022,1,Jan,17,Monday,0,Winter
2022-01-17,2.2,0.0,53.6,Sunny,Heating & Winter Apparel,5662.46,94,2022,1,Jan,17,Monday,0,Winter
2022-01-17,2.2,0.0,53.6,Sunny,Hot Beverages & Soups,2332.68,194,2022,1,Jan,17,Monday,0,Winter
2022-01-17,2.2,0.0,53.6,Sunny,Outdoor & Camping Gear,439.05,5,2022,1,Jan,17,Monday,0,Winter
2022-01-17,2.2,0.0,53.6,Sunny,Rainwear & Umbrellas,640.99,23,2022,1,Jan,17,Monday,0,Winter
2022-01-18,5.9,8.7,63.6,Rainy,Cold Beverages & Ice Cream,84.95,10,2022,1,Jan,18,Tuesday,0,Winter
2022-01-18,5.9,8.7,63.6,Rainy,Heating & Winter Apparel,3859.92,59,2022,1,Jan,18,Tuesday,0,Winter
2022-01-18,5.9,8.7,63.6,Rainy,Hot Beverages & Soups,2725.02,218,2022,1,Jan,18,Tuesday,0,Winter
2022-01-18,5.9,8.7,63.6,Rainy,Outdoor & Camping Gear,421.86,5,2022,1,Jan,18,Tuesday,0,Winter
2022-01-18,5.9,8.7,63.6,Rainy,Rainwear & Umbrellas,32314.73,1071,2022,1,Jan,18,Tuesday,0,Winter
2022-01-19,2.5,0.0,59.0,Sunny,Cold Beverages & Ice Cream,66.62,8,2022,1,Jan,19,Wednesday,0,Winter
2022-01-19,2.5,0.0,59.0,Sunny,Heating & Winter Apparel,5749.26,87,2022,1,Jan,19,Wednesday,0,Winter
2022-01-19,2.5,0.0,59.0,Sunny,Hot Beverages & Soups,2493.3,208,2022,1,Jan,19,Wednesday,0,Winter
2022-01-19,2.5,0.0,59.0,Sunny,Outdoor & Camping Gear,436.84,5,2022,1,Jan,19,Wednesday,0,Winter
2022-01-19,2.5,0.0,59.0,Sunny,Rainwear & Umbrellas,506.53,17,2022,1,Jan,19,Wednesday,0,Winter
2022-01-20,1.1,12.5,68.8,Rainy,Cold Beverages & Ice Cream,63.88,8,2022,1,Jan,20,Thursday,0,Winter
2022-01-20,1.1,12.5,68.8,Rainy,Heating & Winter Apparel,7286.85,104,2022,1,Jan,20,Thursday,0,Winter
2022-01-20,1.1,12.5,68.8,Rainy,Hot Beverages & Soups,3366.8,285,2022,1,Jan,20,Thursday,0,Winter
2022-01-20,1.1,12.5,68.8,Rainy,Outdoor & Camping Gear,402.89,5,2022,1,Jan,20,Thursday,0,Winter
2022-01-20,1.1,12.5,68.8,Rainy,Rainwear & Umbrellas,47282.45,1665,2022,1,Jan,20,Thursday,0,Winter
2022-01-21,9.2,16.4,73.9,Rainy,Cold Beverages & Ice Cream,198.3,24,2022,1,Jan,21,Friday,0,Winter
2022-01-21,9.2,16.4,73.9,Rainy,Heating & Winter Apparel,1208.81,20,2022,1,Jan,21,Friday,0,Winter
2022-01-21,9.2,16.4,73.9,Rainy,Hot Beverages & Soups,2199.49,196,2022,1,Jan,21,Friday,0,Winter
2022-01-21,9.2,16.4,73.9,Rainy,Outdoor & Camping Gear,446.1,5,2022,1,Jan,21,Friday,0,Winter
2022-01-21,9.2,16.4,73.9,Rainy,Rainwear & Umbrellas,60692.53,2346,2022,1,Jan,21,Friday,0,Winter
2022-01-22,4.5,0.0,61.3,Sunny,Cold Beverages & Ice Cream,112.57,14,2022,1,Jan,22,Saturday,1,Winter
2022-01-22,4.5,0.0,61.3,Sunny,Heating & Winter Apparel,6040.25,95,2022,1,Jan,22,Saturday,1,Winter
2022-01-22,4.5,0.0,61.3,Sunny,Hot Beverages & Soups,2638.04,229,2022,1,Jan,22,Saturday,1,Winter
2022-01-22,4.5,0.0,61.3,Sunny,Outdoor & Camping Gear,920.72,11,2022,1,Jan,22,Saturday,1,Winter
2022-01-22,4.5,0.0,61.3,Sunny,Rainwear & Umbrellas,807.67,31,2022,1,Jan,22,Saturday,1,Winter
2022-01-23,5.3,2.8,69.9,Rainy,Cold Beverages & Ice Cream,164.52,18,2022,1,Jan,23,Sunday,1,Winter
2022-01-23,5.3,2.8,69.9,Rainy,Heating & Winter Apparel,4974.31,76,2022,1,Jan,23,Sunday,1,Winter
2022-01-23,5.3,2.8,69.9,Rainy,Hot Beverages & Soups,2377.87,209,2022,1,Jan,23,Sunday,1,Winter
2022-01-23,5.3,2.8,69.9,Rainy,Outdoor & Camping Gear,1551.47,19,2022,1,Jan,23,Sunday,1,Winter
2022-01-23,5.3,2.8,69.9,Rainy,Rainwear & Umbrellas,8245.07,297,2022,1,Jan,23,Sunday,1,Winter
2022-01-24,1.2,0.0,61.6,Sunny,Cold Beverages & Ice Cream,181.16,22,2022,1,Jan,24,Monday,0,Winter
2022-01-24,1.2,0.0,61.6,Sunny,Heating & Winter Apparel,5780.41,95,2022,1,Jan,24,Monday,0,Winter
2022-01-24,1.2,0.0,61.6,Sunny,Hot Beverages & Soups,2510.08,203,2022,1,Jan,24,Monday,0,Winter
2022-01-24,1.2,0.0,61.6,Sunny,Outdoor & Camping Gear,416.0,5,2022,1,Jan,24,Monday,0,Winter
2022-01-24,1.2,0.0,61.6,Sunny,Rainwear & Umbrellas,770.25,28,2022,1,Jan,24,Monday,0,Winter
2022-01-25,3.7,18.2,84.1,Rainy,Cold Beverages & Ice Cream,139.61,16,2022,1,Jan,25,Tuesday,0,Winter
2022-01-25,3.7,18.2,84.1,Rainy,Heating & Winter Apparel,4786.81,77,2022,1,Jan,25,Tuesday,0,Winter
2022-01-25,3.7,18.2,84.1,Rainy,Hot Beverages & Soups,2827.85,244,2022,1,Jan,25,Tuesday,0,Winter
2022-01-25,3.7,18.2,84.1,Rainy,Outdoor & Camping Gear,392.57,5,2022,1,Jan,25,Tuesday,0,Winter
2022-01-25,3.7,18.2,84.1,Rainy,Rainwear & Umbrellas,70708.13,2648,2022,1,Jan,25,Tuesday,0,Winter
2022-01-26,5.5,0.0,57.0,Sunny,Cold Beverages & Ice Cream,90.2,11,2022,1,Jan,26,Wednesday,0,Winter
2022-01-26,5.5,0.0,57.0,Sunny,Heating & Winter Apparel,4263.82,65,2022,1,Jan,26,Wednesday,0,Winter
2022-01-26,5.5,0.0,57.0,Sunny,Hot Beverages & Soups,1957.25,175,2022,1,Jan,26,Wednesday,0,Winter
2022-01-26,5.5,0.0,57.0,Sunny,Outdoor & Camping Gear,439.14,5,2022,1,Jan,26,Wednesday,0,Winter
2022-01-26,5.5,0.0,57.0,Sunny,Rainwear & Umbrellas,500.86,19,2022,1,Jan,26,Wednesday,0,Winter
2022-01-27,2.1,16.2,66.9,Rainy,Cold Beverages & Ice Cream,103.72,13,2022,1,Jan,27,Thursday,0,Winter
2022-01-27,2.1,16.2,66.9,Rainy,Heating & Winter Apparel,5560.17,89,2022,1,Jan,27,Thursday,0,Winter
2022-01-27,2.1,16.2,66.9,Rainy,Hot Beverages & Soups,3174.39,263,2022,1,Jan,27,Thursday,0,Winter
2022-01-27,2.1,16.2,66.9,Rainy,Outdoor & Camping Gear,450.25,5,2022,1,Jan,27,Thursday,0,Winter
2022-01-27,2.1,16.2,66.9,Rainy,Rainwear & Umbrellas,65187.01,2290,2022,1,Jan,27,Thursday,0,Winter
2022-01-28,6.4,4.0,65.8,Rainy,Cold Beverages & Ice Cream,42.36,5,2022,1,Jan,28,Friday,0,Winter
2022-01-28,6.4,4.0,65.8,Rainy,Heating & Winter Apparel,3243.18,49,2022,1,Jan,28,Friday,0,Winter
2022-01-28,6.4,4.0,65.8,Rainy,Hot Beverages & Soups,2690.09,229,2022,1,Jan,28,Friday,0,Winter
2022-01-28,6.4,4.0,65.8,Rainy,Outdoor & Camping Gear,1131.66,13,2022,1,Jan,28,Friday,0,Winter
2022-01-28,6.4,4.0,65.8,Rainy,Rainwear & Umbrellas,11494.44,419,2022,1,Jan,28,Friday,0,Winter
2022-01-29,3.7,24.3,85.4,Rainy,Cold Beverages & Ice Cream,133.83,17,2022,1,Jan,29,Saturday,1,Winter
2022-01-29,3.7,24.3,85.4,Rainy,Heating & Winter Apparel,5327.68,87,2022,1,Jan,29,Saturday,1,Winter
2022-01-29,3.7,24.3,85.4,Rainy,Hot Beverages & Soups,3978.83,313,2022,1,Jan,29,Saturday,1,Winter
2022-01-29,3.7,24.3,85.4,Rainy,Outdoor & Camping Gear,436.38,5,2022,1,Jan,29,Saturday,1,Winter
2022-01-29,3.7,24.3,85.4,Rainy,Rainwear & Umbrellas,116595.13,4166,2022,1,Jan,29,Saturday,1,Winter
2022-01-30,4.6,0.0,51.4,Sunny,Cold Beverages & Ice Cream,42.09,5,2022,1,Jan,30,Sunday,1,Winter
2022-01-30,4.6,0.0,51.4,Sunny,Heating & Winter Apparel,5362.48,88,2022,1,Jan,30,Sunday,1,Winter
2022-01-30,4.6,0.0,51.4,Sunny,Hot Beverages & Soups,2530.32,205,2022,1,Jan,30,Sunday,1,Winter
2022-01-30,4.6,0.0,51.4,Sunny,Outdoor & Camping Gear,624.27,7,2022,1,Jan,30,Sunday,1,Winter
2022-01-30,4.6,0.0,51.4,Sunny,Rainwear & Umbrellas,718.79,26,2022,1,Jan,30,Sunday,1,Winter
2022-01-31,3.8,0.0,59.4,Sunny,Cold Beverages & Ice Cream,42.97,5,2022,1,Jan,31,Monday,0,Winter
2022-01-31,3.8,0.0,59.4,Sunny,Heating & Winter Apparel,5362.46,77,2022,1,Jan,31,Monday,0,Winter
2022-01-31,3.8,0.0,59.4,Sunny,Hot Beverages & Soups,2272.11,179,2022,1,Jan,31,Monday,0,Winter
2022-01-31,3.8,0.0,59.4,Sunny,Outdoor & Camping Gear,599.08,7,2022,1,Jan,31,Monday,0,Winter
2022-01-31,3.8,0.0,59.4,Sunny,Rainwear & Umbrellas,632.63,22,2022,1,Jan,31,Monday,0,Winter
2022-02-01,10.7,0.0,53.9,Sunny,Cold Beverages & Ice Cream,41.92,5,2022,2,Feb,1,Tuesday,0,Winter
2022-02-01,10.7,0.0,53.9,Sunny,Heating & Winter Apparel,941.5,15,2022,2,Feb,1,Tuesday,0,Winter
2022-02-01,10.7,0.0,53.9,Sunny,Hot Beverages & Soups,1770.05,138,2022,2,Feb,1,Tuesday,0,Winter
2022-02-01,10.7,0.0,53.9,Sunny,Outdoor & Camping Gear,2144.64,24,2022,2,Feb,1,Tuesday,0,Winter
2022-02-01,10.7,0.0,53.9,Sunny,Rainwear & Umbrellas,442.64,15,2022,2,Feb,1,Tuesday,0,Winter
2022-02-02,5.6,7.6,65.8,Rainy,Cold Beverages & Ice Cream,102.66,13,2022,2,Feb,2,Wednesday,0,Winter
2022-02-02,5.6,7.6,65.8,Rainy,Heating & Winter Apparel,4257.19,65,2022,2,Feb,2,Wednesday,0,Winter
2022-02-02,5.6,7.6,65.8,Rainy,Hot Beverages & Soups,2655.32,226,2022,2,Feb,2,Wednesday,0,Winter
2022-02-02,5.6,7.6,65.8,Rainy,Outdoor & Camping Gear,415.13,5,2022,2,Feb,2,Wednesday,0,Winter
2022-02-02,5.6,7.6,65.8,Rainy,Rainwear & Umbrellas,26847.38,925,2022,2,Feb,2,Wednesday,0,Winter
2022-02-03,2.7,56.8,98.1,Stormy,Cold Beverages & Ice Cream,199.89,23,2022,2,Feb,3,Thursday,0,Winter
2022-02-03,2.7,56.8,98.1,Stormy,Heating & Winter Apparel,6052.54,89,2022,2,Feb,3,Thursday,0,Winter
2022-02-03,2.7,56.8,98.1,Stormy,Hot Beverages & Soups,2963.75,263,2022,2,Feb,3,Thursday,0,Winter
2022-02-03,2.7,56.8,98.1,Stormy,Outdoor & Camping Gear,789.64,9,2022,2,Feb,3,Thursday,0,Winter
2022-02-03,2.7,56.8,98.1,Stormy,Rainwear & Umbrellas,292794.69,10939,2022,2,Feb,3,Thursday,0,Winter
2022-02-04,8.1,0.0,67.7,Sunny,Cold Beverages & Ice Cream,41.78,5,2022,2,Feb,4,Friday,0,Winter
2022-02-04,8.1,0.0,67.7,Sunny,Heating & Winter Apparel,2684.84,40,2022,2,Feb,4,Friday,0,Winter
2022-02-04,8.1,0.0,67.7,Sunny,Hot Beverages & Soups,1562.95,137,2022,2,Feb,4,Friday,0,Winter
2022-02-04,8.1,0.0,67.7,Sunny,Outdoor & Camping Gear,643.75,8,2022,2,Feb,4,Friday,0,Winter
2022-02-04,8.1,0.0,67.7,Sunny,Rainwear & Umbrellas,754.79,25,2022,2,Feb,4,Friday,0,Winter
2022-02-05,2.4,14.0,69.6,Rainy,Cold Beverages & Ice Cream,45.53,5,2022,2,Feb,5,Saturday,1,Winter
2022-02-05,2.4,14.0,69.6,Rainy,Heating & Winter Apparel,7509.19,115,2022,2,Feb,5,Saturday,1,Winter
2022-02-05,2.4,14.0,69.6,Rainy,Hot Beverages & Soups,4176.38,350,2022,2,Feb,5,Saturday,1,Winter
2022-02-05,2.4,14.0,69.6,Rainy,Outdoor & Camping Gear,425.54,5,2022,2,Feb,5,Saturday,1,Winter
2022-02-05,2.4,14.0,69.6,Rainy,Rainwear & Umbrellas,60200.09,2106,2022,2,Feb,5,Saturday,1,Winter
2022-02-06,6.5,0.0,68.5,Sunny,Cold Beverages & Ice Cream,148.29,17,2022,2,Feb,6,Sunday,1,Winter
2022-02-06,6.5,0.0,68.5,Sunny,Heating & Winter Apparel,4057.28,62,2022,2,Feb,6,Sunday,1,Winter
2022-02-06,6.5,0.0,68.5,Sunny,Hot Beverages & Soups,2386.63,212,2022,2,Feb,6,Sunday,1,Winter
2022-02-06,6.5,0.0,68.5,Sunny,Outdoor & Camping Gear,2177.05,24,2022,2,Feb,6,Sunday,1,Winter
2022-02-06,6.5,0.0,68.5,Sunny,Rainwear & Umbrellas,803.67,27,2022,2,Feb,6,Sunday,1,Winter
2022-02-07,0.5,0.0,60.0,Sunny,Cold Beverages & Ice Cream,40.11,5,2022,2,Feb,7,Monday,0,Winter
2022-02-07,0.5,0.0,60.0,Sunny,Heating & Winter Apparel,7357.04,123,2022,2,Feb,7,Monday,0,Winter
2022-02-07,0.5,0.0,60.0,Sunny,Hot Beverages & Soups,2705.73,218,2022,2,Feb,7,Monday,0,Winter
2022-02-07,0.5,0.0,60.0,Sunny,Outdoor & Camping Gear,668.5,8,2022,2,Feb,7,Monday,0,Winter
2022-02-07,0.5,0.0,60.0,Sunny,Rainwear & Umbrellas,507.73,17,2022,2,Feb,7,Monday,0,Winter
2022-02-08,2.4,0.0,67.3,Sunny,Cold Beverages & Ice Cream,87.38,10,2022,2,Feb,8,Tuesday,0,Winter
2022-02-08,2.4,0.0,67.3,Sunny,Heating & Winter Apparel,6565.02,95,2022,2,Feb,8,Tuesday,0,Winter
2022-02-08,2.4,0.0,67.3,Sunny,Hot Beverages & Soups,2261.73,191,2022,2,Feb,8,Tuesday,0,Winter
2022-02-08,2.4,0.0,67.3,Sunny,Outdoor & Camping Gear,1131.36,14,2022,2,Feb,8,Tuesday,0,Winter
2022-02-08,2.4,0.0,67.3,Sunny,Rainwear & Umbrellas,652.31,25,2022,2,Feb,8,Tuesday,0,Winter
2022-02-09,6.7,0.0,61.0,Sunny,Cold Beverages & Ice Cream,127.68,16,2022,2,Feb,9,Wednesday,0,Winter
2022-02-09,6.7,0.0,61.0,Sunny,Heating & Winter Apparel,3149.46,51,2022,2,Feb,9,Wednesday,0,Winter
2022-02-09,6.7,0.0,61.0,Sunny,Hot Beverages & Soups,1934.47,170,2022,2,Feb,9,Wednesday,0,Winter
2022-02-09,6.7,0.0,61.0,Sunny,Outdoor & Camping Gear,523.89,6,2022,2,Feb,9,Wednesday,0,Winter
2022-02-09,6.7,0.0,61.0,Sunny,Rainwear & Umbrellas,482.11,17,2022,2,Feb,9,Wednesday,0,Winter
2022-02-10,8.3,0.0,70.1,Sunny,Cold Beverages & Ice Cream,40.54,5,2022,2,Feb,10,Thursday,0,Winter
2022-02-10,8.3,0.0,70.1,Sunny,Heating & Winter Apparel,2693.08,41,2022,2,Feb,10,Thursday,0,Winter
2022-02-10,8.3,0.0,70.1,Sunny,Hot Beverages & Soups,1839.33,158,2022,2,Feb,10,Thursday,0,Winter
2022-02-10,8.3,0.0,70.1,Sunny,Outdoor & Camping Gear,743.03,9,2022,2,Feb,10,Thursday,0,Winter
2022-02-10,8.3,0.0,70.1,Sunny,Rainwear & Umbrellas,444.3,16,2022,2,Feb,10,Thursday,0,Winter
2022-02-11,6.9,0.0,49.8,Sunny,Cold Beverages & Ice Cream,56.24,7,2022,2,Feb,11,Friday,0,Winter
2022-02-11,6.9,0.0,49.8,Sunny,Heating & Winter Apparel,2984.55,46,2022,2,Feb,11,Friday,0,Winter
2022-02-11,6.9,0.0,49.8,Sunny,Hot Beverages & Soups,1990.84,162,2022,2,Feb,11,Friday,0,Winter
2022-02-11,6.9,0.0,49.8,Sunny,Outdoor & Camping Gear,1326.14,15,2022,2,Feb,11,Friday,0,Winter
2022-02-11,6.9,0.0,49.8,Sunny,Rainwear & Umbrellas,1070.85,36,2022,2,Feb,11,Friday,0,Winter
2022-02-12,6.2,0.0,52.2,Sunny,Cold Beverages & Ice Cream,45.79,5,2022,2,Feb,12,Saturday,1,Winter
2022-02-12,6.2,0.0,52.2,Sunny,Heating & Winter Apparel,4175.16,66,2022,2,Feb,12,Saturday,1,Winter
2022-02-12,6.2,0.0,52.2,Sunny,Hot Beverages & Soups,2661.4,216,2022,2,Feb,12,Saturday,1,Winter
2022-02-12,6.2,0.0,52.2,Sunny,Outdoor & Camping Gear,631.73,8,2022,2,Feb,12,Saturday,1,Winter
2022-02-12,6.2,0.0,52.2,Sunny,Rainwear & Umbrellas,742.36,26,2022,2,Feb,12,Saturday,1,Winter
2022-02-13,5.7,0.0,71.8,Sunny,Cold Beverages & Ice Cream,58.91,7,2022,2,Feb,13,Sunday,1,Winter
2022-02-13,5.7,0.0,71.8,Sunny,Heating & Winter Apparel,4056.93,67,2022,2,Feb,13,Sunday,1,Winter
2022-02-13,5.7,0.0,71.8,Sunny,Hot Beverages & Soups,2571.54,208,2022,2,Feb,13,Sunday,1,Winter
2022-02-13,5.7,0.0,71.8,Sunny,Outdoor & Camping Gear,431.24,5,2022,2,Feb,13,Sunday,1,Winter
2022-02-13,5.7,0.0,71.8,Sunny,Rainwear & Umbrellas,673.57,24,2022,2,Feb,13,Sunday,1,Winter
2022-02-14,2.6,5.6,60.0,Rainy,Cold Beverages & Ice Cream,97.29,11,2022,2,Feb,14,Monday,0,Winter
2022-02-14,2.6,5.6,60.0,Rainy,Heating & Winter Apparel,6305.36,97,2022,2,Feb,14,Monday,0,Winter
2022-02-14,2.6,5.6,60.0,Rainy,Hot Beverages & Soups,3389.39,273,2022,2,Feb,14,Monday,0,Winter
2022-02-14,2.6,5.6,60.0,Rainy,Outdoor & Camping Gear,1180.83,15,2022,2,Feb,14,Monday,0,Winter
2022-02-14,2.6,5.6,60.0,Rainy,Rainwear & Umbrellas,17927.02,626,2022,2,Feb,14,Monday,0,Winter
2022-02-15,4.8,0.0,55.9,Sunny,Cold Beverages & Ice Cream,116.29,14,2022,2,Feb,15,Tuesday,0,Winter
2022-02-15,4.8,0.0,55.9,Sunny,Heating & Winter Apparel,4345.83,63,2022,2,Feb,15,Tuesday,0,Winter
2022-02-15,4.8,0.0,55.9,Sunny,Hot Beverages & Soups,2288.48,185,2022,2,Feb,15,Tuesday,0,Winter
2022-02-15,4.8,0.0,55.9,Sunny,Outdoor & Camping Gear,1115.85,13,2022,2,Feb,15,Tuesday,0,Winter
2022-02-15,4.8,0.0,55.9,Sunny,Rainwear & Umbrellas,474.59,16,2022,2,Feb,15,Tuesday,0,Winter
2022-02-16,5.6,5.9,58.1,Rainy,Cold Beverages & Ice Cream,197.94,23,2022,2,Feb,16,Wednesday,0,Winter
2022-02-16,5.6,5.9,58.1,Rainy,Heating & Winter Apparel,3908.59,62,2022,2,Feb,16,Wednesday,0,Winter
2022-02-16,5.6,5.9,58.1,Rainy,Hot Beverages & Soups,3169.59,254,2022,2,Feb,16,Wednesday,0,Winter
2022-02-16,5.6,5.9,58.1,Rainy,Outdoor & Camping Gear,635.79,8,2022,2,Feb,16,Wednesday,0,Winter
2022-02-16,5.6,5.9,58.1,Rainy,Rainwear & Umbrellas,19042.3,682,2022,2,Feb,16,Wednesday,0,Winter
2022-02-17,10.0,0.0,65.7,Sunny,Cold Beverages & Ice Cream,172.97,21,2022,2,Feb,17,Thursday,0,Winter
2022-02-17,10.0,0.0,65.7,Sunny,Heating & Winter Apparel,2091.45,33,2022,2,Feb,17,Thursday,0,Winter
2022-02-17,10.0,0.0,65.7,Sunny,Hot Beverages & Soups,1619.74,133,2022,2,Feb,17,Thursday,0,Winter
2022-02-17,10.0,0.0,65.7,Sunny,Outdoor & Camping Gear,1138.51,13,2022,2,Feb,17,Thursday,0,Winter
2022-02-17,10.0,0.0,65.7,Sunny,Rainwear & Umbrellas,838.69,28,2022,2,Feb,17,Thursday,0,Winter
2022-02-18,8.1,12.3,58.8,Rainy,Cold Beverages & Ice Cream,107.94,13,2022,2,Feb,18,Friday,0,Winter
2022-02-18,8.1,12.3,58.8,Rainy,Heating & Winter Apparel,1933.55,30,2022,2,Feb,18,Friday,0,Winter
2022-02-18,8.1,12.3,58.8,Rainy,Hot Beverages & Soups,2382.76,214,2022,2,Feb,18,Friday,0,Winter
2022-02-18,8.1,12.3,58.8,Rainy,Outdoor & Camping Gear,427.54,5,2022,2,Feb,18,Friday,0,Winter
2022-02-18,8.1,12.3,58.8,Rainy,Rainwear & Umbrellas,47757.69,1637,2022,2,Feb,18,Friday,0,Winter
2022-02-19,2.3,14.0,70.5,Rainy,Cold Beverages & Ice Cream,39.59,5,2022,2,Feb,19,Saturday,1,Winter
2022-02-19,2.3,14.0,70.5,Rainy,Heating & Winter Apparel,7174.37,118,2022,2,Feb,19,Saturday,1,Winter
2022-02-19,2.3,14.0,70.5,Rainy,Hot Beverages & Soups,4358.15,337,2022,2,Feb,19,Saturday,1,Winter
2022-02-19,2.3,14.0,70.5,Rainy,Outdoor & Camping Gear,400.5,5,2022,2,Feb,19,Saturday,1,Winter
2022-02-19,2.3,14.0,70.5,Rainy,Rainwear & Umbrellas,59788.7,2117,2022,2,Feb,19,Saturday,1,Winter
2022-02-20,8.3,0.0,57.2,Sunny,Cold Beverages & Ice Cream,154.04,18,2022,2,Feb,20,Sunday,1,Winter
2022-02-20,8.3,0.0,57.2,Sunny,Heating & Winter Apparel,2767.72,45,2022,2,Feb,20,Sunday,1,Winter
2022-02-20,8.3,0.0,57.2,Sunny,Hot Beverages & Soups,2241.81,186,2022,2,Feb,20,Sunday,1,Winter
2022-02-20,8.3,0.0,57.2,Sunny,Outdoor & Camping Gear,1744.95,20,2022,2,Feb,20,Sunday,1,Winter
2022-02-20,8.3,0.0,57.2,Sunny,Rainwear & Umbrellas,827.54,31,2022,2,Feb,20,Sunday,1,Winter
2022-02-21,6.5,1.0,67.0,Rainy,Cold Beverages & Ice Cream,44.1,5,2022,2,Feb,21,Monday,0,Winter
2022-02-21,6.5,1.0,67.0,Rainy,Heating & Winter Apparel,3379.54,55,2022,2,Feb,21,Monday,0,Winter
2022-02-21,6.5,1.0,67.0,Rainy,Hot Beverages & Soups,1962.74,161,2022,2,Feb,21,Monday,0,Winter
2022-02-21,6.5,1.0,67.0,Rainy,Outdoor & Camping Gear,436.04,5,2022,2,Feb,21,Monday,0,Winter
2022-02-21,6.5,1.0,67.0,Rainy,Rainwear & Umbrellas,2201.77,83,2022,2,Feb,21,Monday,0,Winter
2022-02-22,5.8,9.9,62.7,Rainy,Cold Beverages & Ice Cream,41.99,5,2022,2,Feb,22,Tuesday,0,Winter
2022-02-22,5.8,9.9,62.7,Rainy,Heating & Winter Apparel,3582.02,59,2022,2,Feb,22,Tuesday,0,Winter
2022-02-22,5.8,9.9,62.7,Rainy,Hot Beverages & Soups,2682.91,233,2022,2,Feb,22,Tuesday,0,Winter
2022-02-22,5.8,9.9,62.7,Rainy,Outdoor & Camping Gear,722.63,8,2022,2,Feb,22,Tuesday,0,Winter
2022-02-22,5.8,9.9,62.7,Rainy,Rainwear & Umbrellas,37107.91,1249,2022,2,Feb,22,Tuesday,0,Winter
2022-02-23,9.5,0.0,61.1,Sunny,Cold Beverages & Ice Cream,41.76,5,2022,2,Feb,23,Wednesday,0,Winter
2022-02-23,9.5,0.0,61.1,Sunny,Heating & Winter Apparel,1691.05,26,2022,2,Feb,23,Wednesday,0,Winter
2022-02-23,9.5,0.0,61.1,Sunny,Hot Beverages & Soups,1799.2,147,2022,2,Feb,23,Wednesday,0,Winter
2022-02-23,9.5,0.0,61.1,Sunny,Outdoor & Camping Gear,967.77,11,2022,2,Feb,23,Wednesday,0,Winter
2022-02-23,9.5,0.0,61.1,Sunny,Rainwear & Umbrellas,864.83,32,2022,2,Feb,23,Wednesday,0,Winter
2022-02-24,10.8,0.0,50.3,Sunny,Cold Beverages & Ice Cream,49.57,6,2022,2,Feb,24,Thursday,0,Winter
2022-02-24,10.8,0.0,50.3,Sunny,Heating & Winter Apparel,624.71,9,2022,2,Feb,24,Thursday,0,Winter
2022-02-24,10.8,0.0,50.3,Sunny,Hot Beverages & Soups,1588.71,136,2022,2,Feb,24,Thursday,0,Winter
2022-02-24,10.8,0.0,50.3,Sunny,Outdoor & Camping Gear,1941.08,23,2022,2,Feb,24,Thursday,0,Winter
2022-02-24,10.8,0.0,50.3,Sunny,Rainwear & Umbrellas,702.04,25,2022,2,Feb,24,Thursday,0,Winter
2022-02-25,10.7,0.0,72.7,Cloudy,Cold Beverages & Ice Cream,109.94,14,2022,2,Feb,25,Friday,0,Winter
2022-02-25,10.7,0.0,72.7,Cloudy,Heating & Winter Apparel,1669.04,24,2022,2,Feb,25,Friday,0,Winter
2022-02-25,10.7,0.0,72.7,Cloudy,Hot Beverages & Soups,1604.55,140,2022,2,Feb,25,Friday,0,Winter
2022-02-25,10.7,0.0,72.7,Cloudy,Outdoor & Camping Gear,2424.5,31,2022,2,Feb,25,Friday,0,Winter
2022-02-25,10.7,0.0,72.7,Cloudy,Rainwear & Umbrellas,1051.89,38,2022,2,Feb,25,Friday,0,Winter
2022-02-26,5.9,12.4,66.3,Rainy,Cold Beverages & Ice Cream,40.89,5,2022,2,Feb,26,Saturday,1,Winter
2022-02-26,5.9,12.4,66.3,Rainy,Heating & Winter Apparel,4021.17,67,2022,2,Feb,26,Saturday,1,Winter
2022-02-26,5.9,12.4,66.3,Rainy,Hot Beverages & Soups,3122.64,281,2022,2,Feb,26,Saturday,1,Winter
2022-02-26,5.9,12.4,66.3,Rainy,Outdoor & Camping Gear,439.92,5,2022,2,Feb,26,Saturday,1,Winter
2022-02-26,5.9,12.4,66.3,Rainy,Rainwear & Umbrellas,47598.13,1814,2022,2,Feb,26,Saturday,1,Winter
2022-02-27,7.5,16.0,69.7,Rainy,Cold Beverages & Ice Cream,105.6,13,2022,2,Feb,27,Sunday,1,Winter
2022-02-27,7.5,16.0,69.7,Rainy,Heating & Winter Apparel,3652.75,57,2022,2,Feb,27,Sunday,1,Winter
2022-02-27,7.5,16.0,69.7,Rainy,Hot Beverages & Soups,3019.68,251,2022,2,Feb,27,Sunday,1,Winter
2022-02-27,7.5,16.0,69.7,Rainy,Outdoor & Camping Gear,416.92,5,2022,2,Feb,27,Sunday,1,Winter
2022-02-27,7.5,16.0,69.7,Rainy,Rainwear & Umbrellas,66943.28,2489,2022,2,Feb,27,Sunday,1,Winter
2022-02-28,9.5,22.3,83.7,Rainy,Cold Beverages & Ice Cream,44.93,5,2022,2,Feb,28,Monday,0,Winter
2022-02-28,9.5,22.3,83.7,Rainy,Heating & Winter Apparel,1378.32,20,2022,2,Feb,28,Monday,0,Winter
2022-02-28,9.5,22.3,83.7,Rainy,Hot Beverages & Soups,2596.24,202,2022,2,Feb,28,Monday,0,Winter
2022-02-28,9.5,22.3,83.7,Rainy,Outdoor & Camping Gear,404.63,5,2022,2,Feb,28,Monday,0,Winter
2022-02-28,9.5,22.3,83.7,Rainy,Rainwear & Umbrellas,89581.8,3421,2022,2,Feb,28,Monday,0,Winter
2022-03-01,11.4,0.0,53.8,Sunny,Cold Beverages & Ice Cream,120.53,15,2022,3,Mar,1,Tuesday,0,Spring
2022-03-01,11.4,0.0,53.8,Sunny,Heating & Winter Apparel,1270.49,21,2022,3,Mar,1,Tuesday,0,Spring
2022-03-01,11.4,0.0,53.8,Sunny,Hot Beverages & Soups,1756.31,142,2022,3,Mar,1,Tuesday,0,Spring
2022-03-01,11.4,0.0,53.8,Sunny,Outdoor & Camping Gear,2272.79,27,2022,3,Mar,1,Tuesday,0,Spring
2022-03-01,11.4,0.0,53.8,Sunny,Rainwear & Umbrellas,522.05,19,2022,3,Mar,1,Tuesday,0,Spring
2022-03-02,7.5,110.9,98.5,Stormy,Cold Beverages & Ice Cream,164.46,19,2022,3,Mar,2,Wednesday,0,Spring
2022-03-02,7.5,110.9,98.5,Stormy,Heating & Winter Apparel,2955.16,47,2022,3,Mar,2,Wednesday,0,Spring
2022-03-02,7.5,110.9,98.5,Stormy,Hot Beverages & Soups,2641.29,209,2022,3,Mar,2,Wednesday,0,Spring
2022-03-02,7.5,110.9,98.5,Stormy,Outdoor & Camping Gear,411.62,5,2022,3,Mar,2,Wednesday,0,Spring
2022-03-02,7.5,110.9,98.5,Stormy,Rainwear & Umbrellas,650950.1,25210,2022,3,Mar,2,Wednesday,0,Spring
2022-03-03,8.5,0.0,56.1,Sunny,Cold Beverages & Ice Cream,127.41,15,2022,3,Mar,3,Thursday,0,Spring
2022-03-03,8.5,0.0,56.1,Sunny,Heating & Winter Apparel,2410.77,39,2022,3,Mar,3,Thursday,0,Spring
2022-03-03,8.5,0.0,56.1,Sunny,Hot Beverages & Soups,1527.4,133,2022,3,Mar,3,Thursday,0,Spring
2022-03-03,8.5,0.0,56.1,Sunny,Outdoor & Camping Gear,457.17,5,2022,3,Mar,3,Thursday,0,Spring
2022-03-03,8.5,0.0,56.1,Sunny,Rainwear & Umbrellas,395.56,15,2022,3,Mar,3,Thursday,0,Spring
2022-03-04,6.1,0.0,64.1,Sunny,Cold Beverages & Ice Cream,39.16,5,2022,3,Mar,4,Friday,0,Spring
2022-03-04,6.1,0.0,64.1,Sunny,Heating & Winter Apparel,3676.2,61,2022,3,Mar,4,Friday,0,Spring
2022-03-04,6.1,0.0,64.1,Sunny,Hot Beverages & Soups,1973.6,156,2022,3,Mar,4,Friday,0,Spring
2022-03-04,6.1,0.0,64.1,Sunny,Outdoor & Camping Gear,1219.28,14,2022,3,Mar,4,Friday,0,Spring
2022-03-04,6.1,0.0,64.1,Sunny,Rainwear & Umbrellas,704.88,25,2022,3,Mar,4,Friday,0,Spring
2022-03-05,6.0,0.0,56.1,Sunny,Cold Beverages & Ice Cream,39.47,5,2022,3,Mar,5,Saturday,1,Spring
2022-03-05,6.0,0.0,56.1,Sunny,Heating & Winter Apparel,4479.58,71,2022,3,Mar,5,Saturday,1,Spring
2022-03-05,6.0,0.0,54.2,Sunny,Hot Beverages & Soups,2905.77,228,2022,3,Mar,5,Saturday,1,Spring
2022-03-05,6.0,0.0,56.1,Sunny,Outdoor & Camping Gear,501.36,6,2022,3,Mar,5,Saturday,1,Spring
2022-03-05,6.0,0.0,56.1,Sunny,Rainwear & Umbrellas,419.66,16,2022,3,Mar,5,Saturday,1,Spring
2022-03-06,11.8,0.0,48.7,Sunny,Cold Beverages & Ice Cream,127.57,15,2022,3,Mar,6,Sunday,1,Spring
2022-03-06,11.8,0.0,48.7,Sunny,Heating & Winter Apparel,621.03,9,2022,3,Mar,6,Sunday,1,Spring
2022-03-06,11.8,0.0,48.7,Sunny,Hot Beverages & Soups,1874.29,149,2022,3,Mar,6,Sunday,1,Spring
2022-03-06,11.8,0.0,48.7,Sunny,Outdoor & Camping Gear,1580.44,18,2022,3,Mar,6,Sunday,1,Spring
2022-03-06,11.8,0.0,48.7,Sunny,Rainwear & Umbrellas,709.5,24,2022,3,Mar,6,Sunday,1,Spring
2022-03-07,13.5,0.0,59.5,Sunny,Cold Beverages & Ice Cream,249.54,29,2022,3,Mar,7,Monday,0,Spring
2022-03-07,13.5,0.0,59.5,Sunny,Heating & Winter Apparel,965.42,14,2022,3,Mar,7,Monday,0,Spring
2022-03-07,13.5,0.0,59.5,Sunny,Hot Beverages & Soups,1283.37,102,2022,3,Mar,7,Monday,0,Spring
2022-03-07,13.5,0.0,59.5,Sunny,Outdoor & Camping Gear,2801.51,33,2022,3,Mar,7,Monday,0,Spring
2022-03-07,13.5,0.0,59.5,Sunny,Rainwear & Umbrellas,493.2,19,2022,3,Mar,7,Monday,0,Spring
2022-03-08,9.7,0.0,62.5,Sunny,Cold Beverages & Ice Cream,173.52,22,2022,3,Mar,8,Tuesday,0,Spring
2022-03-08,9.7,0.0,62.5,Sunny,Heating & Winter Apparel,2352.19,35,2022,3,Mar,8,Tuesday,0,Spring
2022-03-08,9.7,0.0,62.5,Sunny,Hot Beverages & Soups,1314.3,119,2022,3,Mar,8,Tuesday,0,Spring
2022-03-08,9.7,0.0,62.5,Sunny,Outdoor & Camping Gear,797.47,10,2022,3,Mar,8,Tuesday,0,Spring
2022-03-08,9.7,0.0,62.5,Sunny,Rainwear & Umbrellas,762.79,29,2022,3,Mar,8,Tuesday,0,Spring
2022-03-09,12.8,0.0,48.5,Sunny,Cold Beverages & Ice Cream,120.94,15,2022,3,Mar,9,Wednesday,0,Spring
2022-03-09,12.8,0.0,48.5,Sunny,Heating & Winter Apparel,528.05,8,2022,3,Mar,9,Wednesday,0,Spring
2022-03-09,12.8,0.0,48.5,Sunny,Hot Beverages & Soups,1511.05,119,2022,3,Mar,9,Wednesday,0,Spring
2022-03-09,12.8,0.0,48.5,Sunny,Outdoor & Camping Gear,3103.16,35,2022,3,Mar,9,Wednesday,0,Spring
2022-03-09,12.8,0.0,48.5,Sunny,Rainwear & Umbrellas,642.86,22,2022,3,Mar,9,Wednesday,0,Spring
2022-03-10,11.2,0.0,55.7,Sunny,Cold Beverages & Ice Cream,47.91,6,2022,3,Mar,10,Thursday,0,Spring
2022-03-10,11.2,0.0,55.7,Sunny,Heating & Winter Apparel,1291.6,21,2022,3,Mar,10,Thursday,0,Spring
2022-03-10,11.2,0.0,55.7,Sunny,Hot Beverages & Soups,1430.23,119,2022,3,Mar,10,Thursday,0,Spring
2022-03-10,11.2,0.0,55.7,Sunny,Outdoor & Camping Gear,2660.6,32,2022,3,Mar,10,Thursday,0,Spring
2022-03-10,11.2,0.0,55.7,Sunny,Rainwear & Umbrellas,390.45,14,2022,3,Mar,10,Thursday,0,Spring
2022-03-11,8.6,0.0,66.6,Sunny,Cold Beverages & Ice Cream,91.73,11,2022,3,Mar,11,Friday,0,Spring
2022-03-11,8.6,0.0,66.6,Sunny,Heating & Winter Apparel,2072.86,30,2022,3,Mar,11,Friday,0,Spring
2022-03-11,8.6,0.0,66.6,Sunny,Hot Beverages & Soups,1853.48,149,2022,3,Mar,11,Friday,0,Spring
2022-03-11,8.6,0.0,66.6,Sunny,Outdoor & Camping Gear,1184.66,15,2022,3,Mar,11,Friday,0,Spring
2022-03-11,8.6,0.0,66.6,Sunny,Rainwear & Umbrellas,568.76,19,2022,3,Mar,11,Friday,0,Spring
2022-03-12,11.6,0.0,61.5,Sunny,Cold Beverages & Ice Cream,402.79,45,2022,3,Mar,12,Saturday,1,Spring
2022-03-12,11.6,0.0,61.5,Sunny,Heating & Winter Apparel,1313.07,19,2022,3,Mar,12,Saturday,1,Spring
2022-03-12,11.6,0.0,61.5,Sunny,Hot Beverages & Soups,1767.26,156,2022,3,Mar,12,Saturday,1,Spring
2022-03-12,11.6,0.0,61.5,Sunny,Outdoor & Camping Gear,2935.46,34,2022,3,Mar,12,Saturday,1,Spring
2022-03-12,11.6,0.0,61.5,Sunny,Rainwear & Umbrellas,612.89,22,2022,3,Mar,12,Saturday,1,Spring
2022-03-13,15.1,0.0,53.6,Sunny,Cold Beverages & Ice Cream,412.04,45,2022,3,Mar,13,Sunday,1,Spring
2022-03-13,15.1,0.0,53.6,Sunny,Heating & Winter Apparel,495.07,8,2022,3,Mar,13,Sunday,1,Spring
2022-03-13,15.1,0.0,53.6,Sunny,Hot Beverages & Soups,1431.27,112,2022,3,Mar,13,Sunday,1,Spring
2022-03-13,15.1,0.0,53.6,Sunny,Outdoor & Camping Gear,6061.3,69,2022,3,Mar,13,Sunday,1,Spring
2022-03-13,15.1,0.0,53.6,Sunny,Rainwear & Umbrellas,842.18,30,2022,3,Mar,13,Sunday,1,Spring
2022-03-14,10.9,0.0,54.0,Sunny,Cold Beverages & Ice Cream,186.73,23,2022,3,Mar,14,Monday,0,Spring
2022-03-14,10.9,0.0,54.0,Sunny,Heating & Winter Apparel,1305.69,21,2022,3,Mar,14,Monday,0,Spring
2022-03-14,10.9,0.0,54.0,Sunny,Hot Beverages & Soups,1425.87,120,2022,3,Mar,14,Monday,0,Spring
2022-03-14,10.9,0.0,54.0,Sunny,Outdoor & Camping Gear,2491.27,28,2022,3,Mar,14,Monday,0,Spring
2022-03-14,10.9,0.0,54.0,Sunny,Rainwear & Umbrellas,805.93,29,2022,3,Mar,14,Monday,0,Spring
2022-03-15,15.5,0.0,68.7,Sunny,Cold Beverages & Ice Cream,426.02,52,2022,3,Mar,15,Tuesday,0,Spring
2022-03-15,15.5,0.0,68.7,Sunny,Heating & Winter Apparel,336.45,5,2022,3,Mar,15,Tuesday,0,Spring
2022-03-15,15.5,0.0,68.7,Sunny,Hot Beverages & Soups,1006.11,87,2022,3,Mar,15,Tuesday,0,Spring
2022-03-15,15.5,0.0,68.7,Sunny,Outdoor & Camping Gear,4299.53,54,2022,3,Mar,15,Tuesday,0,Spring
2022-03-15,15.5,0.0,68.7,Sunny,Rainwear & Umbrellas,587.37,22,2022,3,Mar,15,Tuesday,0,Spring
2022-03-16,4.0,0.0,51.2,Sunny,Cold Beverages & Ice Cream,45.37,5,2022,3,Mar,16,Wednesday,0,Spring
2022-03-16,4.0,0.0,51.2,Sunny,Heating & Winter Apparel,5278.57,85,2022,3,Mar,16,Wednesday,0,Spring
2022-03-16,4.0,0.0,51.2,Sunny,Hot Beverages & Soups,2280.72,188,2022,3,Mar,16,Wednesday,0,Spring
2022-03-16,4.0,0.0,51.2,Sunny,Outdoor & Camping Gear,438.16,5,2022,3,Mar,16,Wednesday,0,Spring
2022-03-16,4.0,0.0,51.2,Sunny,Rainwear & Umbrellas,861.22,32,2022,3,Mar,16,Wednesday,0,Spring
2022-03-17,13.8,0.0,56.3,Sunny,Cold Beverages & Ice Cream,209.78,24,2022,3,Mar,17,Thursday,0,Spring
2022-03-17,13.8,0.0,56.3,Sunny,Heating & Winter Apparel,749.47,11,2022,3,Mar,17,Thursday,0,Spring
2022-03-17,13.8,0.0,56.3,Sunny,Hot Beverages & Soups,1271.51,104,2022,3,Mar,17,Thursday,0,Spring
2022-03-17,13.8,0.0,56.3,Sunny,Outdoor & Camping Gear,3406.65,38,2022,3,Mar,17,Thursday,0,Spring
2022-03-17,13.8,0.0,56.3,Sunny,Rainwear & Umbrellas,945.35,34,2022,3,Mar,17,Thursday,0,Spring
2022-03-18,12.0,0.0,47.9,Sunny,Cold Beverages & Ice Cream,66.98,8,2022,3,Mar,18,Friday,0,Spring
2022-03-18,12.0,0.0,47.9,Sunny,Heating & Winter Apparel,426.56,7,2022,3,Mar,18,Friday,0,Spring
2022-03-18,12.0,0.0,47.9,Sunny,Hot Beverages & Soups,1464.66,116,2022,3,Mar,18,Friday,0,Spring
2022-03-18,12.0,0.0,47.9,Sunny,Outdoor & Camping Gear,1411.12,17,2022,3,Mar,18,Friday,0,Spring
2022-03-18,12.0,0.0,47.9,Sunny,Rainwear & Umbrellas,734.28,25,2022,3,Mar,18,Friday,0,Spring
2022-03-19,11.1,0.0,66.3,Sunny,Cold Beverages & Ice Cream,258.11,29,2022,3,Mar,19,Saturday,1,Spring
2022-03-19,11.1,0.0,66.3,Sunny,Heating & Winter Apparel,2081.91,31,2022,3,Mar,19,Saturday,1,Spring
2022-03-19,11.1,0.0,66.3,Sunny,Hot Beverages & Soups,1978.36,156,2022,3,Mar,19,Saturday,1,Spring
2022-03-19,11.1,0.0,66.3,Sunny,Outdoor & Camping Gear,2466.68,31,2022,3,Mar,19,Saturday,1,Spring
2022-03-19,11.1,0.0,66.3,Sunny,Rainwear & Umbrellas,655.49,24,2022,3,Mar,19,Saturday,1,Spring
2022-03-20,12.4,0.0,57.2,Sunny,Cold Beverages & Ice Cream,334.43,40,2022,3,Mar,20,Sunday,1,Spring
2022-03-20,12.4,0.0,57.2,Sunny,Heating & Winter Apparel,885.74,14,2022,3,Mar,20,Sunday,1,Spring
2022-03-20,12.4,0.0,57.2,Sunny,Hot Beverages & Soups,1764.54,151,2022,3,Mar,20,Sunday,1,Spring
2022-03-20,12.4,0.0,57.2,Sunny,Outdoor & Camping Gear,2777.35,32,2022,3,Mar,20,Sunday,1,Spring
2022-03-20,12.4,0.0,57.2,Sunny,Rainwear & Umbrellas,734.04,26,2022,3,Mar,20,Sunday,1,Spring
2022-03-21,6.7,40.1,86.7,Stormy,Cold Beverages & Ice Cream,42.15,5,2022,3,Mar,21,Monday,0,Spring
2022-03-21,6.7,40.1,86.7,Stormy,Heating & Winter Apparel,3373.09,51,2022,3,Mar,21,Monday,0,Spring
2022-03-21,6.7,40.1,86.7,Stormy,Hot Beverages & Soups,2438.32,206,2022,3,Mar,21,Monday,0,Spring
2022-03-21,6.7,40.1,86.7,Stormy,Outdoor & Camping Gear,571.2,7,2022,3,Mar,21,Monday,0,Spring
2022-03-21,6.7,40.1,86.7,Stormy,Rainwear & Umbrellas,206202.47,7100,2022,3,Mar,21,Monday,0,Spring
2022-03-22,11.9,0.0,75.4,Cloudy,Cold Beverages & Ice Cream,42.41,5,2022,3,Mar,22,Tuesday,0,Spring
2022-03-22,11.9,0.0,75.4,Cloudy,Heating & Winter Apparel,1078.22,16,2022,3,Mar,22,Tuesday,0,Spring
2022-03-22,11.9,0.0,75.4,Cloudy,Hot Beverages & Soups,1513.52,130,2022,3,Mar,22,Tuesday,0,Spring
2022-03-22,11.9,0.0,75.4,Cloudy,Outdoor & Camping Gear,2187.24,25,2022,3,Mar,22,Tuesday,0,Spring
2022-03-22,11.9,0.0,75.4,Cloudy,Rainwear & Umbrellas,577.12,22,2022,3,Mar,22,Tuesday,0,Spring
2022-03-23,13.7,0.0,52.9,Sunny,Cold Beverages & Ice Cream,260.4,33,2022,3,Mar,23,Wednesday,0,Spring
2022-03-23,13.7,0.0,52.9,Sunny,Heating & Winter Apparel,341.44,5,2022,3,Mar,23,Wednesday,0,Spring
2022-03-23,13.7,0.0,52.9,Sunny,Hot Beverages & Soups,1588.43,123,2022,3,Mar,23,Wednesday,0,Spring
2022-03-23,13.7,0.0,52.9,Sunny,Outdoor & Camping Gear,3101.5,36,2022,3,Mar,23,Wednesday,0,Spring
2022-03-23,13.7,0.0,52.9,Sunny,Rainwear & Umbrellas,450.32,16,2022,3,Mar,23,Wednesday,0,Spring
2022-03-24,17.1,0.0,66.7,Sunny,Cold Beverages & Ice Cream,348.21,41,2022,3,Mar,24,Thursday,0,Spring
2022-03-24,17.1,0.0,66.7,Sunny,Heating & Winter Apparel,313.58,5,2022,3,Mar,24,Thursday,0,Spring
2022-03-24,17.1,0.0,66.7,Sunny,Hot Beverages & Soups,1059.55,85,2022,3,Mar,24,Thursday,0,Spring
2022-03-24,17.1,0.0,66.7,Sunny,Outdoor & Camping Gear,6126.67,67,2022,3,Mar,24,Thursday,0,Spring
2022-03-24,17.1,0.0,66.7,Sunny,Rainwear & Umbrellas,651.06,24,2022,3,Mar,24,Thursday,0,Spring
2022-03-25,11.7,0.0,55.0,Sunny,Cold Beverages & Ice Cream,334.94,38,2022,3,Mar,25,Friday,0,Spring
2022-03-25,11.7,0.0,55.0,Sunny,Heating & Winter Apparel,1003.94,16,2022,3,Mar,25,Friday,0,Spring
2022-03-25,11.7,0.0,55.0,Sunny,Hot Beverages & Soups,1398.64,116,2022,3,Mar,25,Friday,0,Spring
2022-03-25,11.7,0.0,55.0,Sunny,Outdoor & Camping Gear,1829.25,21,2022,3,Mar,25,Friday,0,Spring
2022-03-25,11.7,0.0,55.0,Sunny,Rainwear & Umbrellas,568.24,21,2022,3,Mar,25,Friday,0,Spring
2022-03-26,11.1,0.0,56.2,Sunny,Cold Beverages & Ice Cream,250.78,29,2022,3,Mar,26,Saturday,1,Spring
2022-03-26,11.1,0.0,56.2,Sunny,Heating & Winter Apparel,1381.47,22,2022,3,Mar,26,Saturday,1,Spring
2022-03-26,11.1,0.0,56.2,Sunny,Hot Beverages & Soups,1974.33,153,2022,3,Mar,26,Saturday,1,Spring
2022-03-26,11.1,0.0,56.2,Sunny,Outdoor & Camping Gear,2173.31,26,2022,3,Mar,26,Saturday,1,Spring
2022-03-26,11.1,0.0,54.2,Sunny,Rainwear & Umbrellas,937.61,36,2022,3,Mar,26,Saturday,1,Spring
2022-03-27,12.1,0.0,74.5,Cloudy,Cold Beverages & Ice Cream,263.46,33,2022,3,Mar,27,Sunday,1,Spring
2022-03-27,12.1,0.0,74.5,Cloudy,Heating & Winter Apparel,1241.76,19,2022,3,Mar,27,Sunday,1,Spring
2022-03-27,12.1,0.0,74.5,Cloudy,Hot Beverages & Soups,1834.24,156,2022,3,Mar,27,Sunday,1,Spring
2022-03-27,12.1,0.0,74.5,Cloudy,Outdoor & Camping Gear,3183.59,39,2022,3,Mar,27,Sunday,1,Spring
2022-03-27,12.1,0.0,74.5,Cloudy,Rainwear & Umbrellas,1050.71,35,2022,3,Mar,27,Sunday,1,Spring
2022-03-28,16.3,0.0,54.6,Sunny,Cold Beverages & Ice Cream,442.21,53,2022,3,Mar,28,Monday,0,Spring
2022-03-28,16.3,0.0,54.6,Sunny,Heating & Winter Apparel,334.65,5,2022,3,Mar,28,Monday,0,Spring
2022-03-28,16.3,0.0,54.6,Sunny,Hot Beverages & Soups,944.99,80,2022,3,Mar,28,Monday,0,Spring
2022-03-28,16.3,0.0,54.6,Sunny,Outdoor & Camping Gear,3749.3,45,2022,3,Mar,28,Monday,0,Spring
2022-03-28,16.3,0.0,54.6,Sunny,Rainwear & Umbrellas,642.04,23,2022,3,Mar,28,Monday,0,Spring
2022-03-29,14.9,0.0,47.3,Sunny,Cold Beverages & Ice Cream,311.29,37,2022,3,Mar,29,Tuesday,0,Spring
2022-03-29,14.9,0.0,47.3,Sunny,Heating & Winter Apparel,311.27,5,2022,3,Mar,29,Tuesday,0,Spring
2022-03-29,14.9,0.0,47.3,Sunny,Hot Beverages & Soups,1283.25,102,2022,3,Mar,29,Tuesday,0,Spring
2022-03-29,14.9,0.0,47.3,Sunny,Outdoor & Camping Gear,4188.06,51,2022,3,Mar,29,Tuesday,0,Spring
2022-03-29,14.9,0.0,47.3,Sunny,Rainwear & Umbrellas,614.66,22,2022,3,Mar,29,Tuesday,0,Spring
2022-03-30,12.7,0.0,59.0,Sunny,Cold Beverages & Ice Cream,190.96,21,2022,3,Mar,30,Wednesday,0,Spring
2022-03-30,12.7,0.0,59.0,Sunny,Heating & Winter Apparel,504.75,8,2022,3,Mar,30,Wednesday,0,Spring
2022-03-30,12.7,0.0,59.0,Sunny,Hot Beverages & Soups,1312.22,109,2022,3,Mar,30,Wednesday,0,Spring
2022-03-30,12.7,0.0,59.0,Sunny,Outdoor & Camping Gear,2482.68,30,2022,3,Mar,30,Wednesday,0,Spring
2022-03-30,12.7,0.0,59.0,Sunny,Rainwear & Umbrellas,825.89,30,2022,3,Mar,30,Wednesday,0,Spring
2022-03-31,15.8,12.1,62.6,Rainy,Cold Beverages & Ice Cream,139.86,16,2022,3,Mar,31,Thursday,0,Spring
2022-03-31,15.8,12.1,62.6,Rainy,Heating & Winter Apparel,333.53,5,2022,3,Mar,31,Thursday,0,Spring
2022-03-31,15.8,12.1,62.6,Rainy,Hot Beverages & Soups,1429.31,128,2022,3,Mar,31,Thursday,0,Spring
2022-03-31,15.8,12.1,62.6,Rainy,Outdoor & Camping Gear,1166.63,14,2022,3,Mar,31,Thursday,0,Spring
2022-03-31,15.8,12.1,62.6,Rainy,Rainwear & Umbrellas,42427.46,1594,2022,3,Mar,31,Thursday,0,Spring
2022-04-01,14.9,11.2,65.9,Rainy,Cold Beverages & Ice Cream,150.09,19,2022,4,Apr,1,Friday,0,Spring
2022-04-01,14.9,11.2,65.9,Rainy,Heating & Winter Apparel,325.34,5,2022,4,Apr,1,Friday,0,Spring
2022-04-01,14.9,11.2,65.9,Rainy,Hot Beverages & Soups,1499.8,129,2022,4,Apr,1,Friday,0,Spring
2022-04-01,14.9,11.2,65.9,Rainy,Outdoor & Camping Gear,627.32,8,2022,4,Apr,1,Friday,0,Spring
2022-04-01,14.9,11.2,65.9,Rainy,Rainwear & Umbrellas,42498.07,1457,2022,4,Apr,1,Friday,0,Spring
2022-04-02,17.5,12.2,62.3,Rainy,Cold Beverages & Ice Cream,472.2,55,2022,4,Apr,2,Saturday,1,Spring
2022-04-02,17.5,12.2,62.3,Rainy,Heating & Winter Apparel,317.7,5,2022,4,Apr,2,Saturday,1,Spring
2022-04-02,17.5,12.2,62.3,Rainy,Hot Beverages & Soups,1543.57,124,2022,4,Apr,2,Saturday,1,Spring
2022-04-02,17.5,12.2,62.3,Rainy,Outdoor & Camping Gear,1114.07,13,2022,4,Apr,2,Saturday,1,Spring
2022-04-02,17.5,12.2,62.3,Rainy,Rainwear & Umbrellas,52682.06,1776,2022,4,Apr,2,Saturday,1,Spring
2022-04-03,13.1,12.7,79.6,Rainy,Cold Beverages & Ice Cream,213.35,25,2022,4,Apr,3,Sunday,1,Spring
2022-04-03,13.1,12.7,79.6,Rainy,Heating & Winter Apparel,1360.88,20,2022,4,Apr,3,Sunday,1,Spring
2022-04-03,13.1,12.7,79.6,Rainy,Hot Beverages & Soups,2057.35,180,2022,4,Apr,3,Sunday,1,Spring
2022-04-03,13.1,12.7,79.6,Rainy,Outdoor & Camping Gear,397.59,5,2022,4,Apr,3,Sunday,1,Spring
2022-04-03,13.1,12.7,79.6,Rainy,Rainwear & Umbrellas,53458.42,1882,2022,4,Apr,3,Sunday,1,Spring
2022-04-04,14.3,0.0,60.1,Sunny,Cold Beverages & Ice Cream,338.35,39,2022,4,Apr,4,Monday,0,Spring
2022-04-04,14.3,0.0,60.1,Sunny,Heating & Winter Apparel,310.24,5,2022,4,Apr,4,Monday,0,Spring
2022-04-04,14.3,0.0,60.1,Sunny,Hot Beverages & Soups,1308.09,106,2022,4,Apr,4,Monday,0,Spring
2022-04-04,14.3,0.0,54.2,Sunny,Outdoor & Camping Gear,2531.82,29,2022,4,Apr,4,Monday,0,Spring
2022-04-04,14.3,0.0,60.1,Sunny,Rainwear & Umbrellas,517.39,20,2022,4,Apr,4,Monday,0,Spring
2022-04-05,14.4,0.0,49.5,Sunny,Cold Beverages & Ice Cream,382.92,43,2022,4,Apr,5,Tuesday,0,Spring
2022-04-05,14.4,0.0,49.5,Sunny,Heating & Winter Apparel,340.26,5,2022,4,Apr,5,Tuesday,0,Spring
2022-04-05,14.4,0.0,49.5,Sunny,Hot Beverages & Soups,1319.35,103,2022,4,Apr,5,Tuesday,0,Spring
2022-04-05,14.4,0.0,49.5,Sunny,Outdoor & Camping Gear,4407.73,54,2022,4,Apr,5,Tuesday,0,Spring
2022-04-05,14.4,0.0,49.5,Sunny,Rainwear & Umbrellas,503.41,17,2022,4,Apr,5,Tuesday,0,Spring
2022-04-06,11.6,0.0,58.4,Sunny,Cold Beverages & Ice Cream,174.6,22,2022,4,Apr,6,Wednesday,0,Spring
2022-04-06,11.6,0.0,58.4,Sunny,Heating & Winter Apparel,443.53,7,2022,4,Apr,6,Wednesday,0,Spring
2022-04-06,11.6,0.0,58.4,Sunny,Hot Beverages & Soups,1407.44,127,2022,4,Apr,6,Wednesday,0,Spring
2022-04-06,11.6,0.0,58.4,Sunny,Outdoor & Camping Gear,3068.31,35,2022,4,Apr,6,Wednesday,0,Spring
2022-04-06,11.6,0.0,58.4,Sunny,Rainwear & Umbrellas,588.39,20,2022,4,Apr,6,Wednesday,0,Spring
2022-04-07,16.8,0.0,50.3,Sunny,Cold Beverages & Ice Cream,503.28,57,2022,4,Apr,7,Thursday,0,Spring
2022-04-07,16.8,0.0,50.3,Sunny,Heating & Winter Apparel,343.06,5,2022,4,Apr,7,Thursday,0,Spring
2022-04-07,16.8,0.0,50.3,Sunny,Hot Beverages & Soups,1249.94,104,2022,4,Apr,7,Thursday,0,Spring
2022-04-07,16.8,0.0,50.3,Sunny,Outdoor & Camping Gear,3724.36,45,2022,4,Apr,7,Thursday,0,Spring
2022-04-07,16.8,0.0,50.3,Sunny,Rainwear & Umbrellas,336.42,13,2022,4,Apr,7,Thursday,0,Spring
2022-04-08,16.9,11.0,61.0,Rainy,Cold Beverages & Ice Cream,134.72,16,2022,4,Apr,8,Friday,0,Spring
2022-04-08,16.9,11.0,61.0,Rainy,Heating & Winter Apparel,331.12,5,2022,4,Apr,8,Friday,0,Spring
2022-04-08,16.9,11.0,61.0,Rainy,Hot Beverages & Soups,1435.03,116,2022,4,Apr,8,Friday,0,Spring
2022-04-08,16.9,11.0,61.0,Rainy,Outdoor & Camping Gear,1613.58,18,2022,4,Apr,8,Friday,0,Spring
2022-04-08,16.9,11.0,61.0,Rainy,Rainwear & Umbrellas,37212.88,1427,2022,4,Apr,8,Friday,0,Spring
2022-04-09,16.4,0.0,49.7,Sunny,Cold Beverages & Ice Cream,518.91,58,2022,4,Apr,9,Saturday,1,Spring
2022-04-09,16.4,0.0,49.7,Sunny,Heating & Winter Apparel,316.56,5,2022,4,Apr,9,Saturday,1,Spring
2022-04-09,16.4,0.0,49.7,Sunny,Hot Beverages & Soups,1368.33,109,2022,4,Apr,9,Saturday,1,Spring
2022-04-09,16.4,0.0,49.7,Sunny,Outdoor & Camping Gear,5276.15,67,2022,4,Apr,9,Saturday,1,Spring
2022-04-09,16.4,0.0,49.7,Sunny,Rainwear & Umbrellas,855.12,32,2022,4,Apr,9,Saturday,1,Spring
2022-04-10,15.9,4.0,72.1,Rainy,Cold Beverages & Ice Cream,427.84,51,2022,4,Apr,10,Sunday,1,Spring
2022-04-10,15.9,4.0,72.1,Rainy,Heating & Winter Apparel,619.35,9,2022,4,Apr,10,Sunday,1,Spring
2022-04-10,15.9,4.0,72.1,Rainy,Hot Beverages & Soups,1456.52,126,2022,4,Apr,10,Sunday,1,Spring
2022-04-10,15.9,4.0,72.1,Rainy,Outdoor & Camping Gear,3290.48,40,2022,4,Apr,10,Sunday,1,Spring
2022-04-10,15.9,4.0,72.1,Rainy,Rainwear & Umbrellas,12168.62,470,2022,4,Apr,10,Sunday,1,Spring
2022-04-11,12.9,0.0,52.5,Sunny,Cold Beverages & Ice Cream,280.27,33,2022,4,Apr,11,Monday,0,Spring
2022-04-11,12.9,0.0,52.5,Sunny,Heating & Winter Apparel,622.73,9,2022,4,Apr,11,Monday,0,Spring
2022-04-11,12.9,0.0,52.5,Sunny,Hot Beverages & Soups,1309.8,116,2022,4,Apr,11,Monday,0,Spring
2022-04-11,12.9,0.0,52.5,Sunny,Outdoor & Camping Gear,3005.19,38,2022,4,Apr,11,Monday,0,Spring
2022-04-11,12.9,0.0,52.5,Sunny,Rainwear & Umbrellas,527.0,19,2022,4,Apr,11,Monday,0,Spring
2022-04-12,15.9,10.4,75.5,Rainy,Cold Beverages & Ice Cream,269.86,30,2022,4,Apr,12,Tuesday,0,Spring
2022-04-12,15.9,23.3,75.5,Rainy,Heating & Winter Apparel,347.93,5,2022,4,Apr,12,Tuesday,0,Spring
2022-04-12,15.9,23.3,75.5,Rainy,Hot Beverages & Soups,1650.96,135,2022,4,Apr,12,Tuesday,0,Spring
2022-04-12,15.9,23.3,75.5,Rainy,Outdoor & Camping Gear,1436.32,17,2022,4,Apr,12,Tuesday,0,Spring
2022-04-12,15.9,23.3,75.5,Rainy,Rainwear & Umbrellas,105864.15,3606,2022,4,Apr,12,Tuesday,0,Spring
2022-04-13,16.3,0.0,53.6,Sunny,Cold Beverages & Ice Cream,159.98,18,2022,4,Apr,13,Wednesday,0,Spring
2022-04-13,16.3,0.0,53.6,Sunny,Heating & Winter Apparel,300.71,5,2022,4,Apr,13,Wednesday,0,Spring
2022-04-13,16.3,0.0,53.6,Sunny,Hot Beverages & Soups,984.16,78,2022,4,Apr,13,Wednesday,0,Spring
2022-04-13,16.3,0.0,53.6,Sunny,Outdoor & Camping Gear,4842.39,53,2022,4,Apr,13,Wednesday,0,Spring
2022-04-13,16.3,0.0,53.6,Sunny,Rainwear & Umbrellas,473.54,17,2022,4,Apr,13,Wednesday,0,Spring
2022-04-14,15.2,0.0,48.6,Sunny,Cold Beverages & Ice Cream,388.99,46,2022,4,Apr,14,Thursday,0,Spring
2022-04-14,15.2,0.0,48.6,Sunny,Heating & Winter Apparel,313.66,5,2022,4,Apr,14,Thursday,0,Spring
2022-04-14,15.2,0.0,48.6,Sunny,Hot Beverages & Soups,1158.0,104,2022,4,Apr,14,Thursday,0,Spring
2022-04-14,15.2,0.0,48.6,Sunny,Outdoor & Camping Gear,2970.53,36,2022,4,Apr,14,Thursday,0,Spring
2022-04-14,15.2,0.0,48.6,Sunny,Rainwear & Umbrellas,798.63,27,2022,4,Apr,14,Thursday,0,Spring
2022-04-15,17.3,0.0,56.6,Sunny,Cold Beverages & Ice Cream,385.71,48,2022,4,Apr,15,Friday,0,Spring
2022-04-15,17.3,0.0,56.6,Sunny,Heating & Winter Apparel,340.07,5,2022,4,Apr,15,Friday,0,Spring
2022-04-15,17.3,0.0,56.6,Sunny,Hot Beverages & Soups,1008.03,80,2022,4,Apr,15,Friday,0,Spring
2022-04-15,17.3,0.0,56.6,Sunny,Outdoor & Camping Gear,4517.34,53,2022,4,Apr,15,Friday,0,Spring
2022-04-15,17.3,0.0,56.6,Sunny,Rainwear & Umbrellas,611.4,22,2022,4,Apr,15,Friday,0,Spring
2022-04-16,19.1,0.0,57.2,Sunny,Cold Beverages & Ice Cream,874.76,101,2022,4,Apr,16,Saturday,1,Spring
2022-04-16,19.1,0.0,57.2,Sunny,Heating & Winter Apparel,328.93,5,2022,4,Apr,16,Saturday,1,Spring
2022-04-16,19.1,0.0,57.2,Sunny,Hot Beverages & Soups,847.8,68,2022,4,Apr,16,Saturday,1,Spring
2022-04-16,19.1,0.0,57.2,Sunny,Outdoor & Camping Gear,6665.37,82,2022,4,Apr,16,Saturday,1,Spring
2022-04-16,19.1,0.0,57.2,Sunny,Rainwear & Umbrellas,567.23,20,2022,4,Apr,16,Saturday,1,Spring
2022-04-17,23.4,0.0,56.5,Sunny,Cold Beverages & Ice Cream,1095.09,136,2022,4,Apr,17,Sunday,1,Spring
2022-04-17,23.4,0.0,56.5,Sunny,Heating & Winter Apparel,607.38,10,2022,4,Apr,17,Sunday,1,Spring
2022-04-17,23.4,0.0,56.5,Sunny,Hot Beverages & Soups,344.76,28,2022,4,Apr,17,Sunday,1,Spring
2022-04-17,23.4,0.0,56.5,Sunny,Outdoor & Camping Gear,9146.72,100,2022,4,Apr,17,Sunday,1,Spring
2022-04-17,23.4,0.0,56.5,Sunny,Rainwear & Umbrellas,671.09,24,2022,4,Apr,17,Sunday,1,Spring
2022-04-18,18.9,0.0,37.6,Sunny,Cold Beverages & Ice Cream,432.21,50,2022,4,Apr,18,Monday,0,Spring
2022-04-18,18.9,0.0,37.6,Sunny,Heating & Winter Apparel,324.95,5,2022,4,Apr,18,Monday,0,Spring
2022-04-18,18.9,0.0,37.6,Sunny,Hot Beverages & Soups,941.78,76,2022,4,Apr,18,Monday,0,Spring
2022-04-18,18.9,0.0,37.6,Sunny,Outdoor & Camping Gear,6567.33,72,2022,4,Apr,18,Monday,0,Spring
2022-04-18,18.9,0.0,37.6,Sunny,Rainwear & Umbrellas,823.66,29,2022,4,Apr,18,Monday,0,Spring
2022-04-19,19.3,10.3,53.1,Rainy,Cold Beverages & Ice Cream,393.4,46,2022,4,Apr,19,Tuesday,0,Spring
2022-04-19,19.3,10.3,53.1,Rainy,Heating & Winter Apparel,301.49,5,2022,4,Apr,19,Tuesday,0,Spring
2022-04-19,19.3,10.3,53.1,Rainy,Hot Beverages & Soups,1131.7,95,2022,4,Apr,19,Tuesday,0,Spring
2022-04-19,19.3,10.3,53.1,Rainy,Outdoor & Camping Gear,758.69,9,2022,4,Apr,19,Tuesday,0,Spring
2022-04-19,19.3,10.3,53.1,Rainy,Rainwear & Umbrellas,36167.74,1317,2022,4,Apr,19,Tuesday,0,Spring
2022-04-20,18.6,0.0,61.0,Sunny,Cold Beverages & Ice Cream,559.1,63,2022,4,Apr,20,Wednesday,0,Spring
2022-04-20,18.6,0.0,61.0,Sunny,Heating & Winter Apparel,305.78,5,2022,4,Apr,20,Wednesday,0,Spring
2022-04-20,18.6,0.0,61.0,Sunny,Hot Beverages & Soups,940.2,83,2022,4,Apr,20,Wednesday,0,Spring
2022-04-20,18.6,0.0,61.0,Sunny,Outdoor & Camping Gear,4466.33,57,2022,4,Apr,20,Wednesday,0,Spring
2022-04-20,18.6,0.0,61.0,Sunny,Rainwear & Umbrellas,764.69,27,2022,4,Apr,20,Wednesday,0,Spring
2022-04-21,13.7,0.0,50.7,Sunny,Cold Beverages & Ice Cream,219.86,24,2022,4,Apr,21,Thursday,0,Spring
2022-04-21,13.7,0.0,50.7,Sunny,Heating & Winter Apparel,300.15,5,2022,4,Apr,21,Thursday,0,Spring
2022-04-21,13.7,0.0,50.7,Sunny,Hot Beverages & Soups,1209.79,104,2022,4,Apr,21,Thursday,0,Spring
2022-04-21,13.7,0.0,50.7,Sunny,Outdoor & Camping Gear,2767.48,35,2022,4,Apr,21,Thursday,0,Spring
2022-04-21,13.7,0.0,50.7,Sunny,Rainwear & Umbrellas,653.04,23,2022,4,Apr,21,Thursday,0,Spring
2022-04-22,19.2,0.0,55.8,Sunny,Cold Beverages & Ice Cream,460.64,53,2022,4,Apr,22,Friday,0,Spring
2022-04-22,19.2,0.0,55.8,Sunny,Heating & Winter Apparel,328.38,5,2022,4,Apr,22,Friday,0,Spring
2022-04-22,19.2,0.0,55.8,Sunny,Hot Beverages & Soups,617.6,54,2022,4,Apr,22,Friday,0,Spring
2022-04-22,19.2,0.0,55.8,Sunny,Outdoor & Camping Gear,4904.03,56,2022,4,Apr,22,Friday,0,Spring
2022-04-22,19.2,0.0,55.8,Sunny,Rainwear & Umbrellas,602.49,21,2022,4,Apr,22,Friday,0,Spring
2022-04-23,19.7,9.5,52.3,Rainy,Cold Beverages & Ice Cream,526.44,66,2022,4,Apr,23,Saturday,1,Spring
2022-04-23,19.7,9.5,52.3,Rainy,Heating & Winter Apparel,442.62,7,2022,4,Apr,23,Saturday,1,Spring
2022-04-23,19.7,9.5,52.3,Rainy,Hot Beverages & Soups,1435.39,116,2022,4,Apr,23,Saturday,1,Spring
2022-04-23,19.7,9.5,52.3,Rainy,Outdoor & Camping Gear,2869.1,33,2022,4,Apr,23,Saturday,1,Spring
2022-04-23,19.7,9.5,52.3,Rainy,Rainwear & Umbrellas,34708.66,1315,2022,4,Apr,23,Saturday,1,Spring
2022-04-24,26.6,0.0,56.3,Sunny,Cold Beverages & Ice Cream,1533.6,168,2022,4,Apr,24,Sunday,1,Spring
2022-04-24,26.6,0.0,56.3,Sunny,Heating & Winter Apparel,314.34,5,2022,4,Apr,24,Sunday,1,Spring
2022-04-24,26.6,0.0,56.3,Sunny,Hot Beverages & Soups,364.9,29,2022,4,Apr,24,Sunday,1,Spring
2022-04-24,26.6,0.0,56.3,Sunny,Outdoor & Camping Gear,6651.41,78,2022,4,Apr,24,Sunday,1,Spring
2022-04-24,26.6,0.0,56.3,Sunny,Rainwear & Umbrellas,906.61,30,2022,4,Apr,24,Sunday,1,Spring
2022-04-25,19.4,0.0,60.5,Sunny,Cold Beverages & Ice Cream,531.48,66,2022,4,Apr,25,Monday,0,Spring
2022-04-25,19.4,0.0,60.5,Sunny,Heating & Winter Apparel,347.47,5,2022,4,Apr,25,Monday,0,Spring
2022-04-25,19.4,0.0,60.5,Sunny,Hot Beverages & Soups,648.55,51,2022,4,Apr,25,Monday,0,Spring
2022-04-25,19.4,0.0,60.5,Sunny,Outdoor & Camping Gear,5835.01,67,2022,4,Apr,25,Monday,0,Spring
2022-04-25,19.4,0.0,60.5,Sunny,Rainwear & Umbrellas,630.79,22,2022,4,Apr,25,Monday,0,Spring
2022-04-26,21.0,0.0,58.6,Sunny,Cold Beverages & Ice Cream,730.4,83,2022,4,Apr,26,Tuesday,0,Spring
2022-04-26,21.0,0.0,58.6,Sunny,Heating & Winter Apparel,323.37,5,2022,4,Apr,26,Tuesday,0,Spring
2022-04-26,21.0,0.0,58.6,Sunny,Hot Beverages & Soups,637.41,53,2022,4,Apr,26,Tuesday,0,Spring
2022-04-26,21.0,0.0,58.6,Sunny,Outdoor & Camping Gear,5762.63,72,2022,4,Apr,26,Tuesday,0,Spring
2022-04-26,21.0,0.0,58.6,Sunny,Rainwear & Umbrellas,696.73,26,2022,4,Apr,26,Tuesday,0,Spring
2022-04-27,20.3,0.0,60.8,Sunny,Cold Beverages & Ice Cream,536.24,65,2022,4,Apr,27,Wednesday,0,Spring
2022-04-27,20.3,0.0,60.8,Sunny,Heating & Winter Apparel,502.36,8,2022,4,Apr,27,Wednesday,0,Spring
2022-04-27,20.3,0.0,60.8,Sunny,Hot Beverages & Soups,723.16,61,2022,4,Apr,27,Wednesday,0,Spring
2022-04-27,20.3,0.0,60.8,Sunny,Outdoor & Camping Gear,4897.43,61,2022,4,Apr,27,Wednesday,0,Spring
2022-04-27,20.3,0.0,60.8,Sunny,Rainwear & Umbrellas,542.08,18,2022,4,Apr,27,Wednesday,0,Spring
2022-04-28,17.3,9.0,71.3,Rainy,Cold Beverages & Ice Cream,298.68,37,2022,4,Apr,28,Thursday,0,Spring
2022-04-28,17.3,9.0,71.3,Rainy,Heating & Winter Apparel,322.52,5,2022,4,Apr,28,Thursday,0,Spring
2022-04-28,17.3,9.0,71.3,Rainy,Hot Beverages & Soups,1470.96,119,2022,4,Apr,28,Thursday,0,Spring
2022-04-28,17.3,9.0,71.3,Rainy,Outdoor & Camping Gear,1973.58,22,2022,4,Apr,28,Thursday,0,Spring
2022-04-28,17.3,9.0,71.3,Rainy,Rainwear & Umbrellas,30480.59,1121,2022,4,Apr,28,Thursday,0,Spring
2022-04-29,24.0,0.0,45.0,Sunny,Cold Beverages & Ice Cream,823.19,98,2022,4,Apr,29,Friday,0,Spring
2022-04-29,24.0,0.0,45.0,Sunny,Heating & Winter Apparel,479.9,8,2022,4,Apr,29,Friday,0,Spring
2022-04-29,24.0,0.0,45.0,Sunny,Hot Beverages & Soups,410.44,34,2022,4,Apr,29,Friday,0,Spring
2022-04-29,24.0,0.0,45.0,Sunny,Outdoor & Camping Gear,5596.71,64,2022,4,Apr,29,Friday,0,Spring
2022-04-29,24.0,0.0,45.0,Sunny,Rainwear & Umbrellas,702.25,24,2022,4,Apr,29,Friday,0,Spring
2022-04-30,23.1,0.0,47.8,Sunny,Cold Beverages & Ice Cream,1115.09,130,2022,4,Apr,30,Saturday,1,Spring
2022-04-30,23.1,0.0,47.8,Sunny,Heating & Winter Apparel,658.93,10,2022,4,Apr,30,Saturday,1,Spring
2022-04-30,23.1,0.0,47.8,Sunny,Hot Beverages & Soups,629.74,54,2022,4,Apr,30,Saturday,1,Spring
2022-04-30,23.1,0.0,47.8,Sunny,Outdoor & Camping Gear,8653.67,96,2022,4,Apr,30,Saturday,1,Spring
2022-04-30,23.1,0.0,47.8,Sunny,Rainwear & Umbrellas,949.33,36,2022,4,Apr,30,Saturday,1,Spring
2022-05-01,23.5,2.8,60.5,Rainy,Cold Beverages & Ice Cream,1237.74,142,2022,5,May,1,Sunday,1,Spring
2022-05-01,23.5,2.8,60.5,Rainy,Heating & Winter Apparel,384.58,6,2022,5,May,1,Sunday,1,Spring
2022-05-01,23.5,2.8,60.5,Rainy,Hot Beverages & Soups,637.43,54,2022,5,May,1,Sunday,1,Spring
2022-05-01,23.5,2.8,60.5,Rainy,Outdoor & Camping Gear,6511.32,78,2022,5,May,1,Sunday,1,Spring
2022-05-01,23.5,2.8,60.5,Rainy,Rainwear & Umbrellas,8614.26,314,2022,5,May,1,Sunday,1,Spring
2022-05-02,18.9,0.0,62.0,Sunny,Cold Beverages & Ice Cream,502.3,60,2022,5,May,2,Monday,0,Spring
2022-05-02,18.9,0.0,62.0,Sunny,Heating & Winter Apparel,399.74,6,2022,5,May,2,Monday,0,Spring
2022-05-02,18.9,0.0,62.0,Sunny,Hot Beverages & Soups,791.69,65,2022,5,May,2,Monday,0,Spring
2022-05-02,18.9,0.0,62.0,Sunny,Outdoor & Camping Gear,5514.7,61,2022,5,May,2,Monday,0,Spring
2022-05-02,18.9,0.0,62.0,Sunny,Rainwear & Umbrellas,759.69,26,2022,5,May,2,Monday,0,Spring
2022-05-03,25.6,0.0,47.6,Sunny,Cold Beverages & Ice Cream,1069.65,125,2022,5,May,3,Tuesday,0,Spring
2022-05-03,25.6,0.0,47.6,Sunny,Heating & Winter Apparel,312.97,5,2022,5,May,3,Tuesday,0,Spring
2022-05-03,25.6,0.0,47.6,Sunny,Hot Beverages & Soups,448.16,35,2022,5,May,3,Tuesday,0,Spring
2022-05-03,25.6,0.0,47.6,Sunny,Outdoor & Camping Gear,5681.2,68,2022,5,May,3,Tuesday,0,Spring
2022-05-03,25.6,0.0,47.6,Sunny,Rainwear & Umbrellas,647.74,24,2022,5,May,3,Tuesday,0,Spring
2022-05-04,18.0,0.0,50.2,Sunny,Cold Beverages & Ice Cream,467.53,52,2022,5,May,4,Wednesday,0,Spring
2022-05-04,18.0,0.0,50.2,Sunny,Heating & Winter Apparel,345.02,5,2022,5,May,4,Wednesday,0,Spring
2022-05-04,18.0,0.0,50.2,Sunny,Hot Beverages & Soups,875.63,77,2022,5,May,4,Wednesday,0,Spring
2022-05-04,18.0,0.0,50.2,Sunny,Outdoor & Camping Gear,5319.03,60,2022,5,May,4,Wednesday,0,Spring
2022-05-04,18.0,0.0,50.2,Sunny,Rainwear & Umbrellas,600.67,22,2022,5,May,4,Wednesday,0,Spring
2022-05-05,23.8,14.3,57.7,Rainy,Cold Beverages & Ice Cream,575.26,68,2022,5,May,5,Thursday,0,Spring
2022-05-05,23.8,14.3,57.7,Rainy,Heating & Winter Apparel,346.18,5,2022,5,May,5,Thursday,0,Spring
2022-05-05,23.8,14.3,57.7,Rainy,Hot Beverages & Soups,483.26,38,2022,5,May,5,Thursday,0,Spring
2022-05-05,23.8,14.3,57.7,Rainy,Outdoor & Camping Gear,1884.2,21,2022,5,May,5,Thursday,0,Spring
2022-05-05,23.8,14.3,57.7,Rainy,Rainwear & Umbrellas,56724.48,1972,2022,5,May,5,Thursday,0,Spring
2022-05-06,28.5,0.0,40.4,Sunny,Cold Beverages & Ice Cream,1368.16,155,2022,5,May,6,Friday,0,Spring
2022-05-06,28.5,0.0,40.4,Sunny,Heating & Winter Apparel,893.84,13,2022,5,May,6,Friday,0,Spring
2022-05-06,28.5,0.0,40.4,Sunny,Hot Beverages & Soups,444.89,38,2022,5,May,6,Friday,0,Spring
2022-05-06,28.5,0.0,40.4,Sunny,Outdoor & Camping Gear,3604.41,41,2022,5,May,6,Friday,0,Spring
2022-05-06,28.5,0.0,40.4,Sunny,Rainwear & Umbrellas,1095.59,39,2022,5,May,6,Friday,0,Spring
2022-05-07,19.8,30.3,65.7,Rainy,Cold Beverages & Ice Cream,485.74,58,2022,5,May,7,Saturday,1,Spring
2022-05-07,19.8,30.3,65.7,Rainy,Heating & Winter Apparel,348.42,5,2022,5,May,7,Saturday,1,Spring
2022-05-07,19.8,30.3,65.7,Rainy,Hot Beverages & Soups,1186.55,96,2022,5,May,7,Saturday,1,Spring
2022-05-07,19.8,30.3,65.7,Rainy,Outdoor & Camping Gear,419.43,5,2022,5,May,7,Saturday,1,Spring
2022-05-07,19.8,30.3,65.7,Rainy,Rainwear & Umbrellas,163449.79,5505,2022,5,May,7,Saturday,1,Spring
2022-05-08,21.2,0.0,45.6,Sunny,Cold Beverages & Ice Cream,939.7,103,2022,5,May,8,Sunday,1,Spring
2022-05-08,21.2,0.0,45.6,Sunny,Heating & Winter Apparel,564.73,9,2022,5,May,8,Sunday,1,Spring
2022-05-08,21.2,0.0,45.6,Sunny,Hot Beverages & Soups,848.82,67,2022,5,May,8,Sunday,1,Spring
2022-05-08,21.2,0.0,45.6,Sunny,Outdoor & Camping Gear,7733.79,86,2022,5,May,8,Sunday,1,Spring
2022-05-08,21.2,0.0,45.6,Sunny,Rainwear & Umbrellas,491.18,19,2022,5,May,8,Sunday,1,Spring
2022-05-09,23.2,0.0,51.0,Sunny,Cold Beverages & Ice Cream,925.82,114,2022,5,May,9,Monday,0,Spring
2022-05-09,23.2,0.0,51.0,Sunny,Heating & Winter Apparel,991.26,15,2022,5,May,9,Monday,0,Spring
2022-05-09,23.2,0.0,51.0,Sunny,Hot Beverages & Soups,555.34,50,2022,5,May,9,Monday,0,Spring
2022-05-09,23.2,0.0,51.0,Sunny,Outdoor & Camping Gear,5701.44,64,2022,5,May,9,Monday,0,Spring
2022-05-09,23.2,0.0,51.0,Sunny,Rainwear & Umbrellas,440.76,15,2022,5,May,9,Monday,0,Spring
2022-05-10,21.7,14.7,64.8,Rainy,Cold Beverages & Ice Cream,438.3,49,2022,5,May,10,Tuesday,0,Spring
2022-05-10,21.7,14.7,64.8,Rainy,Heating & Winter Apparel,336.37,5,2022,5,May,10,Tuesday,0,Spring
2022-05-10,21.7,14.7,64.8,Rainy,Hot Beverages & Soups,635.19,55,2022,5,May,10,Tuesday,0,Spring
2022-05-10,21.7,14.7,64.8,Rainy,Outdoor & Camping Gear,397.2,5,2022,5,May,10,Tuesday,0,Spring
2022-05-10,21.7,14.7,64.8,Rainy,Rainwear & Umbrellas,57338.12,2036,2022,5,May,10,Tuesday,0,Spring
2022-05-11,19.0,8.7,63.1,Rainy,Cold Beverages & Ice Cream,310.11,37,2022,5,May,11,Wednesday,0,Spring
2022-05-11,19.0,8.7,63.1,Rainy,Heating & Winter Apparel,344.78,5,2022,5,May,11,Wednesday,0,Spring
2022-05-11,19.0,8.7,63.1,Rainy,Hot Beverages & Soups,998.53,87,2022,5,May,11,Wednesday,0,Spring
2022-05-11,19.0,8.7,63.1,Rainy,Outdoor & Camping Gear,2992.69,35,2022,5,May,11,Wednesday,0,Spring
2022-05-11,19.0,8.7,63.1,Rainy,Rainwear & Umbrellas,29409.62,1059,2022,5,May,11,Wednesday,0,Spring
2022-05-12,23.8,10.8,56.4,Rainy,Cold Beverages & Ice Cream,555.05,66,2022,5,May,12,Thursday,0,Spring
2022-05-12,23.8,10.8,56.4,Rainy,Heating & Winter Apparel,374.54,6,2022,5,May,12,Thursday,0,Spring
2022-05-12,23.8,10.8,56.4,Rainy,Hot Beverages & Soups,563.82,47,2022,5,May,12,Thursday,0,Spring
2022-05-12,23.8,10.8,56.4,Rainy,Outdoor & Camping Gear,2499.03,31,2022,5,May,12,Thursday,0,Spring
2022-05-12,23.8,10.8,56.4,Rainy,Rainwear & Umbrellas,39370.3,1394,2022,5,May,12,Thursday,0,Spring
2022-05-13,20.8,4.0,53.3,Rainy,Cold Beverages & Ice Cream,665.12,82,2022,5,May,13,Friday,0,Spring
2022-05-13,20.8,4.0,53.3,Rainy,Heating & Winter Apparel,330.52,5,2022,5,May,13,Friday,0,Spring
2022-05-13,20.8,4.0,53.3,Rainy,Hot Beverages & Soups,747.41,67,2022,5,May,13,Friday,0,Spring
2022-05-13,20.8,4.0,53.3,Rainy,Outdoor & Camping Gear,4016.56,47,2022,5,May,13,Friday,0,Spring
2022-05-13,20.8,4.0,53.3,Rainy,Rainwear & Umbrellas,12010.31,415,2022,5,May,13,Friday,0,Spring
2022-05-14,25.3,15.9,63.2,Rainy,Cold Beverages & Ice Cream,860.93,104,2022,5,May,14,Saturday,1,Spring
2022-05-14,25.3,15.9,63.2,Rainy,Heating & Winter Apparel,312.72,5,2022,5,May,14,Saturday,1,Spring
2022-05-14,25.3,15.9,63.2,Rainy,Hot Beverages & Soups,392.24,35,2022,5,May,14,Saturday,1,Spring
2022-05-14,25.3,15.9,63.2,Rainy,Outdoor & Camping Gear,958.68,11,2022,5,May,14,Saturday,1,Spring
2022-05-14,25.3,15.9,63.2,Rainy,Rainwear & Umbrellas,66281.59,2477,2022,5,May,14,Saturday,1,Spring
2022-05-15,21.6,0.0,43.8,Sunny,Cold Beverages & Ice Cream,959.47,111,2022,5,May,15,Sunday,1,Spring
2022-05-15,21.6,0.0,43.8,Sunny,Heating & Winter Apparel,311.34,5,2022,5,May,15,Sunday,1,Spring
2022-05-15,21.6,0.0,43.8,Sunny,Hot Beverages & Soups,786.21,61,2022,5,May,15,Sunday,1,Spring
2022-05-15,21.6,0.0,43.8,Sunny,Outdoor & Camping Gear,10444.24,115,2022,5,May,15,Sunday,1,Spring
2022-05-15,21.6,0.0,43.8,Sunny,Rainwear & Umbrellas,623.23,22,2022,5,May,15,Sunday,1,Spring
2022-05-16,28.7,0.0,57.0,Sunny,Cold Beverages & Ice Cream,1357.41,166,2022,5,May,16,Monday,0,Spring
2022-05-16,28.7,0.0,57.0,Sunny,Heating & Winter Apparel,466.95,7,2022,5,May,16,Monday,0,Spring
2022-05-16,28.7,0.0,57.0,Sunny,Hot Beverages & Soups,456.23,38,2022,5,May,16,Monday,0,Spring
2022-05-16,28.7,0.0,57.0,Sunny,Outdoor & Camping Gear,4271.13,52,2022,5,May,16,Monday,0,Spring
2022-05-16,28.7,0.0,57.0,Sunny,Rainwear & Umbrellas,651.59,25,2022,5,May,16,Monday,0,Spring
2022-05-17,22.4,85.2,98.5,Stormy,Cold Beverages & Ice Cream,636.83,71,2022,5,May,17,Tuesday,0,Spring
2022-05-17,22.4,85.2,98.5,Stormy,Heating & Winter Apparel,319.2,5,2022,5,May,17,Tuesday,0,Spring
2022-05-17,22.4,85.2,98.5,Stormy,Hot Beverages & Soups,722.93,60,2022,5,May,17,Tuesday,0,Spring
2022-05-17,22.4,85.2,98.5,Stormy,Outdoor & Camping Gear,989.52,12,2022,5,May,17,Tuesday,0,Spring
2022-05-17,22.4,85.2,98.5,Stormy,Rainwear & Umbrellas,507795.78,18148,2022,5,May,17,Tuesday,0,Spring
2022-05-18,23.8,0.0,48.6,Sunny,Cold Beverages & Ice Cream,1034.7,115,2022,5,May,18,Wednesday,0,Spring
2022-05-18,23.8,0.0,48.6,Sunny,Heating & Winter Apparel,312.11,5,2022,5,May,18,Wednesday,0,Spring
2022-05-18,23.8,0.0,48.6,Sunny,Hot Beverages & Soups,366.47,32,2022,5,May,18,Wednesday,0,Spring
2022-05-18,23.8,0.0,48.6,Sunny,Outdoor & Camping Gear,5475.18,62,2022,5,May,18,Wednesday,0,Spring
2022-05-18,23.8,0.0,48.6,Sunny,Rainwear & Umbrellas,930.06,34,2022,5,May,18,Wednesday,0,Spring
2022-05-19,27.2,17.3,60.0,Rainy,Cold Beverages & Ice Cream,640.89,70,2022,5,May,19,Thursday,0,Spring
2022-05-19,27.2,17.3,60.0,Rainy,Heating & Winter Apparel,325.25,5,2022,5,May,19,Thursday,0,Spring
2022-05-19,27.2,17.3,60.0,Rainy,Hot Beverages & Soups,306.56,26,2022,5,May,19,Thursday,0,Spring
2022-05-19,27.2,17.3,60.0,Rainy,Outdoor & Camping Gear,1597.39,19,2022,5,May,19,Thursday,0,Spring
2022-05-19,27.2,17.3,60.0,Rainy,Rainwear & Umbrellas,69200.64,2504,2022,5,May,19,Thursday,0,Spring
2022-05-20,21.7,9.6,67.8,Rainy,Cold Beverages & Ice Cream,409.19,51,2022,5,May,20,Friday,0,Spring
2022-05-20,21.7,9.6,67.8,Rainy,Heating & Winter Apparel,433.88,7,2022,5,May,20,Friday,0,Spring
2022-05-20,21.7,9.6,67.8,Rainy,Hot Beverages & Soups,799.21,70,2022,5,May,20,Friday,0,Spring
2022-05-20,21.7,9.6,67.8,Rainy,Outdoor & Camping Gear,1818.41,22,2022,5,May,20,Friday,0,Spring
2022-05-20,21.7,9.6,67.8,Rainy,Rainwear & Umbrellas,32317.46,1202,2022,5,May,20,Friday,0,Spring
2022-05-21,25.9,0.0,51.0,Sunny,Cold Beverages & Ice Cream,1362.36,156,2022,5,May,21,Saturday,1,Spring
2022-05-21,25.9,0.0,51.0,Sunny,Heating & Winter Apparel,312.69,5,2022,5,May,21,Saturday,1,Spring
2022-05-21,25.9,0.0,51.0,Sunny,Hot Beverages & Soups,373.38,31,2022,5,May,21,Saturday,1,Spring
2022-05-21,25.9,0.0,51.0,Sunny,Outdoor & Camping Gear,7442.22,89,2022,5,May,21,Saturday,1,Spring
2022-05-21,25.9,0.0,51.0,Sunny,Rainwear & Umbrellas,789.89,30,2022,5,May,21,Saturday,1,Spring
2022-05-22,29.1,0.0,54.4,Sunny,Cold Beverages & Ice Cream,1672.41,195,2022,5,May,22,Sunday,1,Spring
2022-05-22,29.1,0.0,54.4,Sunny,Heating & Winter Apparel,306.44,5,2022,5,May,22,Sunday,1,Spring
2022-05-22,29.1,0.0,54.4,Sunny,Hot Beverages & Soups,406.17,36,2022,5,May,22,Sunday,1,Spring
2022-05-22,29.1,0.0,54.4,Sunny,Outdoor & Camping Gear,5548.27,67,2022,5,May,22,Sunday,1,Spring
2022-05-22,29.1,0.0,54.4,Sunny,Rainwear & Umbrellas,783.18,26,2022,5,May,22,Sunday,1,Spring
2022-05-23,21.2,2.1,54.5,Rainy,Cold Beverages & Ice Cream,706.0,81,2022,5,May,23,Monday,0,Spring
2022-05-23,21.2,2.1,54.5,Rainy,Heating & Winter Apparel,422.81,7,2022,5,May,23,Monday,0,Spring
2022-05-23,21.2,2.1,54.5,Rainy,Hot Beverages & Soups,727.65,60,2022,5,May,23,Monday,0,Spring
2022-05-23,21.2,2.1,54.5,Rainy,Outdoor & Camping Gear,2858.17,36,2022,5,May,23,Monday,0,Spring
2022-05-23,21.2,2.1,54.5,Rainy,Rainwear & Umbrellas,5750.0,198,2022,5,May,23,Monday,0,Spring
2022-05-24,26.4,0.0,61.8,Sunny,Cold Beverages & Ice Cream,1089.54,136,2022,5,May,24,Tuesday,0,Spring
2022-05-24,26.4,0.0,61.8,Sunny,Heating & Winter Apparel,338.71,5,2022,5,May,24,Tuesday,0,Spring
2022-05-24,26.4,0.0,61.8,Sunny,Hot Beverages & Soups,248.11,21,2022,5,May,24,Tuesday,0,Spring
2022-05-24,26.4,0.0,61.8,Sunny,Outdoor & Camping Gear,4318.78,51,2022,5,May,24,Tuesday,0,Spring
2022-05-24,26.4,0.0,61.8,Sunny,Rainwear & Umbrellas,923.08,35,2022,5,May,24,Tuesday,0,Spring
2022-05-25,26.8,1.8,55.8,Rainy,Cold Beverages & Ice Cream,1247.0,136,2022,5,May,25,Wednesday,0,Spring
2022-05-25,26.8,1.8,55.8,Rainy,Heating & Winter Apparel,319.9,5,2022,5,May,25,Wednesday,0,Spring
2022-05-25,26.8,1.8,55.8,Rainy,Hot Beverages & Soups,135.94,11,2022,5,May,25,Wednesday,0,Spring
2022-05-25,26.8,1.8,55.8,Rainy,Outdoor & Camping Gear,4567.55,58,2022,5,May,25,Wednesday,0,Spring
2022-05-25,26.8,1.8,55.8,Rainy,Rainwear & Umbrellas,4934.8,169,2022,5,May,25,Wednesday,0,Spring
2022-05-26,28.4,0.0,54.4,Sunny,Cold Beverages & Ice Cream,1354.5,151,2022,5,May,26,Thursday,0,Spring
2022-05-26,28.4,0.0,54.4,Sunny,Heating & Winter Apparel,303.36,5,2022,5,May,26,Thursday,0,Spring
2022-05-26,28.4,0.0,54.4,Sunny,Hot Beverages & Soups,434.07,35,2022,5,May,26,Thursday,0,Spring
2022-05-26,28.4,0.0,54.2,Sunny,Outdoor & Camping Gear,4557.01,55,2022,5,May,26,Thursday,0,Spring
2022-05-26,28.4,0.0,54.4,Sunny,Rainwear & Umbrellas,482.56,17,2022,5,May,26,Thursday,0,Spring
2022-05-27,22.9,10.9,63.8,Rainy,Cold Beverages & Ice Cream,620.06,75,2022,5,May,27,Friday,0,Spring
2022-05-27,22.9,10.9,62.7,Rainy,Heating & Winter Apparel,421.65,7,2022,5,May,27,Friday,0,Spring
2022-05-27,22.9,10.9,63.8,Rainy,Hot Beverages & Soups,554.2,47,2022,5,May,27,Friday,0,Spring
2022-05-27,22.9,10.9,63.8,Rainy,Outdoor & Camping Gear,879.98,10,2022,5,May,27,Friday,0,Spring
2022-05-27,22.9,10.9,63.8,Rainy,Rainwear & Umbrellas,38805.51,1406,2022,5,May,27,Friday,0,Spring
2022-05-28,22.8,0.0,49.5,Sunny,Cold Beverages & Ice Cream,1054.52,124,2022,5,May,28,Saturday,1,Spring
2022-05-28,22.8,0.0,49.5,Sunny,Heating & Winter Apparel,479.98,8,2022,5,May,28,Saturday,1,Spring
2022-05-28,22.8,0.0,49.5,Sunny,Hot Beverages & Soups,668.06,60,2022,5,May,28,Saturday,1,Spring
2022-05-28,22.8,0.0,49.5,Sunny,Outdoor & Camping Gear,8471.05,94,2022,5,May,28,Saturday,1,Spring
2022-05-28,22.8,0.0,49.5,Sunny,Rainwear & Umbrellas,793.22,28,2022,5,May,28,Saturday,1,Spring
2022-05-29,28.2,8.1,53.2,Rainy,Cold Beverages & Ice Cream,1089.22,125,2022,5,May,29,Sunday,1,Spring
2022-05-29,28.2,8.1,53.2,Rainy,Heating & Winter Apparel,302.35,5,2022,5,May,29,Sunday,1,Spring
2022-05-29,28.2,8.1,53.2,Rainy,Hot Beverages & Soups,510.97,43,2022,5,May,29,Sunday,1,Spring
2022-05-29,28.2,8.1,53.2,Rainy,Outdoor & Camping Gear,2627.34,31,2022,5,May,29,Sunday,1,Spring
2022-05-29,28.2,8.1,53.2,Rainy,Rainwear & Umbrellas,31043.03,1076,2022,5,May,29,Sunday,1,Spring
2022-05-30,27.7,0.0,56.1,Sunny,Cold Beverages & Ice Cream,1229.95,143,2022,5,May,30,Monday,0,Spring
2022-05-30,27.7,0.0,56.1,Sunny,Heating & Winter Apparel,798.61,12,2022,5,May,30,Monday,0,Spring
2022-05-30,27.7,0.0,56.1,Sunny,Hot Beverages & Soups,315.22,25,2022,5,May,30,Monday,0,Spring
2022-05-30,27.7,0.0,56.1,Sunny,Outdoor & Camping Gear,4036.9,47,2022,5,May,30,Monday,0,Spring
2022-05-30,27.7,0.0,56.1,Sunny,Rainwear & Umbrellas,1155.08,39,2022,5,May,30,Monday,0,Spring
2022-05-31,27.7,32.9,73.3,Rainy,Cold Beverages & Ice Cream,816.22,102,2022,5,May,31,Tuesday,0,Spring
2022-05-31,27.7,32.9,73.3,Rainy,Heating & Winter Apparel,315.62,5,2022,5,May,31,Tuesday,0,Spring
2022-05-31,27.7,32.9,73.3,Rainy,Hot Beverages & Soups,382.21,31,2022,5,May,31,Tuesday,0,Spring
2022-05-31,27.7,32.9,73.3,Rainy,Outdoor & Camping Gear,430.79,5,2022,5,May,31,Tuesday,0,Spring
2022-05-31,27.7,32.9,73.3,Rainy,Rainwear & Umbrellas,147842.12,5533,2022,5,May,31,Tuesday,0,Spring
2022-06-01,28.2,0.0,43.3,Sunny,Cold Beverages & Ice Cream,1347.25,151,2022,6,Jun,1,Wednesday,0,Summer
2022-06-01,28.2,0.0,43.3,Sunny,Heating & Winter Apparel,349.98,5,2022,6,Jun,1,Wednesday,0,Summer
2022-06-01,28.2,0.0,43.3,Sunny,Hot Beverages & Soups,408.55,33,2022,6,Jun,1,Wednesday,0,Summer
2022-06-01,28.2,0.0,43.3,Sunny,Outdoor & Camping Gear,4207.08,47,2022,6,Jun,1,Wednesday,0,Summer
2022-06-01,28.2,0.0,43.3,Sunny,Rainwear & Umbrellas,814.59,30,2022,6,Jun,1,Wednesday,0,Summer
2022-06-02,25.4,5.5,67.8,Rainy,Cold Beverages & Ice Cream,616.81,77,2022,6,Jun,2,Thursday,0,Summer
2022-06-02,25.4,5.5,67.8,Rainy,Heating & Winter Apparel,338.28,5,2022,6,Jun,2,Thursday,0,Summer
2022-06-02,25.4,5.5,67.8,Rainy,Hot Beverages & Soups,443.02,38,2022,6,Jun,2,Thursday,0,Summer
2022-06-02,25.4,5.5,67.8,Rainy,Outdoor & Camping Gear,3326.61,40,2022,6,Jun,2,Thursday,0,Summer
2022-06-02,25.4,5.5,67.8,Rainy,Rainwear & Umbrellas,18291.61,610,2022,6,Jun,2,Thursday,0,Summer
2022-06-03,28.2,3.7,59.7,Rainy,Cold Beverages & Ice Cream,1314.06,152,2022,6,Jun,3,Friday,0,Summer
2022-06-03,28.2,3.7,59.7,Rainy,Heating & Winter Apparel,364.03,6,2022,6,Jun,3,Friday,0,Summer
2022-06-03,28.2,3.7,59.7,Rainy,Hot Beverages & Soups,551.12,45,2022,6,Jun,3,Friday,0,Summer
2022-06-03,28.2,3.7,59.7,Rainy,Outdoor & Camping Gear,3245.31,40,2022,6,Jun,3,Friday,0,Summer
2022-06-03,28.2,3.7,59.7,Rainy,Rainwear & Umbrellas,11070.36,392,2022,6,Jun,3,Friday,0,Summer
2022-06-04,28.5,0.0,51.0,Sunny,Cold Beverages & Ice Cream,1932.7,216,2022,6,Jun,4,Saturday,1,Summer
2022-06-04,28.5,0.0,51.0,Sunny,Heating & Winter Apparel,329.91,5,2022,6,Jun,4,Saturday,1,Summer
2022-06-04,28.5,0.0,51.0,Sunny,Hot Beverages & Soups,107.03,9,2022,6,Jun,4,Saturday,1,Summer
2022-06-04,28.5,0.0,51.0,Sunny,Outdoor & Camping Gear,7358.19,85,2022,6,Jun,4,Saturday,1,Summer
2022-06-04,28.5,0.0,51.0,Sunny,Rainwear & Umbrellas,855.73,33,2022,6,Jun,4,Saturday,1,Summer
2022-06-05,25.8,0.0,50.1,Sunny,Cold Beverages & Ice Cream,1397.62,162,2022,6,Jun,5,Sunday,1,Summer
2022-06-05,25.8,0.0,50.1,Sunny,Heating & Winter Apparel,789.3,13,2022,6,Jun,5,Sunday,1,Summer
2022-06-05,25.8,0.0,50.1,Sunny,Hot Beverages & Soups,367.25,32,2022,6,Jun,5,Sunday,1,Summer
2022-06-05,25.8,0.0,50.1,Sunny,Outdoor & Camping Gear,8086.56,93,2022,6,Jun,5,Sunday,1,Summer
2022-06-05,25.8,0.0,50.1,Sunny,Rainwear & Umbrellas,769.3,29,2022,6,Jun,5,Sunday,1,Summer
2022-06-06,33.2,0.0,50.2,Sunny,Cold Beverages & Ice Cream,1690.47,205,2022,6,Jun,6,Monday,0,Summer
2022-06-06,33.2,0.0,50.2,Sunny,Heating & Winter Apparel,416.88,6,2022,6,Jun,6,Monday,0,Summer
2022-06-06,33.2,0.0,50.2,Sunny,Hot Beverages & Soups,369.76,31,2022,6,Jun,6,Monday,0,Summer
2022-06-06,33.2,0.0,50.2,Sunny,Outdoor & Camping Gear,1646.54,20,2022,6,Jun,6,Monday,0,Summer
2022-06-06,33.2,0.0,50.2,Sunny,Rainwear & Umbrellas,927.62,31,2022,6,Jun,6,Monday,0,Summer
2022-06-07,29.4,10.7,60.8,Rainy,Cold Beverages & Ice Cream,905.12,111,2022,6,Jun,7,Tuesday,0,Summer
2022-06-07,29.4,10.7,60.8,Rainy,Heating & Winter Apparel,532.06,8,2022,6,Jun,7,Tuesday,0,Summer
2022-06-07,29.4,10.7,60.8,Rainy,Hot Beverages & Soups,252.45,20,2022,6,Jun,7,Tuesday,0,Summer
2022-06-07,29.4,10.7,60.8,Rainy,Outdoor & Camping Gear,412.94,5,2022,6,Jun,7,Tuesday,0,Summer
2022-06-07,29.4,10.7,60.8,Rainy,Rainwear & Umbrellas,35633.28,1382,2022,6,Jun,7,Tuesday,0,Summer
2022-06-08,24.9,18.8,51.2,Rainy,Cold Beverages & Ice Cream,718.43,80,2022,6,Jun,8,Wednesday,0,Summer
2022-06-08,24.9,18.8,51.2,Rainy,Heating & Winter Apparel,607.12,9,2022,6,Jun,8,Wednesday,0,Summer
2022-06-08,24.9,18.8,51.2,Rainy,Hot Beverages & Soups,577.4,50,2022,6,Jun,8,Wednesday,0,Summer
2022-06-08,24.9,18.8,51.2,Rainy,Outdoor & Camping Gear,1458.13,17,2022,6,Jun,8,Wednesday,0,Summer
2022-06-08,24.9,18.8,51.2,Rainy,Rainwear & Umbrellas,70931.84,2748,2022,6,Jun,8,Wednesday,0,Summer
2022-06-09,30.2,0.0,63.9,Sunny,Cold Beverages & Ice Cream,1633.43,190,2022,6,Jun,9,Thursday,0,Summer
2022-06-09,30.2,0.0,63.9,Sunny,Heating & Winter Apparel,465.47,7,2022,6,Jun,9,Thursday,0,Summer
2022-06-09,30.2,0.0,63.9,Sunny,Hot Beverages & Soups,134.32,12,2022,6,Jun,9,Thursday,0,Summer
2022-06-09,30.2,0.0,63.9,Sunny,Outdoor & Camping Gear,2199.95,25,2022,6,Jun,9,Thursday,0,Summer
2022-06-09,30.2,0.0,63.9,Sunny,Rainwear & Umbrellas,775.17,28,2022,6,Jun,9,Thursday,0,Summer
2022-06-10,25.8,0.0,46.7,Sunny,Cold Beverages & Ice Cream,1209.61,139,2022,6,Jun,10,Friday,0,Summer
2022-06-10,25.8,0.0,46.7,Sunny,Heating & Winter Apparel,309.59,5,2022,6,Jun,10,Friday,0,Summer
2022-06-10,25.8,0.0,46.7,Sunny,Hot Beverages & Soups,245.28,20,2022,6,Jun,10,Friday,0,Summer
2022-06-10,25.8,0.0,46.7,Sunny,Outdoor & Camping Gear,5082.16,61,2022,6,Jun,10,Friday,0,Summer
2022-06-10,25.8,0.0,46.7,Sunny,Rainwear & Umbrellas,664.25,23,2022,6,Jun,10,Friday,0,Summer
2022-06-11,30.8,0.0,49.9,Sunny,Cold Beverages & Ice Cream,1905.07,230,2022,6,Jun,11,Saturday,1,Summer
2022-06-11,30.8,0.0,49.9,Sunny,Heating & Winter Apparel,398.11,6,2022,6,Jun,11,Saturday,1,Summer
2022-06-11,30.8,0.0,49.9,Sunny,Hot Beverages & Soups,192.46,16,2022,6,Jun,11,Saturday,1,Summer
2022-06-11,30.8,0.0,49.9,Sunny,Outdoor & Camping Gear,5131.95,61,2022,6,Jun,11,Saturday,1,Summer
2022-06-11,30.8,0.0,49.9,Sunny,Rainwear & Umbrellas,689.02,26,2022,6,Jun,11,Saturday,1,Summer
2022-06-12,32.0,4.7,52.7,Rainy,Cold Beverages & Ice Cream,1970.86,229,2022,6,Jun,12,Sunday,1,Summer
2022-06-12,32.0,4.7,52.7,Rainy,Heating & Winter Apparel,344.32,5,2022,6,Jun,12,Sunday,1,Summer
2022-06-12,32.0,4.7,52.7,Rainy,Hot Beverages & Soups,407.88,34,2022,6,Jun,12,Sunday,1,Summer
2022-06-12,32.0,4.7,52.7,Rainy,Outdoor & Camping Gear,2538.91,32,2022,6,Jun,12,Sunday,1,Summer
2022-06-12,32.0,4.7,52.7,Rainy,Rainwear & Umbrellas,15072.18,550,2022,6,Jun,12,Sunday,1,Summer
2022-06-13,26.6,0.0,64.5,Sunny,Cold Beverages & Ice Cream,1221.06,144,2022,6,Jun,13,Monday,0,Summer
2022-06-13,26.6,0.0,64.5,Sunny,Heating & Winter Apparel,317.92,5,2022,6,Jun,13,Monday,0,Summer
2022-06-13,26.6,0.0,64.5,Sunny,Hot Beverages & Soups,306.11,26,2022,6,Jun,13,Monday,0,Summer
2022-06-13,26.6,0.0,64.5,Sunny,Outdoor & Camping Gear,3865.79,44,2022,6,Jun,13,Monday,0,Summer
2022-06-13,26.6,0.0,64.5,Sunny,Rainwear & Umbrellas,367.74,13,2022,6,Jun,13,Monday,0,Summer
2022-06-14,31.7,13.4,57.7,Rainy,Cold Beverages & Ice Cream,1073.43,122,2022,6,Jun,14,Tuesday,0,Summer
2022-06-14,31.7,13.4,57.7,Rainy,Heating & Winter Apparel,300.56,5,2022,6,Jun,14,Tuesday,0,Summer
2022-06-14,31.7,13.4,57.7,Rainy,Hot Beverages & Soups,483.59,43,2022,6,Jun,14,Tuesday,0,Summer
2022-06-14,31.7,13.4,57.7,Rainy,Outdoor & Camping Gear,721.58,9,2022,6,Jun,14,Tuesday,0,Summer
2022-06-14,31.7,13.4,57.7,Rainy,Rainwear & Umbrellas,48662.87,1822,2022,6,Jun,14,Tuesday,0,Summer
2022-06-15,30.3,0.0,60.4,Sunny,Cold Beverages & Ice Cream,1320.92,158,2022,6,Jun,15,Wednesday,0,Summer
2022-06-15,30.3,0.0,60.4,Sunny,Heating & Winter Apparel,328.93,5,2022,6,Jun,15,Wednesday,0,Summer
2022-06-15,30.3,0.0,60.4,Sunny,Hot Beverages & Soups,348.93,29,2022,6,Jun,15,Wednesday,0,Summer
2022-06-15,30.3,0.0,60.4,Sunny,Outdoor & Camping Gear,2804.46,34,2022,6,Jun,15,Wednesday,0,Summer
2022-06-15,30.3,0.0,60.4,Sunny,Rainwear & Umbrellas,735.74,25,2022,6,Jun,15,Wednesday,0,Summer
2022-06-16,31.5,7.6,57.2,Rainy,Cold Beverages & Ice Cream,930.76,115,2022,6,Jun,16,Thursday,0,Summer
2022-06-16,31.5,7.6,57.2,Rainy,Heating & Winter Apparel,325.26,5,2022,6,Jun,16,Thursday,0,Summer
2022-06-16,31.5,7.6,57.2,Rainy,Hot Beverages & Soups,358.71,28,2022,6,Jun,16,Thursday,0,Summer
2022-06-16,31.5,7.6,57.2,Rainy,Outdoor & Camping Gear,1616.13,19,2022,6,Jun,16,Thursday,0,Summer
2022-06-16,31.5,7.6,57.2,Rainy,Rainwear & Umbrellas,25042.7,910,2022,6,Jun,16,Thursday,0,Summer
2022-06-17,34.7,0.0,42.1,Sunny,Cold Beverages & Ice Cream,1753.11,223,2022,6,Jun,17,Friday,0,Summer
2022-06-17,34.7,0.0,42.1,Sunny,Heating & Winter Apparel,471.21,7,2022,6,Jun,17,Friday,0,Summer
2022-06-17,34.7,0.0,42.1,Sunny,Hot Beverages & Soups,252.69,21,2022,6,Jun,17,Friday,0,Summer
2022-06-17,34.7,0.0,42.1,Sunny,Outdoor & Camping Gear,1948.77,22,2022,6,Jun,17,Friday,0,Summer
2022-06-17,34.7,0.0,42.1,Sunny,Rainwear & Umbrellas,932.2,34,2022,6,Jun,17,Friday,0,Summer
2022-06-18,28.8,0.0,51.6,Sunny,Cold Beverages & Ice Cream,1624.13,192,2022,6,Jun,18,Saturday,1,Summer
2022-06-18,28.8,0.0,51.6,Sunny,Heating & Winter Apparel,302.69,5,2022,6,Jun,18,Saturday,1,Summer
2022-06-18,28.8,0.0,51.6,Sunny,Hot Beverages & Soups,256.85,22,2022,6,Jun,18,Saturday,1,Summer
2022-06-18,28.8,0.0,51.6,Sunny,Outdoor & Camping Gear,6104.77,73,2022,6,Jun,18,Saturday,1,Summer
2022-06-18,28.8,0.0,51.6,Sunny,Rainwear & Umbrellas,580.34,22,2022,6,Jun,18,Saturday,1,Summer
2022-06-19,27.4,4.6,53.5,Rainy,Cold Beverages & Ice Cream,1688.22,199,2022,6,Jun,19,Sunday,1,Summer
2022-06-19,27.4,4.6,53.5,Rainy,Heating & Winter Apparel,315.86,5,2022,6,Jun,19,Sunday,1,Summer
2022-06-19,27.4,4.6,53.5,Rainy,Hot Beverages & Soups,546.72,43,2022,6,Jun,19,Sunday,1,Summer
2022-06-19,27.4,4.6,53.5,Rainy,Outdoor & Camping Gear,5338.27,60,2022,6,Jun,19,Sunday,1,Summer
2022-06-19,27.4,4.6,53.5,Rainy,Rainwear & Umbrellas,15069.32,557,2022,6,Jun,19,Sunday,1,Summer
2022-06-20,27.2,4.6,47.3,Rainy,Cold Beverages & Ice Cream,1100.97,134,2022,6,Jun,20,Monday,0,Summer
2022-06-20,27.2,4.6,47.3,Rainy,Heating & Winter Apparel,1033.52,16,2022,6,Jun,20,Monday,0,Summer
2022-06-20,27.2,4.6,47.3,Rainy,Hot Beverages & Soups,418.76,37,2022,6,Jun,20,Monday,0,Summer
2022-06-20,27.2,4.6,47.3,Rainy,Outdoor & Camping Gear,3823.21,42,2022,6,Jun,20,Monday,0,Summer
2022-06-20,27.2,4.6,47.3,Rainy,Rainwear & Umbrellas,14284.17,493,2022,6,Jun,20,Monday,0,Summer
2022-06-21,27.5,16.6,64.3,Rainy,Cold Beverages & Ice Cream,917.22,111,2022,6,Jun,21,Tuesday,0,Summer
2022-06-21,27.5,16.6,64.3,Rainy,Heating & Winter Apparel,319.43,5,2022,6,Jun,21,Tuesday,0,Summer
2022-06-21,27.5,16.6,64.3,Rainy,Hot Beverages & Soups,685.45,53,2022,6,Jun,21,Tuesday,0,Summer
2022-06-21,27.5,16.6,64.3,Rainy,Outdoor & Camping Gear,1988.2,22,2022,6,Jun,21,Tuesday,0,Summer
2022-06-21,27.5,16.6,64.3,Rainy,Rainwear & Umbrellas,70918.13,2367,2022,6,Jun,21,Tuesday,0,Summer
2022-06-22,29.6,0.0,50.5,Sunny,Cold Beverages & Ice Cream,1433.82,166,2022,6,Jun,22,Wednesday,0,Summer
2022-06-22,29.6,0.0,50.5,Sunny,Heating & Winter Apparel,884.21,14,2022,6,Jun,22,Wednesday,0,Summer
2022-06-22,29.6,0.0,50.5,Sunny,Hot Beverages & Soups,359.68,29,2022,6,Jun,22,Wednesday,0,Summer
2022-06-22,29.6,0.0,50.5,Sunny,Outdoor & Camping Gear,4704.38,53,2022,6,Jun,22,Wednesday,0,Summer
2022-06-22,29.6,0.0,50.5,Sunny,Rainwear & Umbrellas,674.08,25,2022,6,Jun,22,Wednesday,0,Summer
2022-06-23,30.9,0.0,53.5,Sunny,Cold Beverages & Ice Cream,1584.74,187,2022,6,Jun,23,Thursday,0,Summer
2022-06-23,30.9,0.0,53.5,Sunny,Heating & Winter Apparel,317.47,5,2022,6,Jun,23,Thursday,0,Summer
2022-06-23,30.9,0.0,53.5,Sunny,Hot Beverages & Soups,159.89,14,2022,6,Jun,23,Thursday,0,Summer
2022-06-23,30.9,0.0,53.5,Sunny,Outdoor & Camping Gear,3854.35,46,2022,6,Jun,23,Thursday,0,Summer
2022-06-23,30.9,0.0,53.5,Sunny,Rainwear & Umbrellas,1052.39,35,2022,6,Jun,23,Thursday,0,Summer
2022-06-24,30.8,6.6,55.4,Rainy,Cold Beverages & Ice Cream,856.01,100,2022,6,Jun,24,Friday,0,Summer
2022-06-24,30.8,6.6,55.4,Rainy,Heating & Winter Apparel,767.74,12,2022,6,Jun,24,Friday,0,Summer
2022-06-24,30.8,6.6,55.4,Rainy,Hot Beverages & Soups,241.67,20,2022,6,Jun,24,Friday,0,Summer
2022-06-24,30.8,6.6,55.4,Rainy,Outdoor & Camping Gear,1529.5,19,2022,6,Jun,24,Friday,0,Summer
2022-06-24,30.8,6.6,55.4,Rainy,Rainwear & Umbrellas,21210.67,758,2022,6,Jun,24,Friday,0,Summer
2022-06-25,32.4,0.0,45.0,Sunny,Cold Beverages & Ice Cream,2345.56,259,2022,6,Jun,25,Saturday,1,Summer
2022-06-25,32.4,0.0,45.0,Sunny,Heating & Winter Apparel,375.71,6,2022,6,Jun,25,Saturday,1,Summer
2022-06-25,32.4,0.0,45.0,Sunny,Hot Beverages & Soups,481.65,41,2022,6,Jun,25,Saturday,1,Summer
2022-06-25,32.4,0.0,45.0,Sunny,Outdoor & Camping Gear,3141.13,39,2022,6,Jun,25,Saturday,1,Summer
2022-06-25,32.4,0.0,45.0,Sunny,Rainwear & Umbrellas,931.89,31,2022,6,Jun,25,Saturday,1,Summer
2022-06-26,30.2,0.0,55.1,Sunny,Cold Beverages & Ice Cream,1859.55,207,2022,6,Jun,26,Sunday,1,Summer
2022-06-26,30.2,0.0,55.1,Sunny,Heating & Winter Apparel,359.16,6,2022,6,Jun,26,Sunday,1,Summer
2022-06-26,30.2,0.0,55.1,Sunny,Hot Beverages & Soups,255.33,23,2022,6,Jun,26,Sunday,1,Summer
2022-06-26,30.2,0.0,55.1,Sunny,Outdoor & Camping Gear,4149.02,51,2022,6,Jun,26,Sunday,1,Summer
2022-06-26,30.2,0.0,55.1,Sunny,Rainwear & Umbrellas,693.04,26,2022,6,Jun,26,Sunday,1,Summer
2022-06-27,34.3,0.0,44.4,Sunny,Cold Beverages & Ice Cream,1966.51,234,2022,6,Jun,27,Monday,0,Summer
2022-06-27,34.3,0.0,44.4,Sunny,Heating & Winter Apparel,627.49,9,2022,6,Jun,27,Monday,0,Summer
2022-06-27,34.3,0.0,44.4,Sunny,Hot Beverages & Soups,209.75,17,2022,6,Jun,27,Monday,0,Summer
2022-06-27,34.3,0.0,44.4,Sunny,Outdoor & Camping Gear,1955.02,25,2022,6,Jun,27,Monday,0,Summer
2022-06-27,34.3,0.0,44.4,Sunny,Rainwear & Umbrellas,664.82,23,2022,6,Jun,27,Monday,0,Summer
2022-06-28,29.6,0.0,30.2,Sunny,Cold Beverages & Ice Cream,1358.91,171,2022,6,Jun,28,Tuesday,0,Summer
2022-06-28,29.6,0.0,30.2,Sunny,Heating & Winter Apparel,906.55,14,2022,6,Jun,28,Tuesday,0,Summer
2022-06-28,29.6,0.0,30.2,Sunny,Hot Beverages & Soups,348.84,28,2022,6,Jun,28,Tuesday,0,Summer
2022-06-28,29.6,0.0,30.2,Sunny,Outdoor & Camping Gear,3915.6,43,2022,6,Jun,28,Tuesday,0,Summer
2022-06-28,29.6,0.0,30.2,Sunny,Rainwear & Umbrellas,707.9,25,2022,6,Jun,28,Tuesday,0,Summer
2022-06-29,38.0,11.5,55.3,Rainy,Cold Beverages & Ice Cream,1463.28,161,2022,6,Jun,29,Wednesday,0,Summer
2022-06-29,38.0,11.5,55.3,Rainy,Heating & Winter Apparel,302.34,5,2022,6,Jun,29,Wednesday,0,Summer
2022-06-29,38.0,11.5,55.3,Rainy,Hot Beverages & Soups,407.85,33,2022,6,Jun,29,Wednesday,0,Summer
2022-06-29,38.0,11.5,55.3,Rainy,Outdoor & Camping Gear,637.08,7,2022,6,Jun,29,Wednesday,0,Summer
2022-06-29,38.0,11.5,55.3,Rainy,Rainwear & Umbrellas,44020.23,1502,2022,6,Jun,29,Wednesday,0,Summer
2022-06-30,32.2,0.0,45.7,Sunny,Cold Beverages & Ice Cream,1595.73,193,2022,6,Jun,30,Thursday,0,Summer
2022-06-30,32.2,0.0,45.7,Sunny,Heating & Winter Apparel,345.3,5,2022,6,Jun,30,Thursday,0,Summer
2022-06-30,32.2,0.0,45.7,Sunny,Hot Beverages & Soups,289.7,24,2022,6,Jun,30,Thursday,0,Summer
2022-06-30,32.2,0.0,45.7,Sunny,Outdoor & Camping Gear,3979.03,44,2022,6,Jun,30,Thursday,0,Summer
2022-06-30,32.2,0.0,45.7,Sunny,Rainwear & Umbrellas,808.6,30,2022,6,Jun,30,Thursday,0,Summer
2022-07-01,28.1,0.0,53.4,Sunny,Cold Beverages & Ice Cream,1318.06,158,2022,7,Jul,1,Friday,0,Summer
2022-07-01,28.1,0.0,53.4,Sunny,Heating & Winter Apparel,299.98,5,2022,7,Jul,1,Friday,0,Summer
2022-07-01,28.1,0.0,53.4,Sunny,Hot Beverages & Soups,259.33,23,2022,7,Jul,1,Friday,0,Summer
2022-07-01,28.1,0.0,53.4,Sunny,Outdoor & Camping Gear,5158.0,62,2022,7,Jul,1,Friday,0,Summer
2022-07-01,28.1,0.0,53.4,Sunny,Rainwear & Umbrellas,1047.1,35,2022,7,Jul,1,Friday,0,Summer
2022-07-02,27.6,55.6,98.5,Stormy,Cold Beverages & Ice Cream,1033.49,118,2022,7,Jul,2,Saturday,1,Summer
2022-07-02,27.6,55.6,98.5,Stormy,Heating & Winter Apparel,322.41,5,2022,7,Jul,2,Saturday,1,Summer
2022-07-02,27.6,55.6,98.5,Stormy,Hot Beverages & Soups,397.21,34,2022,7,Jul,2,Saturday,1,Summer
2022-07-02,27.6,55.6,98.5,Stormy,Outdoor & Camping Gear,1528.17,18,2022,7,Jul,2,Saturday,1,Summer
2022-07-02,27.6,55.6,98.5,Stormy,Rainwear & Umbrellas,338983.43,11724,2022,7,Jul,2,Saturday,1,Summer
2022-07-03,32.0,0.0,62.6,Sunny,Cold Beverages & Ice Cream,2030.88,251,2022,7,Jul,3,Sunday,1,Summer
2022-07-03,32.0,0.0,62.6,Sunny,Heating & Winter Apparel,311.59,5,2022,7,Jul,3,Sunday,1,Summer
2022-07-03,32.0,0.0,62.6,Sunny,Hot Beverages & Soups,367.69,30,2022,7,Jul,3,Sunday,1,Summer
2022-07-03,32.0,0.0,62.6,Sunny,Outdoor & Camping Gear,3884.56,47,2022,7,Jul,3,Sunday,1,Summer
2022-07-03,32.0,0.0,62.6,Sunny,Rainwear & Umbrellas,725.58,27,2022,7,Jul,3,Sunday,1,Summer
2022-07-04,30.1,0.0,49.1,Sunny,Cold Beverages & Ice Cream,1415.36,177,2022,7,Jul,4,Monday,0,Summer
2022-07-04,30.1,0.0,49.1,Sunny,Heating & Winter Apparel,313.57,5,2022,7,Jul,4,Monday,0,Summer
2022-07-04,30.1,0.0,49.1,Sunny,Hot Beverages & Soups,238.22,20,2022,7,Jul,4,Monday,0,Summer
2022-07-04,30.1,0.0,49.1,Sunny,Outdoor & Camping Gear,3479.81,39,2022,7,Jul,4,Monday,0,Summer
2022-07-04,30.1,0.0,49.1,Sunny,Rainwear & Umbrellas,1029.5,36,2022,7,Jul,4,Monday,0,Summer
2022-07-05,32.7,0.0,43.7,Sunny,Cold Beverages & Ice Cream,1611.74,201,2022,7,Jul,5,Tuesday,0,Summer
2022-07-05,32.7,0.0,43.7,Sunny,Heating & Winter Apparel,314.09,5,2022,7,Jul,5,Tuesday,0,Summer
2022-07-05,32.7,0.0,43.7,Sunny,Hot Beverages & Soups,204.71,17,2022,7,Jul,5,Tuesday,0,Summer
2022-07-05,32.7,0.0,43.7,Sunny,Outdoor & Camping Gear,2897.01,35,2022,7,Jul,5,Tuesday,0,Summer
2022-07-05,32.7,0.0,43.7,Sunny,Rainwear & Umbrellas,517.2,18,2022,7,Jul,5,Tuesday,0,Summer
2022-07-06,32.1,0.0,53.2,Sunny,Cold Beverages & Ice Cream,1506.42,190,2022,7,Jul,6,Wednesday,0,Summer
2022-07-06,32.1,0.0,53.2,Sunny,Heating & Winter Apparel,478.32,7,2022,7,Jul,6,Wednesday,0,Summer
2022-07-06,32.1,0.0,53.2,Sunny,Hot Beverages & Soups,296.06,25,2022,7,Jul,6,Wednesday,0,Summer
2022-07-06,32.1,0.0,53.2,Sunny,Outdoor & Camping Gear,2601.59,29,2022,7,Jul,6,Wednesday,0,Summer
2022-07-06,32.1,0.0,53.2,Sunny,Rainwear & Umbrellas,653.87,25,2022,7,Jul,6,Wednesday,0,Summer
2022-07-07,30.6,15.9,57.9,Rainy,Cold Beverages & Ice Cream,1088.05,130,2022,7,Jul,7,Thursday,0,Summer
2022-07-07,30.6,15.9,57.9,Rainy,Heating & Winter Apparel,344.54,5,2022,7,Jul,7,Thursday,0,Summer
2022-07-07,30.6,15.9,57.9,Rainy,Hot Beverages & Soups,411.19,34,2022,7,Jul,7,Thursday,0,Summer
2022-07-07,30.6,15.9,57.9,Rainy,Outdoor & Camping Gear,814.23,9,2022,7,Jul,7,Thursday,0,Summer
2022-07-07,30.6,15.9,57.9,Rainy,Rainwear & Umbrellas,63048.27,2238,2022,7,Jul,7,Thursday,0,Summer
2022-07-08,28.5,0.0,53.3,Sunny,Cold Beverages & Ice Cream,1290.98,152,2022,7,Jul,8,Friday,0,Summer
2022-07-08,28.5,0.0,53.3,Sunny,Heating & Winter Apparel,317.27,5,2022,7,Jul,8,Friday,0,Summer
2022-07-08,28.5,0.0,53.3,Sunny,Hot Beverages & Soups,265.97,21,2022,7,Jul,8,Friday,0,Summer
2022-07-08,28.5,0.0,53.3,Sunny,Outdoor & Camping Gear,3918.38,48,2022,7,Jul,8,Friday,0,Summer
2022-07-08,28.5,0.0,53.3,Sunny,Rainwear & Umbrellas,923.39,35,2022,7,Jul,8,Friday,0,Summer
2022-07-09,26.6,0.0,47.3,Sunny,Cold Beverages & Ice Cream,1423.36,174,2022,7,Jul,9,Saturday,1,Summer
2022-07-09,26.6,0.0,47.3,Sunny,Heating & Winter Apparel,309.9,5,2022,7,Jul,9,Saturday,1,Summer
2022-07-09,26.6,0.0,47.3,Sunny,Hot Beverages & Soups,481.6,41,2022,7,Jul,9,Saturday,1,Summer
2022-07-09,26.6,0.0,47.3,Sunny,Outdoor & Camping Gear,8013.94,91,2022,7,Jul,9,Saturday,1,Summer
2022-07-09,26.6,0.0,47.3,Sunny,Rainwear & Umbrellas,593.2,21,2022,7,Jul,9,Saturday,1,Summer
2022-07-10,29.7,30.1,71.5,Rainy,Cold Beverages & Ice Cream,1168.03,139,2022,7,Jul,10,Sunday,1,Summer
2022-07-10,29.7,30.1,71.5,Rainy,Heating & Winter Apparel,336.26,5,2022,7,Jul,10,Sunday,1,Summer
2022-07-10,29.7,30.1,71.5,Rainy,Hot Beverages & Soups,558.11,49,2022,7,Jul,10,Sunday,1,Summer
2022-07-10,29.7,30.1,71.5,Rainy,Outdoor & Camping Gear,438.31,5,2022,7,Jul,10,Sunday,1,Summer
2022-07-10,29.7,30.1,71.5,Rainy,Rainwear & Umbrellas,160219.78,5452,2022,7,Jul,10,Sunday,1,Summer
2022-07-11,33.3,16.5,54.3,Rainy,Cold Beverages & Ice Cream,1260.19,151,2022,7,Jul,11,Monday,0,Summer
2022-07-11,33.3,16.5,54.3,Rainy,Heating & Winter Apparel,342.86,5,2022,7,Jul,11,Monday,0,Summer
2022-07-11,33.3,16.5,54.3,Rainy,Hot Beverages & Soups,490.73,38,2022,7,Jul,11,Monday,0,Summer
2022-07-11,33.3,16.5,54.3,Rainy,Outdoor & Camping Gear,1454.6,17,2022,7,Jul,11,Monday,0,Summer
2022-07-11,33.3,16.5,54.3,Rainy,Rainwear & Umbrellas,63670.25,2345,2022,7,Jul,11,Monday,0,Summer
2022-07-12,31.6,0.0,57.3,Sunny,Cold Beverages & Ice Cream,1734.02,193,2022,7,Jul,12,Tuesday,0,Summer
2022-07-12,31.6,0.0,57.3,Sunny,Heating & Winter Apparel,430.44,7,2022,7,Jul,12,Tuesday,0,Summer
2022-07-12,31.6,0.0,57.3,Sunny,Hot Beverages & Soups,360.18,32,2022,7,Jul,12,Tuesday,0,Summer
2022-07-12,31.6,0.0,57.3,Sunny,Outdoor & Camping Gear,2219.39,28,2022,7,Jul,12,Tuesday,0,Summer
2022-07-12,31.6,0.0,57.3,Sunny,Rainwear & Umbrellas,799.9,30,2022,7,Jul,12,Tuesday,0,Summer
2022-07-13,27.5,0.0,47.4,Sunny,Cold Beverages & Ice Cream,1338.3,149,2022,7,Jul,13,Wednesday,0,Summer
2022-07-13,27.5,0.0,47.4,Sunny,Heating & Winter Apparel,326.63,5,2022,7,Jul,13,Wednesday,0,Summer
2022-07-13,27.5,0.0,47.4,Sunny,Hot Beverages & Soups,328.49,26,2022,7,Jul,13,Wednesday,0,Summer
2022-07-13,27.5,0.0,47.4,Sunny,Outdoor & Camping Gear,4168.44,49,2022,7,Jul,13,Wednesday,0,Summer
2022-07-13,27.5,0.0,47.4,Sunny,Rainwear & Umbrellas,994.98,36,2022,7,Jul,13,Wednesday,0,Summer
2022-07-14,31.5,0.0,53.9,Sunny,Cold Beverages & Ice Cream,1661.86,193,2022,7,Jul,14,Thursday,0,Summer
2022-07-14,31.5,0.0,53.9,Sunny,Heating & Winter Apparel,445.97,7,2022,7,Jul,14,Thursday,0,Summer
2022-07-14,31.5,0.0,53.9,Sunny,Hot Beverages & Soups,363.63,29,2022,7,Jul,14,Thursday,0,Summer
2022-07-14,31.5,0.0,53.9,Sunny,Outdoor & Camping Gear,2072.71,23,2022,7,Jul,14,Thursday,0,Summer
2022-07-14,31.5,0.0,53.9,Sunny,Rainwear & Umbrellas,800.24,29,2022,7,Jul,14,Thursday,0,Summer
2022-07-15,32.1,14.4,50.5,Rainy,Cold Beverages & Ice Cream,931.67,109,2022,7,Jul,15,Friday,0,Summer
2022-07-15,32.1,14.4,50.5,Rainy,Heating & Winter Apparel,658.86,11,2022,7,Jul,15,Friday,0,Summer
2022-07-15,32.1,14.4,50.5,Rainy,Hot Beverages & Soups,374.93,31,2022,7,Jul,15,Friday,0,Summer
2022-07-15,32.1,14.4,50.5,Rainy,Outdoor & Camping Gear,391.55,5,2022,7,Jul,15,Friday,0,Summer
2022-07-15,32.1,14.4,50.5,Rainy,Rainwear & Umbrellas,59363.78,1978,2022,7,Jul,15,Friday,0,Summer
2022-07-16,28.5,17.6,67.3,Rainy,Cold Beverages & Ice Cream,918.53,117,2022,7,Jul,16,Saturday,1,Summer
2022-07-16,28.5,17.6,67.3,Rainy,Heating & Winter Apparel,326.81,5,2022,7,Jul,16,Saturday,1,Summer
2022-07-16,28.5,17.6,67.3,Rainy,Hot Beverages & Soups,222.46,18,2022,7,Jul,16,Saturday,1,Summer
2022-07-16,28.5,17.6,67.3,Rainy,Outdoor & Camping Gear,402.37,5,2022,7,Jul,16,Saturday,1,Summer
2022-07-16,28.5,17.6,67.3,Rainy,Rainwear & Umbrellas,76065.38,2806,2022,7,Jul,16,Saturday,1,Summer
2022-07-17,31.4,10.8,50.4,Rainy,Cold Beverages & Ice Cream,1189.29,147,2022,7,Jul,17,Sunday,1,Summer
2022-07-17,31.4,10.8,50.4,Rainy,Heating & Winter Apparel,330.11,5,2022,7,Jul,17,Sunday,1,Summer
2022-07-17,31.4,10.8,50.4,Rainy,Hot Beverages & Soups,394.5,32,2022,7,Jul,17,Sunday,1,Summer
2022-07-17,31.4,10.8,50.4,Rainy,Outdoor & Camping Gear,870.8,11,2022,7,Jul,17,Sunday,1,Summer
2022-07-17,31.4,10.8,50.4,Rainy,Rainwear & Umbrellas,44726.28,1535,2022,7,Jul,17,Sunday,1,Summer
2022-07-18,31.2,0.0,51.4,Sunny,Cold Beverages & Ice Cream,1585.42,186,2022,7,Jul,18,Monday,0,Summer
2022-07-18,31.2,0.0,51.4,Sunny,Heating & Winter Apparel,342.9,5,2022,7,Jul,18,Monday,0,Summer
2022-07-18,31.2,0.0,51.4,Sunny,Hot Beverages & Soups,140.96,11,2022,7,Jul,18,Monday,0,Summer
2022-07-18,31.2,0.0,51.4,Sunny,Outdoor & Camping Gear,3826.51,42,2022,7,Jul,18,Monday,0,Summer
2022-07-18,31.2,0.0,51.4,Sunny,Rainwear & Umbrellas,1047.26,38,2022,7,Jul,18,Monday,0,Summer
2022-07-19,27.8,16.8,68.7,Rainy,Cold Beverages & Ice Cream,882.85,105,2022,7,Jul,19,Tuesday,0,Summer
2022-07-19,27.8,16.8,68.7,Rainy,Heating & Winter Apparel,336.73,5,2022,7,Jul,19,Tuesday,0,Summer
2022-07-19,27.8,16.8,68.7,Rainy,Hot Beverages & Soups,421.9,37,2022,7,Jul,19,Tuesday,0,Summer
2022-07-19,27.8,16.8,68.7,Rainy,Outdoor & Camping Gear,411.15,5,2022,7,Jul,19,Tuesday,0,Summer
2022-07-19,27.8,16.8,68.7,Rainy,Rainwear & Umbrellas,69593.88,2408,2022,7,Jul,19,Tuesday,0,Summer
2022-07-20,32.0,0.0,48.1,Sunny,Cold Beverages & Ice Cream,1472.99,185,2022,7,Jul,20,Wednesday,0,Summer
2022-07-20,32.0,0.0,48.1,Sunny,Heating & Winter Apparel,315.57,5,2022,7,Jul,20,Wednesday,0,Summer
2022-07-20,32.0,0.0,48.1,Sunny,Hot Beverages & Soups,333.38,29,2022,7,Jul,20,Wednesday,0,Summer
2022-07-20,32.0,0.0,48.1,Sunny,Outdoor & Camping Gear,1096.8,12,2022,7,Jul,20,Wednesday,0,Summer
2022-07-20,32.0,0.0,48.1,Sunny,Rainwear & Umbrellas,571.11,22,2022,7,Jul,20,Wednesday,0,Summer
2022-07-21,32.5,0.0,42.5,Sunny,Cold Beverages & Ice Cream,1778.73,211,2022,7,Jul,21,Thursday,0,Summer
2022-07-21,32.5,0.0,42.5,Sunny,Heating & Winter Apparel,333.48,5,2022,7,Jul,21,Thursday,0,Summer
2022-07-21,32.5,0.0,42.5,Sunny,Hot Beverages & Soups,193.85,17,2022,7,Jul,21,Thursday,0,Summer
2022-07-21,32.5,0.0,42.5,Sunny,Outdoor & Camping Gear,1891.04,21,2022,7,Jul,21,Thursday,0,Summer
2022-07-21,32.5,0.0,42.5,Sunny,Rainwear & Umbrellas,799.48,27,2022,7,Jul,21,Thursday,0,Summer
2022-07-22,34.0,0.0,51.8,Sunny,Cold Beverages & Ice Cream,1804.76,230,2022,7,Jul,22,Friday,0,Summer
2022-07-22,34.0,0.0,51.8,Sunny,Heating & Winter Apparel,317.73,5,2022,7,Jul,22,Friday,0,Summer
2022-07-22,34.0,0.0,51.8,Sunny,Hot Beverages & Soups,199.24,16,2022,7,Jul,22,Friday,0,Summer
2022-07-22,34.0,0.0,51.8,Sunny,Outdoor & Camping Gear,1725.02,19,2022,7,Jul,22,Friday,0,Summer
2022-07-22,34.0,0.0,51.8,Sunny,Rainwear & Umbrellas,991.21,33,2022,7,Jul,22,Friday,0,Summer
2022-07-23,33.9,15.0,52.9,Rainy,Cold Beverages & Ice Cream,1555.25,184,2022,7,Jul,23,Saturday,1,Summer
2022-07-23,33.9,15.0,52.9,Rainy,Heating & Winter Apparel,487.74,8,2022,7,Jul,23,Saturday,1,Summer
2022-07-23,33.9,15.0,52.9,Rainy,Hot Beverages & Soups,537.56,47,2022,7,Jul,23,Saturday,1,Summer
2022-07-23,33.9,15.0,52.9,Rainy,Outdoor & Camping Gear,398.21,5,2022,7,Jul,23,Saturday,1,Summer
2022-07-23,33.9,15.0,52.9,Rainy,Rainwear & Umbrellas,68768.81,2302,2022,7,Jul,23,Saturday,1,Summer
2022-07-24,27.0,0.0,48.8,Sunny,Cold Beverages & Ice Cream,1622.33,182,2022,7,Jul,24,Sunday,1,Summer
2022-07-24,27.0,0.0,48.8,Sunny,Heating & Winter Apparel,452.4,7,2022,7,Jul,24,Sunday,1,Summer
2022-07-24,27.0,0.0,48.8,Sunny,Hot Beverages & Soups,242.56,19,2022,7,Jul,24,Sunday,1,Summer
2022-07-24,27.0,0.0,48.8,Sunny,Outdoor & Camping Gear,5142.24,62,2022,7,Jul,24,Sunday,1,Summer
2022-07-24,27.0,0.0,48.8,Sunny,Rainwear & Umbrellas,700.77,27,2022,7,Jul,24,Sunday,1,Summer
2022-07-25,28.2,16.8,63.6,Rainy,Cold Beverages & Ice Cream,747.44,88,2022,7,Jul,25,Monday,0,Summer
2022-07-25,28.2,16.8,63.6,Rainy,Heating & Winter Apparel,764.77,12,2022,7,Jul,25,Monday,0,Summer
2022-07-25,28.2,16.8,63.6,Rainy,Hot Beverages & Soups,435.19,38,2022,7,Jul,25,Monday,0,Summer
2022-07-25,28.2,16.8,63.6,Rainy,Outdoor & Camping Gear,908.35,10,2022,7,Jul,25,Monday,0,Summer
2022-07-25,28.2,16.8,63.6,Rainy,Rainwear & Umbrellas,67519.55,2405,2022,7,Jul,25,Monday,0,Summer
2022-07-26,32.3,0.0,58.1,Sunny,Cold Beverages & Ice Cream,1625.87,188,2022,7,Jul,26,Tuesday,0,Summer
2022-07-26,32.3,0.0,58.1,Sunny,Heating & Winter Apparel,555.89,9,2022,7,Jul,26,Tuesday,0,Summer
2022-07-26,32.3,0.0,58.1,Sunny,Hot Beverages & Soups,278.24,24,2022,7,Jul,26,Tuesday,0,Summer
2022-07-26,32.3,0.0,58.1,Sunny,Outdoor & Camping Gear,1426.17,18,2022,7,Jul,26,Tuesday,0,Summer
2022-07-26,32.3,0.0,58.1,Sunny,Rainwear & Umbrellas,703.62,25,2022,7,Jul,26,Tuesday,0,Summer
2022-07-27,32.2,0.0,49.5,Sunny,Cold Beverages & Ice Cream,1784.73,211,2022,7,Jul,27,Wednesday,0,Summer
2022-07-27,32.2,0.0,49.5,Sunny,Heating & Winter Apparel,302.89,5,2022,7,Jul,27,Wednesday,0,Summer
2022-07-27,32.2,0.0,49.5,Sunny,Hot Beverages & Soups,306.78,26,2022,7,Jul,27,Wednesday,0,Summer
2022-07-27,32.2,0.0,49.5,Sunny,Outdoor & Camping Gear,2794.74,32,2022,7,Jul,27,Wednesday,0,Summer
2022-07-27,32.2,0.0,49.5,Sunny,Rainwear & Umbrellas,952.14,35,2022,7,Jul,27,Wednesday,0,Summer
2022-07-28,32.2,0.0,49.5,Sunny,Cold Beverages & Ice Cream,1637.38,206,2022,7,Jul,28,Thursday,0,Summer
2022-07-28,32.2,0.0,49.5,Sunny,Heating & Winter Apparel,949.96,14,2022,7,Jul,28,Thursday,0,Summer
2022-07-28,32.2,0.0,49.5,Sunny,Hot Beverages & Soups,310.53,24,2022,7,Jul,28,Thursday,0,Summer
2022-07-28,32.2,0.0,49.5,Sunny,Outdoor & Camping Gear,2600.59,31,2022,7,Jul,28,Thursday,0,Summer
2022-07-28,32.2,0.0,49.5,Sunny,Rainwear & Umbrellas,679.52,23,2022,7,Jul,28,Thursday,0,Summer
2022-07-29,41.5,0.0,50.4,Sunny,Cold Beverages & Ice Cream,2399.12,305,2022,7,Jul,29,Friday,0,Summer
2022-07-29,41.5,0.0,50.4,Sunny,Heating & Winter Apparel,306.57,5,2022,7,Jul,29,Friday,0,Summer
2022-07-29,41.5,0.0,50.4,Sunny,Hot Beverages & Soups,175.56,15,2022,7,Jul,29,Friday,0,Summer
2022-07-29,41.5,0.0,50.4,Sunny,Outdoor & Camping Gear,398.3,5,2022,7,Jul,29,Friday,0,Summer
2022-07-29,41.5,0.0,50.4,Sunny,Rainwear & Umbrellas,737.61,27,2022,7,Jul,29,Friday,0,Summer
2022-07-30,32.3,5.6,53.2,Rainy,Cold Beverages & Ice Cream,1458.89,160,2022,7,Jul,30,Saturday,1,Summer
2022-07-30,32.3,5.6,53.2,Rainy,Heating & Winter Apparel,988.54,15,2022,7,Jul,30,Saturday,1,Summer
2022-07-30,32.3,5.6,53.2,Rainy,Hot Beverages & Soups,427.96,38,2022,7,Jul,30,Saturday,1,Summer
2022-07-30,32.3,5.6,53.2,Rainy,Outdoor & Camping Gear,2628.59,33,2022,7,Jul,30,Saturday,1,Summer
2022-07-30,32.3,5.6,53.2,Rainy,Rainwear & Umbrellas,20595.15,699,2022,7,Jul,30,Saturday,1,Summer
2022-07-31,33.8,0.0,52.8,Sunny,Cold Beverages & Ice Cream,2408.24,269,2022,7,Jul,31,Sunday,1,Summer
2022-07-31,33.8,0.0,52.8,Sunny,Heating & Winter Apparel,324.8,5,2022,7,Jul,31,Sunday,1,Summer
2022-07-31,33.8,0.0,52.8,Sunny,Hot Beverages & Soups,398.16,33,2022,7,Jul,31,Sunday,1,Summer
2022-07-31,33.8,0.0,52.8,Sunny,Outdoor & Camping Gear,3251.43,36,2022,7,Jul,31,Sunday,1,Summer
2022-07-31,33.8,0.0,52.8,Sunny,Rainwear & Umbrellas,659.01,24,2022,7,Jul,31,Sunday,1,Summer
2022-08-01,33.2,0.0,55.9,Sunny,Cold Beverages & Ice Cream,1623.69,204,2022,8,Aug,1,Monday,0,Summer
2022-08-01,33.2,0.0,55.9,Sunny,Heating & Winter Apparel,327.48,5,2022,8,Aug,1,Monday,0,Summer
2022-08-01,33.2,0.0,55.9,Sunny,Hot Beverages & Soups,379.38,34,2022,8,Aug,1,Monday,0,Summer
2022-08-01,33.2,0.0,55.9,Sunny,Outdoor & Camping Gear,1671.31,19,2022,8,Aug,1,Monday,0,Summer
2022-08-01,33.2,0.0,55.9,Sunny,Rainwear & Umbrellas,654.5,24,2022,8,Aug,1,Monday,0,Summer
2022-08-02,32.3,22.4,61.7,Rainy,Cold Beverages & Ice Cream,953.97,119,2022,8,Aug,2,Tuesday,0,Summer
2022-08-02,32.3,22.4,61.7,Rainy,Heating & Winter Apparel,742.34,11,2022,8,Aug,2,Tuesday,0,Summer
2022-08-02,32.3,22.4,61.7,Rainy,Hot Beverages & Soups,342.8,29,2022,8,Aug,2,Tuesday,0,Summer
2022-08-02,32.3,22.4,61.7,Rainy,Outdoor & Camping Gear,399.69,5,2022,8,Aug,2,Tuesday,0,Summer
2022-08-02,32.3,22.4,61.7,Rainy,Rainwear & Umbrellas,94067.61,3439,2022,8,Aug,2,Tuesday,0,Summer
2022-08-03,29.5,12.9,37.5,Rainy,Cold Beverages & Ice Cream,774.75,93,2022,8,Aug,3,Wednesday,0,Summer
2022-08-03,29.5,12.9,37.5,Rainy,Heating & Winter Apparel,301.28,5,2022,8,Aug,3,Wednesday,0,Summer
2022-08-03,29.5,12.9,37.5,Rainy,Hot Beverages & Soups,335.88,28,2022,8,Aug,3,Wednesday,0,Summer
2022-08-03,29.5,12.9,37.5,Rainy,Outdoor & Camping Gear,392.3,5,2022,8,Aug,3,Wednesday,0,Summer
2022-08-03,29.5,12.9,37.5,Rainy,Rainwear & Umbrellas,47625.8,1729,2022,8,Aug,3,Wednesday,0,Summer
2022-08-04,32.5,0.0,43.9,Sunny,Cold Beverages & Ice Cream,1776.64,204,2022,8,Aug,4,Thursday,0,Summer
2022-08-04,32.5,0.0,43.9,Sunny,Heating & Winter Apparel,622.76,9,2022,8,Aug,4,Thursday,0,Summer
2022-08-04,32.5,0.0,43.9,Sunny,Hot Beverages & Soups,359.63,30,2022,8,Aug,4,Thursday,0,Summer
2022-08-04,32.5,0.0,43.9,Sunny,Outdoor & Camping Gear,2609.58,32,2022,8,Aug,4,Thursday,0,Summer
2022-08-04,32.5,0.0,43.9,Sunny,Rainwear & Umbrellas,747.04,28,2022,8,Aug,4,Thursday,0,Summer
2022-08-05,28.1,0.0,58.8,Sunny,Cold Beverages & Ice Cream,1409.99,155,2022,8,Aug,5,Friday,0,Summer
2022-08-05,28.1,0.0,58.8,Sunny,Heating & Winter Apparel,316.18,5,2022,8,Aug,5,Friday,0,Summer
2022-08-05,28.1,0.0,58.8,Sunny,Hot Beverages & Soups,385.23,31,2022,8,Aug,5,Friday,0,Summer
2022-08-05,28.1,0.0,58.8,Sunny,Outdoor & Camping Gear,3339.97,40,2022,8,Aug,5,Friday,0,Summer
2022-08-05,28.1,0.0,58.8,Sunny,Rainwear & Umbrellas,599.85,23,2022,8,Aug,5,Friday,0,Summer
2022-08-06,29.5,0.0,50.2,Sunny,Cold Beverages & Ice Cream,1907.16,221,2022,8,Aug,6,Saturday,1,Summer
2022-08-06,29.5,0.0,50.2,Sunny,Heating & Winter Apparel,695.38,10,2022,8,Aug,6,Saturday,1,Summer
2022-08-06,29.5,0.0,50.2,Sunny,Hot Beverages & Soups,272.25,22,2022,8,Aug,6,Saturday,1,Summer
2022-08-06,29.5,0.0,50.2,Sunny,Outdoor & Camping Gear,4045.26,50,2022,8,Aug,6,Saturday,1,Summer
2022-08-06,29.5,0.0,50.2,Sunny,Rainwear & Umbrellas,655.84,25,2022,8,Aug,6,Saturday,1,Summer
2022-08-07,28.8,3.6,50.8,Rainy,Cold Beverages & Ice Cream,1546.33,197,2022,8,Aug,7,Sunday,1,Summer
2022-08-07,28.8,3.6,50.8,Rainy,Heating & Winter Apparel,653.2,10,2022,8,Aug,7,Sunday,1,Summer
2022-08-07,28.8,3.6,50.8,Rainy,Hot Beverages & Soups,466.77,39,2022,8,Aug,7,Sunday,1,Summer
2022-08-07,28.8,3.6,50.8,Rainy,Outdoor & Camping Gear,4082.62,49,2022,8,Aug,7,Sunday,1,Summer
2022-08-07,28.8,3.6,50.8,Rainy,Rainwear & Umbrellas,10461.78,397,2022,8,Aug,7,Sunday,1,Summer
2022-08-08,30.3,6.8,62.1,Rainy,Cold Beverages & Ice Cream,1034.66,120,2022,8,Aug,8,Monday,0,Summer
2022-08-08,30.3,6.8,62.1,Rainy,Heating & Winter Apparel,348.14,5,2022,8,Aug,8,Monday,0,Summer
2022-08-08,30.3,6.8,62.1,Rainy,Hot Beverages & Soups,317.82,28,2022,8,Aug,8,Monday,0,Summer
2022-08-08,30.3,6.8,62.1,Rainy,Outdoor & Camping Gear,1802.9,21,2022,8,Aug,8,Monday,0,Summer
2022-08-08,30.3,6.8,62.1,Rainy,Rainwear & Umbrellas,21178.95,788,2022,8,Aug,8,Monday,0,Summer
2022-08-09,36.4,0.0,47.0,Sunny,Cold Beverages & Ice Cream,2250.73,252,2022,8,Aug,9,Tuesday,0,Summer
2022-08-09,36.4,0.0,47.0,Sunny,Heating & Winter Apparel,475.58,7,2022,8,Aug,9,Tuesday,0,Summer
2022-08-09,36.4,0.0,47.0,Sunny,Hot Beverages & Soups,181.73,15,2022,8,Aug,9,Tuesday,0,Summer
2022-08-09,36.4,0.0,47.0,Sunny,Outdoor & Camping Gear,411.77,5,2022,8,Aug,9,Tuesday,0,Summer
2022-08-09,36.4,0.0,47.0,Sunny,Rainwear & Umbrellas,492.78,19,2022,8,Aug,9,Tuesday,0,Summer
2022-08-10,24.6,7.3,43.5,Rainy,Cold Beverages & Ice Cream,548.55,65,2022,8,Aug,10,Wednesday,0,Summer
2022-08-10,24.6,7.3,43.5,Rainy,Heating & Winter Apparel,325.38,5,2022,8,Aug,10,Wednesday,0,Summer
2022-08-10,24.6,7.3,43.5,Rainy,Hot Beverages & Soups,419.84,37,2022,8,Aug,10,Wednesday,0,Summer
2022-08-10,24.6,7.3,43.5,Rainy,Outdoor & Camping Gear,3007.13,38,2022,8,Aug,10,Wednesday,0,Summer
2022-08-10,24.6,7.3,43.5,Rainy,Rainwear & Umbrellas,24073.2,874,2022,8,Aug,10,Wednesday,0,Summer
2022-08-11,31.7,0.0,39.7,Sunny,Cold Beverages & Ice Cream,1499.85,191,2022,8,Aug,11,Thursday,0,Summer
2022-08-11,31.7,0.0,39.7,Sunny,Heating & Winter Apparel,342.45,5,2022,8,Aug,11,Thursday,0,Summer
2022-08-11,31.7,0.0,39.7,Sunny,Hot Beverages & Soups,93.13,8,2022,8,Aug,11,Thursday,0,Summer
2022-08-11,31.7,0.0,39.7,Sunny,Outdoor & Camping Gear,3201.24,39,2022,8,Aug,11,Thursday,0,Summer
2022-08-11,31.7,0.0,39.7,Sunny,Rainwear & Umbrellas,722.24,26,2022,8,Aug,11,Thursday,0,Summer
2022-08-12,25.2,0.0,54.8,Sunny,Cold Beverages & Ice Cream,968.35,106,2022,8,Aug,12,Friday,0,Summer
2022-08-12,25.2,0.0,54.8,Sunny,Heating & Winter Apparel,326.66,5,2022,8,Aug,12,Friday,0,Summer
2022-08-12,25.2,0.0,54.8,Sunny,Hot Beverages & Soups,164.65,13,2022,8,Aug,12,Friday,0,Summer
2022-08-12,25.2,0.0,54.8,Sunny,Outdoor & Camping Gear,4680.52,53,2022,8,Aug,12,Friday,0,Summer
2022-08-12,25.2,0.0,54.8,Sunny,Rainwear & Umbrellas,470.43,17,2022,8,Aug,12,Friday,0,Summer
2022-08-13,28.3,0.0,50.4,Sunny,Cold Beverages & Ice Cream,1598.14,197,2022,8,Aug,13,Saturday,1,Summer
2022-08-13,28.3,0.0,50.4,Sunny,Heating & Winter Apparel,327.86,5,2022,8,Aug,13,Saturday,1,Summer
2022-08-13,28.3,0.0,50.4,Sunny,Hot Beverages & Soups,446.9,36,2022,8,Aug,13,Saturday,1,Summer
2022-08-13,28.3,0.0,50.4,Sunny,Outdoor & Camping Gear,5945.92,76,2022,8,Aug,13,Saturday,1,Summer
2022-08-13,28.3,0.0,50.4,Sunny,Rainwear & Umbrellas,636.8,24,2022,8,Aug,13,Saturday,1,Summer
2022-08-14,32.5,21.3,72.5,Rainy,Cold Beverages & Ice Cream,1251.74,155,2022,8,Aug,14,Sunday,1,Summer
2022-08-14,32.5,21.3,72.5,Rainy,Heating & Winter Apparel,307.82,5,2022,8,Aug,14,Sunday,1,Summer
2022-08-14,32.5,21.3,72.5,Rainy,Hot Beverages & Soups,436.04,38,2022,8,Aug,14,Sunday,1,Summer
2022-08-14,32.5,21.3,72.5,Rainy,Outdoor & Camping Gear,409.49,5,2022,8,Aug,14,Sunday,1,Summer
2022-08-14,32.5,21.3,72.5,Rainy,Rainwear & Umbrellas,99204.93,3554,2022,8,Aug,14,Sunday,1,Summer
2022-08-15,29.6,0.0,45.6,Sunny,Cold Beverages & Ice Cream,1486.98,176,2022,8,Aug,15,Monday,0,Summer
2022-08-15,29.6,0.0,45.6,Sunny,Heating & Winter Apparel,305.53,5,2022,8,Aug,15,Monday,0,Summer
2022-08-15,29.6,0.0,45.6,Sunny,Hot Beverages & Soups,384.74,31,2022,8,Aug,15,Monday,0,Summer
2022-08-15,29.6,0.0,45.6,Sunny,Outdoor & Camping Gear,3932.11,44,2022,8,Aug,15,Monday,0,Summer
2022-08-15,29.6,0.0,45.6,Sunny,Rainwear & Umbrellas,631.86,21,2022,8,Aug,15,Monday,0,Summer
2022-08-16,26.2,8.1,55.0,Rainy,Cold Beverages & Ice Cream,640.66,80,2022,8,Aug,16,Tuesday,0,Summer
2022-08-16,26.2,8.1,55.0,Rainy,Heating & Winter Apparel,504.34,8,2022,8,Aug,16,Tuesday,0,Summer
2022-08-16,26.2,8.1,55.0,Rainy,Hot Beverages & Soups,401.38,32,2022,8,Aug,16,Tuesday,0,Summer
2022-08-16,26.2,8.1,55.0,Rainy,Outdoor & Camping Gear,2981.09,38,2022,8,Aug,16,Tuesday,0,Summer
2022-08-16,26.2,8.1,55.0,Rainy,Rainwear & Umbrellas,28841.29,991,2022,8,Aug,16,Tuesday,0,Summer
2022-08-17,27.1,12.9,54.0,Rainy,Cold Beverages & Ice Cream,700.45,80,2022,8,Aug,17,Wednesday,0,Summer
2022-08-17,27.1,12.9,54.0,Rainy,Heating & Winter Apparel,313.01,5,2022,8,Aug,17,Wednesday,0,Summer
2022-08-17,27.1,12.9,54.0,Rainy,Hot Beverages & Soups,502.46,40,2022,8,Aug,17,Wednesday,0,Summer
2022-08-17,27.1,12.9,54.0,Rainy,Outdoor & Camping Gear,1018.67,12,2022,8,Aug,17,Wednesday,0,Summer
2022-08-17,27.1,12.9,54.0,Rainy,Rainwear & Umbrellas,45521.26,1735,2022,8,Aug,17,Wednesday,0,Summer
2022-08-18,30.9,0.0,46.5,Sunny,Cold Beverages & Ice Cream,1532.22,188,2022,8,Aug,18,Thursday,0,Summer
2022-08-18,30.9,0.0,46.5,Sunny,Heating & Winter Apparel,350.27,5,2022,8,Aug,18,Thursday,0,Summer
2022-08-18,30.9,0.0,46.5,Sunny,Hot Beverages & Soups,350.98,31,2022,8,Aug,18,Thursday,0,Summer
2022-08-18,30.9,0.0,46.5,Sunny,Outdoor & Camping Gear,3364.83,38,2022,8,Aug,18,Thursday,0,Summer
2022-08-18,30.9,0.0,46.5,Sunny,Rainwear & Umbrellas,752.74,25,2022,8,Aug,18,Thursday,0,Summer
2022-08-19,26.9,0.0,39.1,Sunny,Cold Beverages & Ice Cream,1192.43,144,2022,8,Aug,19,Friday,0,Summer
2022-08-19,26.9,0.0,39.1,Sunny,Heating & Winter Apparel,319.42,5,2022,8,Aug,19,Friday,0,Summer
2022-08-19,26.9,0.0,39.1,Sunny,Hot Beverages & Soups,216.17,19,2022,8,Aug,19,Friday,0,Summer
2022-08-19,26.9,0.0,39.1,Sunny,Outdoor & Camping Gear,4532.05,53,2022,8,Aug,19,Friday,0,Summer
2022-08-19,26.9,0.0,39.1,Sunny,Rainwear & Umbrellas,918.8,33,2022,8,Aug,19,Friday,0,Summer
2022-08-20,29.4,0.0,47.9,Sunny,Cold Beverages & Ice Cream,1919.77,219,2022,8,Aug,20,Saturday,1,Summer
2022-08-20,29.4,0.0,47.9,Sunny,Heating & Winter Apparel,312.15,5,2022,8,Aug,20,Saturday,1,Summer
2022-08-20,29.4,0.0,47.9,Sunny,Hot Beverages & Soups,387.98,31,2022,8,Aug,20,Saturday,1,Summer
2022-08-20,29.4,0.0,47.9,Sunny,Outdoor & Camping Gear,4708.33,60,2022,8,Aug,20,Saturday,1,Summer
2022-08-20,29.4,0.0,47.9,Sunny,Rainwear & Umbrellas,810.95,31,2022,8,Aug,20,Saturday,1,Summer
2022-08-21,28.8,0.0,50.3,Sunny,Cold Beverages & Ice Cream,1586.88,194,2022,8,Aug,21,Sunday,1,Summer
2022-08-21,28.8,0.0,50.3,Sunny,Heating & Winter Apparel,334.14,5,2022,8,Aug,21,Sunday,1,Summer
2022-08-21,28.8,0.0,50.3,Sunny,Hot Beverages & Soups,372.84,31,2022,8,Aug,21,Sunday,1,Summer
2022-08-21,28.8,0.0,50.3,Sunny,Outdoor & Camping Gear,5449.63,65,2022,8,Aug,21,Sunday,1,Summer
2022-08-21,28.8,0.0,50.3,Sunny,Rainwear & Umbrellas,916.84,32,2022,8,Aug,21,Sunday,1,Summer
2022-08-22,26.7,0.0,50.6,Sunny,Cold Beverages & Ice Cream,1141.33,133,2022,8,Aug,22,Monday,0,Summer
2022-08-22,26.7,0.0,50.6,Sunny,Heating & Winter Apparel,312.1,5,2022,8,Aug,22,Monday,0,Summer
2022-08-22,26.7,0.0,50.6,Sunny,Hot Beverages & Soups,367.21,30,2022,8,Aug,22,Monday,0,Summer
2022-08-22,26.7,0.0,50.6,Sunny,Outdoor & Camping Gear,4473.23,50,2022,8,Aug,22,Monday,0,Summer
2022-08-22,26.7,0.0,50.6,Sunny,Rainwear & Umbrellas,875.19,29,2022,8,Aug,22,Monday,0,Summer
2022-08-23,34.4,0.0,62.4,Sunny,Cold Beverages & Ice Cream,1942.61,230,2022,8,Aug,23,Tuesday,0,Summer
2022-08-23,34.4,0.0,62.4,Sunny,Heating & Winter Apparel,340.17,5,2022,8,Aug,23,Tuesday,0,Summer
2022-08-23,34.4,0.0,62.4,Sunny,Hot Beverages & Soups,446.11,38,2022,8,Aug,23,Tuesday,0,Summer
2022-08-23,34.4,0.0,62.4,Sunny,Outdoor & Camping Gear,699.42,8,2022,8,Aug,23,Tuesday,0,Summer
2022-08-23,34.4,0.0,62.4,Sunny,Rainwear & Umbrellas,932.02,32,2022,8,Aug,23,Tuesday,0,Summer
2022-08-24,30.0,10.2,68.7,Rainy,Cold Beverages & Ice Cream,821.29,97,2022,8,Aug,24,Wednesday,0,Summer
2022-08-24,30.0,10.2,68.7,Rainy,Heating & Winter Apparel,343.67,5,2022,8,Aug,24,Wednesday,0,Summer
2022-08-24,30.0,10.2,68.7,Rainy,Hot Beverages & Soups,566.24,46,2022,8,Aug,24,Wednesday,0,Summer
2022-08-24,30.0,10.2,68.7,Rainy,Outdoor & Camping Gear,1606.14,18,2022,8,Aug,24,Wednesday,0,Summer
2022-08-24,30.0,10.2,68.7,Rainy,Rainwear & Umbrellas,35927.21,1302,2022,8,Aug,24,Wednesday,0,Summer
2022-08-25,22.5,0.0,48.3,Sunny,Cold Beverages & Ice Cream,753.59,90,2022,8,Aug,25,Thursday,0,Summer
2022-08-25,22.5,0.0,48.3,Sunny,Heating & Winter Apparel,583.26,9,2022,8,Aug,25,Thursday,0,Summer
2022-08-25,22.5,0.0,48.3,Sunny,Hot Beverages & Soups,608.07,48,2022,8,Aug,25,Thursday,0,Summer
2022-08-25,22.5,0.0,48.3,Sunny,Outdoor & Camping Gear,4958.14,57,2022,8,Aug,25,Thursday,0,Summer
2022-08-25,22.5,0.0,48.3,Sunny,Rainwear & Umbrellas,896.54,32,2022,8,Aug,25,Thursday,0,Summer
2022-08-26,28.5,0.0,37.5,Sunny,Cold Beverages & Ice Cream,1244.51,157,2022,8,Aug,26,Friday,0,Summer
2022-08-26,28.5,0.0,37.5,Sunny,Heating & Winter Apparel,335.03,5,2022,8,Aug,26,Friday,0,Summer
2022-08-26,28.5,0.0,37.5,Sunny,Hot Beverages & Soups,102.04,9,2022,8,Aug,26,Friday,0,Summer
2022-08-26,28.5,0.0,37.5,Sunny,Outdoor & Camping Gear,4725.58,53,2022,8,Aug,26,Friday,0,Summer
2022-08-26,28.5,0.0,37.5,Sunny,Rainwear & Umbrellas,857.35,29,2022,8,Aug,26,Friday,0,Summer
2022-08-27,26.0,0.0,51.2,Sunny,Cold Beverages & Ice Cream,1329.57,156,2022,8,Aug,27,Saturday,1,Summer
2022-08-27,26.0,0.0,51.2,Sunny,Heating & Winter Apparel,786.84,12,2022,8,Aug,27,Saturday,1,Summer
2022-08-27,26.0,0.0,51.2,Sunny,Hot Beverages & Soups,277.1,24,2022,8,Aug,27,Saturday,1,Summer
2022-08-27,26.0,0.0,51.2,Sunny,Outdoor & Camping Gear,5924.33,75,2022,8,Aug,27,Saturday,1,Summer
2022-08-27,26.0,0.0,51.2,Sunny,Rainwear & Umbrellas,784.75,30,2022,8,Aug,27,Saturday,1,Summer
2022-08-28,30.1,0.0,52.6,Sunny,Cold Beverages & Ice Cream,1737.79,207,2022,8,Aug,28,Sunday,1,Summer
2022-08-28,30.1,0.0,52.6,Sunny,Heating & Winter Apparel,432.0,7,2022,8,Aug,28,Sunday,1,Summer
2022-08-28,30.1,0.0,52.6,Sunny,Hot Beverages & Soups,192.56,15,2022,8,Aug,28,Sunday,1,Summer
2022-08-28,30.1,0.0,52.6,Sunny,Outdoor & Camping Gear,5258.84,59,2022,8,Aug,28,Sunday,1,Summer
2022-08-28,30.1,0.0,52.6,Sunny,Rainwear & Umbrellas,858.2,33,2022,8,Aug,28,Sunday,1,Summer
2022-08-29,25.3,0.0,46.5,Sunny,Cold Beverages & Ice Cream,1055.3,133,2022,8,Aug,29,Monday,0,Summer
2022-08-29,25.3,0.0,46.5,Sunny,Heating & Winter Apparel,542.09,9,2022,8,Aug,29,Monday,0,Summer
2022-08-29,25.3,0.0,46.5,Sunny,Hot Beverages & Soups,264.57,21,2022,8,Aug,29,Monday,0,Summer
2022-08-29,25.3,0.0,46.5,Sunny,Outdoor & Camping Gear,6157.31,70,2022,8,Aug,29,Monday,0,Summer
2022-08-29,25.3,0.0,46.5,Sunny,Rainwear & Umbrellas,786.27,30,2022,8,Aug,29,Monday,0,Summer
2022-08-30,27.1,0.0,46.1,Sunny,Cold Beverages & Ice Cream,1138.46,145,2022,8,Aug,30,Tuesday,0,Summer
2022-08-30,27.1,0.0,46.1,Sunny,Heating & Winter Apparel,307.76,5,2022,8,Aug,30,Tuesday,0,Summer
2022-08-30,27.1,0.0,46.1,Sunny,Hot Beverages & Soups,193.79,16,2022,8,Aug,30,Tuesday,0,Summer
2022-08-30,27.1,0.0,46.1,Sunny,Outdoor & Camping Gear,4926.81,63,2022,8,Aug,30,Tuesday,0,Summer
2022-08-30,27.1,0.0,46.1,Sunny,Rainwear & Umbrellas,657.13,22,2022,8,Aug,30,Tuesday,0,Summer
2022-08-31,28.7,18.2,72.8,Rainy,Cold Beverages & Ice Cream,836.86,92,2022,8,Aug,31,Wednesday,0,Summer
2022-08-31,28.7,18.2,72.8,Rainy,Heating & Winter Apparel,425.29,7,2022,8,Aug,31,Wednesday,0,Summer
2022-08-31,28.7,18.2,72.8,Rainy,Hot Beverages & Soups,575.04,51,2022,8,Aug,31,Wednesday,0,Summer
2022-08-31,28.7,18.2,72.8,Rainy,Outdoor & Camping Gear,432.14,5,2022,8,Aug,31,Wednesday,0,Summer
2022-08-31,28.7,18.2,72.8,Rainy,Rainwear & Umbrellas,78472.89,2646,2022,8,Aug,31,Wednesday,0,Summer
2022-09-01,29.5,77.6,98.5,Stormy,Cold Beverages & Ice Cream,1103.7,131,2022,9,Sep,1,Thursday,0,Fall
2022-09-01,29.5,77.6,98.5,Stormy,Heating & Winter Apparel,344.47,5,2022,9,Sep,1,Thursday,0,Fall
2022-09-01,29.5,77.6,98.5,Stormy,Hot Beverages & Soups,353.47,32,2022,9,Sep,1,Thursday,0,Fall
2022-09-01,29.5,77.6,98.5,Stormy,Outdoor & Camping Gear,437.04,5,2022,9,Sep,1,Thursday,0,Fall
2022-09-01,29.5,77.6,98.5,Stormy,Rainwear & Umbrellas,437847.97,16145,2022,9,Sep,1,Thursday,0,Fall
2022-09-02,23.6,4.4,59.9,Rainy,Cold Beverages & Ice Cream,767.49,94,2022,9,Sep,2,Friday,0,Fall
2022-09-02,23.6,4.4,59.9,Rainy,Heating & Winter Apparel,312.07,5,2022,9,Sep,2,Friday,0,Fall
2022-09-02,23.6,4.4,59.9,Rainy,Hot Beverages & Soups,700.52,60,2022,9,Sep,2,Friday,0,Fall
2022-09-02,23.6,4.4,59.9,Rainy,Outdoor & Camping Gear,3066.09,36,2022,9,Sep,2,Friday,0,Fall
2022-09-02,23.6,4.4,59.9,Rainy,Rainwear & Umbrellas,13061.71,471,2022,9,Sep,2,Friday,0,Fall
2022-09-03,25.8,4.5,48.8,Rainy,Cold Beverages & Ice Cream,1408.06,175,2022,9,Sep,3,Saturday,1,Fall
2022-09-03,25.8,4.5,48.8,Rainy,Heating & Winter Apparel,324.18,5,2022,9,Sep,3,Saturday,1,Fall
2022-09-03,25.8,4.5,48.8,Rainy,Hot Beverages & Soups,674.62,54,2022,9,Sep,3,Saturday,1,Fall
2022-09-03,25.8,4.5,48.8,Rainy,Outdoor & Camping Gear,5415.57,63,2022,9,Sep,3,Saturday,1,Fall
2022-09-03,25.8,4.5,48.8,Rainy,Rainwear & Umbrellas,15150.06,527,2022,9,Sep,3,Saturday,1,Fall
2022-09-04,25.3,0.0,51.7,Sunny,Cold Beverages & Ice Cream,1271.18,148,2022,9,Sep,4,Sunday,1,Fall
2022-09-04,25.3,0.0,51.7,Sunny,Heating & Winter Apparel,308.68,5,2022,9,Sep,4,Sunday,1,Fall
2022-09-04,25.3,0.0,51.7,Sunny,Hot Beverages & Soups,744.83,60,2022,9,Sep,4,Sunday,1,Fall
2022-09-04,25.3,0.0,51.7,Sunny,Outdoor & Camping Gear,6724.02,85,2022,9,Sep,4,Sunday,1,Fall
2022-09-04,25.3,0.0,51.7,Sunny,Rainwear & Umbrellas,764.69,29,2022,9,Sep,4,Sunday,1,Fall
2022-09-05,24.6,15.4,60.2,Rainy,Cold Beverages & Ice Cream,576.64,68,2022,9,Sep,5,Monday,0,Fall
2022-09-05,24.6,15.4,60.2,Rainy,Heating & Winter Apparel,421.03,7,2022,9,Sep,5,Monday,0,Fall
2022-09-05,24.6,15.4,60.2,Rainy,Hot Beverages & Soups,402.55,33,2022,9,Sep,5,Monday,0,Fall
2022-09-05,24.6,15.4,60.2,Rainy,Outdoor & Camping Gear,410.95,5,2022,9,Sep,5,Monday,0,Fall
2022-09-05,24.6,15.4,60.2,Rainy,Rainwear & Umbrellas,58878.04,2168,2022,9,Sep,5,Monday,0,Fall
2022-09-06,31.2,0.0,45.3,Sunny,Cold Beverages & Ice Cream,1503.72,182,2022,9,Sep,6,Tuesday,0,Fall
2022-09-06,31.2,0.0,45.3,Sunny,Heating & Winter Apparel,310.29,5,2022,9,Sep,6,Tuesday,0,Fall
2022-09-06,31.2,0.0,45.3,Sunny,Hot Beverages & Soups,418.06,35,2022,9,Sep,6,Tuesday,0,Fall
2022-09-06,31.2,0.0,45.3,Sunny,Outdoor & Camping Gear,3073.81,34,2022,9,Sep,6,Tuesday,0,Fall
2022-09-06,31.2,0.0,45.3,Sunny,Rainwear & Umbrellas,680.85,23,2022,9,Sep,6,Tuesday,0,Fall
2022-09-07,27.2,20.5,72.2,Rainy,Cold Beverages & Ice Cream,807.83,97,2022,9,Sep,7,Wednesday,0,Fall
2022-09-07,27.2,20.5,72.2,Rainy,Heating & Winter Apparel,483.11,7,2022,9,Sep,7,Wednesday,0,Fall
2022-09-07,27.2,20.5,72.2,Rainy,Hot Beverages & Soups,305.15,25,2022,9,Sep,7,Wednesday,0,Fall
2022-09-07,27.2,20.5,72.2,Rainy,Outdoor & Camping Gear,1504.99,17,2022,9,Sep,7,Wednesday,0,Fall
2022-09-07,27.2,20.5,72.2,Rainy,Rainwear & Umbrellas,85777.97,3075,2022,9,Sep,7,Wednesday,0,Fall
2022-09-08,22.4,0.0,44.2,Sunny,Cold Beverages & Ice Cream,818.97,99,2022,9,Sep,8,Thursday,0,Fall
2022-09-08,22.4,0.0,44.2,Sunny,Heating & Winter Apparel,333.96,5,2022,9,Sep,8,Thursday,0,Fall
2022-09-08,22.4,0.0,44.2,Sunny,Hot Beverages & Soups,564.29,47,2022,9,Sep,8,Thursday,0,Fall
2022-09-08,22.4,0.0,44.2,Sunny,Outdoor & Camping Gear,5481.33,68,2022,9,Sep,8,Thursday,0,Fall
2022-09-08,22.4,0.0,44.2,Sunny,Rainwear & Umbrellas,592.37,22,2022,9,Sep,8,Thursday,0,Fall
2022-09-09,28.3,3.0,54.8,Rainy,Cold Beverages & Ice Cream,1252.36,160,2022,9,Sep,9,Friday,0,Fall
2022-09-09,28.3,3.0,54.8,Rainy,Heating & Winter Apparel,346.94,5,2022,9,Sep,9,Friday,0,Fall
2022-09-09,28.3,3.0,54.8,Rainy,Hot Beverages & Soups,315.95,27,2022,9,Sep,9,Friday,0,Fall
2022-09-09,28.3,3.0,54.8,Rainy,Outdoor & Camping Gear,3420.92,43,2022,9,Sep,9,Friday,0,Fall
2022-09-09,28.3,3.0,54.8,Rainy,Rainwear & Umbrellas,9077.88,305,2022,9,Sep,9,Friday,0,Fall
2022-09-10,31.5,15.1,57.1,Rainy,Cold Beverages & Ice Cream,1278.28,149,2022,9,Sep,10,Saturday,1,Fall
2022-09-10,31.5,15.1,57.1,Rainy,Heating & Winter Apparel,640.62,10,2022,9,Sep,10,Saturday,1,Fall
2022-09-10,31.5,15.1,57.1,Rainy,Hot Beverages & Soups,475.27,38,2022,9,Sep,10,Saturday,1,Fall
2022-09-10,31.5,15.1,57.1,Rainy,Outdoor & Camping Gear,884.97,10,2022,9,Sep,10,Saturday,1,Fall
2022-09-10,31.5,15.1,57.1,Rainy,Rainwear & Umbrellas,59541.12,2311,2022,9,Sep,10,Saturday,1,Fall
2022-09-11,28.2,21.4,67.5,Rainy,Cold Beverages & Ice Cream,1041.14,122,2022,9,Sep,11,Sunday,1,Fall
2022-09-11,28.2,21.4,67.5,Rainy,Heating & Winter Apparel,329.33,5,2022,9,Sep,11,Sunday,1,Fall
2022-09-11,28.2,21.4,67.5,Rainy,Hot Beverages & Soups,250.57,20,2022,9,Sep,11,Sunday,1,Fall
2022-09-11,28.2,21.4,67.5,Rainy,Outdoor & Camping Gear,393.57,5,2022,9,Sep,11,Sunday,1,Fall
2022-09-11,28.2,21.4,67.5,Rainy,Rainwear & Umbrellas,100219.41,3564,2022,9,Sep,11,Sunday,1,Fall
2022-09-12,20.9,8.6,57.2,Rainy,Cold Beverages & Ice Cream,418.04,48,2022,9,Sep,12,Monday,0,Fall
2022-09-12,20.9,8.6,57.2,Rainy,Heating & Winter Apparel,377.75,6,2022,9,Sep,12,Monday,0,Fall
2022-09-12,20.9,8.6,57.2,Rainy,Hot Beverages & Soups,876.7,71,2022,9,Sep,12,Monday,0,Fall
2022-09-12,20.9,8.6,57.2,Rainy,Outdoor & Camping Gear,3728.3,41,2022,9,Sep,12,Monday,0,Fall
2022-09-12,20.9,8.6,57.2,Rainy,Rainwear & Umbrellas,31432.23,1056,2022,9,Sep,12,Monday,0,Fall
2022-09-13,23.6,0.0,58.4,Sunny,Cold Beverages & Ice Cream,1080.5,118,2022,9,Sep,13,Tuesday,0,Fall
2022-09-13,23.6,0.0,58.4,Sunny,Heating & Winter Apparel,399.72,6,2022,9,Sep,13,Tuesday,0,Fall
2022-09-13,23.6,0.0,58.4,Sunny,Hot Beverages & Soups,368.56,31,2022,9,Sep,13,Tuesday,0,Fall
2022-09-13,23.6,0.0,58.4,Sunny,Outdoor & Camping Gear,5832.67,68,2022,9,Sep,13,Tuesday,0,Fall
2022-09-13,23.6,0.0,58.4,Sunny,Rainwear & Umbrellas,546.31,21,2022,9,Sep,13,Tuesday,0,Fall
2022-09-14,28.3,0.0,44.8,Sunny,Cold Beverages & Ice Cream,1280.61,148,2022,9,Sep,14,Wednesday,0,Fall
2022-09-14,28.3,0.0,44.8,Sunny,Heating & Winter Apparel,343.04,5,2022,9,Sep,14,Wednesday,0,Fall
2022-09-14,28.3,0.0,44.8,Sunny,Hot Beverages & Soups,310.38,25,2022,9,Sep,14,Wednesday,0,Fall
2022-09-14,28.3,0.0,44.8,Sunny,Outdoor & Camping Gear,3654.42,45,2022,9,Sep,14,Wednesday,0,Fall
2022-09-14,28.3,0.0,44.8,Sunny,Rainwear & Umbrellas,883.64,33,2022,9,Sep,14,Wednesday,0,Fall
2022-09-15,22.6,0.0,60.7,Sunny,Cold Beverages & Ice Cream,778.3,87,2022,9,Sep,15,Thursday,0,Fall
2022-09-15,22.6,0.0,60.7,Sunny,Heating & Winter Apparel,335.56,5,2022,9,Sep,15,Thursday,0,Fall
2022-09-15,22.6,0.0,60.7,Sunny,Hot Beverages & Soups,683.32,55,2022,9,Sep,15,Thursday,0,Fall
2022-09-15,22.6,0.0,60.7,Sunny,Outdoor & Camping Gear,5878.34,71,2022,9,Sep,15,Thursday,0,Fall
2022-09-15,22.6,0.0,60.7,Sunny,Rainwear & Umbrellas,375.77,14,2022,9,Sep,15,Thursday,0,Fall
2022-09-16,25.6,0.0,51.8,Sunny,Cold Beverages & Ice Cream,1004.91,118,2022,9,Sep,16,Friday,0,Fall
2022-09-16,25.6,0.0,51.8,Sunny,Heating & Winter Apparel,307.93,5,2022,9,Sep,16,Friday,0,Fall
2022-09-16,25.6,0.0,51.8,Sunny,Hot Beverages & Soups,233.07,20,2022,9,Sep,16,Friday,0,Fall
2022-09-16,25.6,0.0,51.8,Sunny,Outdoor & Camping Gear,5003.47,57,2022,9,Sep,16,Friday,0,Fall
2022-09-16,25.6,0.0,51.8,Sunny,Rainwear & Umbrellas,544.32,21,2022,9,Sep,16,Friday,0,Fall
2022-09-17,26.4,0.0,43.0,Sunny,Cold Beverages & Ice Cream,1321.27,166,2022,9,Sep,17,Saturday,1,Fall
2022-09-17,26.4,0.0,43.0,Sunny,Heating & Winter Apparel,302.79,5,2022,9,Sep,17,Saturday,1,Fall
2022-09-17,26.4,0.0,43.0,Sunny,Hot Beverages & Soups,299.72,24,2022,9,Sep,17,Saturday,1,Fall
2022-09-17,26.4,0.0,43.0,Sunny,Outdoor & Camping Gear,7477.62,85,2022,9,Sep,17,Saturday,1,Fall
2022-09-17,26.4,0.0,43.0,Sunny,Rainwear & Umbrellas,723.85,28,2022,9,Sep,17,Saturday,1,Fall
2022-09-18,21.4,0.0,58.1,Sunny,Cold Beverages & Ice Cream,968.94,108,2022,9,Sep,18,Sunday,1,Fall
2022-09-18,21.4,0.0,58.1,Sunny,Heating & Winter Apparel,590.0,9,2022,9,Sep,18,Sunday,1,Fall
2022-09-18,21.4,0.0,58.1,Sunny,Hot Beverages & Soups,926.7,76,2022,9,Sep,18,Sunday,1,Fall
2022-09-18,21.4,0.0,58.1,Sunny,Outdoor & Camping Gear,6928.82,88,2022,9,Sep,18,Sunday,1,Fall
2022-09-18,21.4,0.0,58.1,Sunny,Rainwear & Umbrellas,862.49,31,2022,9,Sep,18,Sunday,1,Fall
2022-09-19,23.6,7.5,56.3,Rainy,Cold Beverages & Ice Cream,691.97,88,2022,9,Sep,19,Monday,0,Fall
2022-09-19,23.6,7.5,56.3,Rainy,Heating & Winter Apparel,481.06,7,2022,9,Sep,19,Monday,0,Fall
2022-09-19,23.6,7.5,56.3,Rainy,Hot Beverages & Soups,684.6,58,2022,9,Sep,19,Monday,0,Fall
2022-09-19,23.6,7.5,56.3,Rainy,Outdoor & Camping Gear,3239.96,38,2022,9,Sep,19,Monday,0,Fall
2022-09-19,23.6,7.5,56.3,Rainy,Rainwear & Umbrellas,25503.77,893,2022,9,Sep,19,Monday,0,Fall
2022-09-20,14.5,0.0,45.3,Sunny,Cold Beverages & Ice Cream,366.6,45,2022,9,Sep,20,Tuesday,0,Fall
2022-09-20,14.5,0.0,45.3,Sunny,Heating & Winter Apparel,331.04,5,2022,9,Sep,20,Tuesday,0,Fall
2022-09-20,14.5,0.0,45.3,Sunny,Hot Beverages & Soups,1134.65,98,2022,9,Sep,20,Tuesday,0,Fall
2022-09-20,14.5,0.0,45.3,Sunny,Outdoor & Camping Gear,3527.9,39,2022,9,Sep,20,Tuesday,0,Fall
2022-09-20,14.5,0.0,45.3,Sunny,Rainwear & Umbrellas,428.77,16,2022,9,Sep,20,Tuesday,0,Fall
2022-09-21,20.5,6.0,60.1,Rainy,Cold Beverages & Ice Cream,541.77,64,2022,9,Sep,21,Wednesday,0,Fall
2022-09-21,20.5,6.0,60.1,Rainy,Heating & Winter Apparel,325.98,5,2022,9,Sep,21,Wednesday,0,Fall
2022-09-21,20.5,6.0,60.1,Rainy,Hot Beverages & Soups,947.62,84,2022,9,Sep,21,Wednesday,0,Fall
2022-09-21,20.5,6.0,60.1,Rainy,Outdoor & Camping Gear,3376.95,40,2022,9,Sep,21,Wednesday,0,Fall
2022-09-21,20.5,6.0,60.1,Rainy,Rainwear & Umbrellas,18819.19,681,2022,9,Sep,21,Wednesday,0,Fall
2022-09-22,22.5,0.0,59.7,Sunny,Cold Beverages & Ice Cream,790.52,97,2022,9,Sep,22,Thursday,0,Fall
2022-09-22,22.5,0.0,59.7,Sunny,Heating & Winter Apparel,318.55,5,2022,9,Sep,22,Thursday,0,Fall
2022-09-22,22.5,0.0,59.7,Sunny,Hot Beverages & Soups,410.18,36,2022,9,Sep,22,Thursday,0,Fall
2022-09-22,22.5,0.0,59.7,Sunny,Outdoor & Camping Gear,5421.2,62,2022,9,Sep,22,Thursday,0,Fall
2022-09-22,22.5,0.0,59.7,Sunny,Rainwear & Umbrellas,1044.71,36,2022,9,Sep,22,Thursday,0,Fall
2022-09-23,19.5,10.3,69.4,Rainy,Cold Beverages & Ice Cream,347.62,40,2022,9,Sep,23,Friday,0,Fall
2022-09-23,19.5,10.3,69.4,Rainy,Heating & Winter Apparel,299.97,5,2022,9,Sep,23,Friday,0,Fall
2022-09-23,19.5,10.3,69.4,Rainy,Hot Beverages & Soups,1233.78,97,2022,9,Sep,23,Friday,0,Fall
2022-09-23,19.5,10.3,69.4,Rainy,Outdoor & Camping Gear,1892.82,23,2022,9,Sep,23,Friday,0,Fall
2022-09-23,19.5,10.3,69.4,Rainy,Rainwear & Umbrellas,34905.73,1316,2022,9,Sep,23,Friday,0,Fall
2022-09-24,27.4,6.4,52.9,Rainy,Cold Beverages & Ice Cream,1035.56,114,2022,9,Sep,24,Saturday,1,Fall
2022-09-24,27.4,6.4,52.9,Rainy,Heating & Winter Apparel,315.72,5,2022,9,Sep,24,Saturday,1,Fall
2022-09-24,27.4,6.4,52.9,Rainy,Hot Beverages & Soups,558.79,45,2022,9,Sep,24,Saturday,1,Fall
2022-09-24,27.4,6.4,52.9,Rainy,Outdoor & Camping Gear,4008.59,47,2022,9,Sep,24,Saturday,1,Fall
2022-09-24,27.4,6.4,52.9,Rainy,Rainwear & Umbrellas,21635.02,807,2022,9,Sep,24,Saturday,1,Fall
2022-09-25,18.6,0.0,55.7,Sunny,Cold Beverages & Ice Cream,570.63,71,2022,9,Sep,25,Sunday,1,Fall
2022-09-25,18.6,0.0,55.7,Sunny,Heating & Winter Apparel,305.17,5,2022,9,Sep,25,Sunday,1,Fall
2022-09-25,18.6,0.0,55.7,Sunny,Hot Beverages & Soups,1067.94,94,2022,9,Sep,25,Sunday,1,Fall
2022-09-25,18.6,0.0,55.7,Sunny,Outdoor & Camping Gear,7443.41,90,2022,9,Sep,25,Sunday,1,Fall
2022-09-25,18.6,0.0,55.7,Sunny,Rainwear & Umbrellas,595.41,23,2022,9,Sep,25,Sunday,1,Fall
2022-09-26,21.1,0.0,54.1,Sunny,Cold Beverages & Ice Cream,826.43,93,2022,9,Sep,26,Monday,0,Fall
2022-09-26,21.1,0.0,54.1,Sunny,Heating & Winter Apparel,884.26,13,2022,9,Sep,26,Monday,0,Fall
2022-09-26,21.1,0.0,54.1,Sunny,Hot Beverages & Soups,672.94,55,2022,9,Sep,26,Monday,0,Fall
2022-09-26,21.1,0.0,54.1,Sunny,Outdoor & Camping Gear,4896.28,56,2022,9,Sep,26,Monday,0,Fall
2022-09-26,21.1,0.0,54.1,Sunny,Rainwear & Umbrellas,706.56,27,2022,9,Sep,26,Monday,0,Fall
2022-09-27,22.5,14.9,72.6,Rainy,Cold Beverages & Ice Cream,533.51,66,2022,9,Sep,27,Tuesday,0,Fall
2022-09-27,22.5,14.9,72.6,Rainy,Heating & Winter Apparel,339.2,5,2022,9,Sep,27,Tuesday,0,Fall
2022-09-27,22.5,14.9,72.6,Rainy,Hot Beverages & Soups,723.83,62,2022,9,Sep,27,Tuesday,0,Fall
2022-09-27,22.5,14.9,72.6,Rainy,Outdoor & Camping Gear,1721.93,20,2022,9,Sep,27,Tuesday,0,Fall
2022-09-27,22.5,14.9,72.6,Rainy,Rainwear & Umbrellas,61095.93,2063,2022,9,Sep,27,Tuesday,0,Fall
2022-09-28,26.0,0.0,46.5,Sunny,Cold Beverages & Ice Cream,1138.89,139,2022,9,Sep,28,Wednesday,0,Fall
2022-09-28,26.0,0.0,46.5,Sunny,Heating & Winter Apparel,419.46,7,2022,9,Sep,28,Wednesday,0,Fall
2022-09-28,26.0,0.0,46.5,Sunny,Hot Beverages & Soups,253.86,21,2022,9,Sep,28,Wednesday,0,Fall
2022-09-28,26.0,0.0,46.5,Sunny,Outdoor & Camping Gear,4091.36,50,2022,9,Sep,28,Wednesday,0,Fall
2022-09-28,26.0,0.0,46.5,Sunny,Rainwear & Umbrellas,652.45,24,2022,9,Sep,28,Wednesday,0,Fall
2022-09-29,17.7,0.0,52.1,Sunny,Cold Beverages & Ice Cream,482.69,56,2022,9,Sep,29,Thursday,0,Fall
2022-09-29,17.7,0.0,52.1,Sunny,Heating & Winter Apparel,410.16,6,2022,9,Sep,29,Thursday,0,Fall
2022-09-29,17.7,0.0,52.1,Sunny,Hot Beverages & Soups,963.31,86,2022,9,Sep,29,Thursday,0,Fall
2022-09-29,17.7,0.0,52.1,Sunny,Outdoor & Camping Gear,6098.06,67,2022,9,Sep,29,Thursday,0,Fall
2022-09-29,17.7,0.0,52.1,Sunny,Rainwear & Umbrellas,720.33,25,2022,9,Sep,29,Thursday,0,Fall
2022-09-30,24.8,0.0,46.9,Sunny,Cold Beverages & Ice Cream,978.26,117,2022,9,Sep,30,Friday,0,Fall
2022-09-30,24.8,0.0,46.9,Sunny,Heating & Winter Apparel,1094.94,16,2022,9,Sep,30,Friday,0,Fall
2022-09-30,24.8,0.0,46.9,Sunny,Hot Beverages & Soups,314.16,27,2022,9,Sep,30,Friday,0,Fall
2022-09-30,24.8,0.0,46.9,Sunny,Outdoor & Camping Gear,5308.04,58,2022,9,Sep,30,Friday,0,Fall
2022-09-30,24.8,0.0,46.9,Sunny,Rainwear & Umbrellas,304.67,11,2022,9,Sep,30,Friday,0,Fall
2022-10-01,21.3,0.0,44.3,Sunny,Cold Beverages & Ice Cream,864.26,104,2022,10,Oct,1,Saturday,1,Fall
2022-10-01,21.3,0.0,44.3,Sunny,Heating & Winter Apparel,331.19,5,2022,10,Oct,1,Saturday,1,Fall
2022-10-01,21.3,0.0,44.3,Sunny,Hot Beverages & Soups,599.73,51,2022,10,Oct,1,Saturday,1,Fall
2022-10-01,21.3,0.0,44.3,Sunny,Outdoor & Camping Gear,7636.01,96,2022,10,Oct,1,Saturday,1,Fall
2022-10-01,21.3,0.0,44.3,Sunny,Rainwear & Umbrellas,538.31,18,2022,10,Oct,1,Saturday,1,Fall
2022-10-02,18.3,0.0,56.5,Sunny,Cold Beverages & Ice Cream,610.73,78,2022,10,Oct,2,Sunday,1,Fall
2022-10-02,18.3,0.0,56.5,Sunny,Heating & Winter Apparel,342.97,5,2022,10,Oct,2,Sunday,1,Fall
2022-10-02,18.3,0.0,56.5,Sunny,Hot Beverages & Soups,955.12,82,2022,10,Oct,2,Sunday,1,Fall
2022-10-02,18.3,0.0,56.5,Sunny,Outdoor & Camping Gear,9008.78,100,2022,10,Oct,2,Sunday,1,Fall
2022-10-02,18.3,0.0,56.5,Sunny,Rainwear & Umbrellas,783.71,26,2022,10,Oct,2,Sunday,1,Fall
2022-10-03,22.2,0.0,63.7,Sunny,Cold Beverages & Ice Cream,833.45,92,2022,10,Oct,3,Monday,0,Fall
2022-10-03,22.2,0.0,63.7,Sunny,Heating & Winter Apparel,346.23,5,2022,10,Oct,3,Monday,0,Fall
2022-10-03,22.2,0.0,63.7,Sunny,Hot Beverages & Soups,583.02,45,2022,10,Oct,3,Monday,0,Fall
2022-10-03,22.2,0.0,63.7,Sunny,Outdoor & Camping Gear,5942.59,73,2022,10,Oct,3,Monday,0,Fall
2022-10-03,22.2,0.0,63.7,Sunny,Rainwear & Umbrellas,699.88,26,2022,10,Oct,3,Monday,0,Fall
2022-10-04,21.2,0.0,52.4,Sunny,Cold Beverages & Ice Cream,734.76,86,2022,10,Oct,4,Tuesday,0,Fall
2022-10-04,21.2,0.0,52.4,Sunny,Heating & Winter Apparel,311.1,5,2022,10,Oct,4,Tuesday,0,Fall
2022-10-04,21.2,0.0,52.4,Sunny,Hot Beverages & Soups,621.79,52,2022,10,Oct,4,Tuesday,0,Fall
2022-10-04,21.2,0.0,52.4,Sunny,Outdoor & Camping Gear,5314.56,62,2022,10,Oct,4,Tuesday,0,Fall
2022-10-04,21.2,0.0,52.4,Sunny,Rainwear & Umbrellas,771.83,29,2022,10,Oct,4,Tuesday,0,Fall
2022-10-05,18.8,0.0,48.9,Sunny,Cold Beverages & Ice Cream,432.9,51,2022,10,Oct,5,Wednesday,0,Fall
2022-10-05,18.8,0.0,48.9,Sunny,Heating & Winter Apparel,374.4,6,2022,10,Oct,5,Wednesday,0,Fall
2022-10-05,18.8,0.0,48.9,Sunny,Hot Beverages & Soups,887.21,73,2022,10,Oct,5,Wednesday,0,Fall
2022-10-05,18.8,0.0,48.9,Sunny,Outdoor & Camping Gear,5066.99,57,2022,10,Oct,5,Wednesday,0,Fall
2022-10-05,18.8,0.0,48.9,Sunny,Rainwear & Umbrellas,758.6,29,2022,10,Oct,5,Wednesday,0,Fall
2022-10-06,20.4,17.1,66.4,Rainy,Cold Beverages & Ice Cream,296.6,33,2022,10,Oct,6,Thursday,0,Fall
2022-10-06,20.4,17.1,66.4,Rainy,Heating & Winter Apparel,347.23,5,2022,10,Oct,6,Thursday,0,Fall
2022-10-06,20.4,17.1,66.4,Rainy,Hot Beverages & Soups,801.09,71,2022,10,Oct,6,Thursday,0,Fall
2022-10-06,20.4,17.1,66.4,Rainy,Outdoor & Camping Gear,995.6,11,2022,10,Oct,6,Thursday,0,Fall
2022-10-06,20.4,17.1,66.4,Rainy,Rainwear & Umbrellas,70905.67,2452,2022,10,Oct,6,Thursday,0,Fall
2022-10-07,18.9,0.0,58.5,Sunny,Cold Beverages & Ice Cream,332.61,39,2022,10,Oct,7,Friday,0,Fall
2022-10-07,18.9,0.0,58.5,Sunny,Heating & Winter Apparel,679.76,10,2022,10,Oct,7,Friday,0,Fall
2022-10-07,18.9,0.0,58.5,Sunny,Hot Beverages & Soups,1112.7,90,2022,10,Oct,7,Friday,0,Fall
2022-10-07,18.9,0.0,58.5,Sunny,Outdoor & Camping Gear,4909.4,62,2022,10,Oct,7,Friday,0,Fall
2022-10-07,18.9,0.0,58.5,Sunny,Rainwear & Umbrellas,577.25,22,2022,10,Oct,7,Friday,0,Fall
2022-10-08,20.1,16.8,64.1,Rainy,Cold Beverages & Ice Cream,468.82,54,2022,10,Oct,8,Saturday,1,Fall
2022-10-08,20.1,16.8,64.1,Rainy,Heating & Winter Apparel,346.03,5,2022,10,Oct,8,Saturday,1,Fall
2022-10-08,20.1,16.8,64.1,Rainy,Hot Beverages & Soups,1285.72,101,2022,10,Oct,8,Saturday,1,Fall
2022-10-08,20.1,16.8,64.1,Rainy,Outdoor & Camping Gear,950.19,11,2022,10,Oct,8,Saturday,1,Fall
2022-10-08,20.1,16.8,64.1,Rainy,Rainwear & Umbrellas,72694.36,2653,2022,10,Oct,8,Saturday,1,Fall
2022-10-09,21.4,0.0,62.8,Sunny,Cold Beverages & Ice Cream,1029.03,121,2022,10,Oct,9,Sunday,1,Fall
2022-10-09,21.4,0.0,62.8,Sunny,Heating & Winter Apparel,340.01,5,2022,10,Oct,9,Sunday,1,Fall
2022-10-09,21.4,0.0,62.8,Sunny,Hot Beverages & Soups,791.18,66,2022,10,Oct,9,Sunday,1,Fall
2022-10-09,21.4,0.0,62.8,Sunny,Outdoor & Camping Gear,9497.89,107,2022,10,Oct,9,Sunday,1,Fall
2022-10-09,21.4,0.0,62.8,Sunny,Rainwear & Umbrellas,717.1,27,2022,10,Oct,9,Sunday,1,Fall
2022-10-10,23.8,0.0,47.4,Sunny,Cold Beverages & Ice Cream,881.26,98,2022,10,Oct,10,Monday,0,Fall
2022-10-10,23.8,0.0,47.4,Sunny,Heating & Winter Apparel,916.6,14,2022,10,Oct,10,Monday,0,Fall
2022-10-10,23.8,0.0,47.4,Sunny,Hot Beverages & Soups,561.24,44,2022,10,Oct,10,Monday,0,Fall
2022-10-10,23.8,0.0,47.4,Sunny,Outdoor & Camping Gear,5940.61,66,2022,10,Oct,10,Monday,0,Fall
2022-10-10,23.8,0.0,47.4,Sunny,Rainwear & Umbrellas,693.01,23,2022,10,Oct,10,Monday,0,Fall
2022-10-11,15.6,0.0,54.1,Sunny,Cold Beverages & Ice Cream,386.59,49,2022,10,Oct,11,Tuesday,0,Fall
2022-10-11,15.6,0.0,54.1,Sunny,Heating & Winter Apparel,307.26,5,2022,10,Oct,11,Tuesday,0,Fall
2022-10-11,15.6,0.0,54.1,Sunny,Hot Beverages & Soups,1142.37,93,2022,10,Oct,11,Tuesday,0,Fall
2022-10-11,15.6,0.0,54.1,Sunny,Outdoor & Camping Gear,3197.63,39,2022,10,Oct,11,Tuesday,0,Fall
2022-10-11,15.6,0.0,54.1,Sunny,Rainwear & Umbrellas,980.41,35,2022,10,Oct,11,Tuesday,0,Fall
2022-10-12,24.9,0.0,54.2,Sunny,Cold Beverages & Ice Cream,983.05,114,2022,10,Oct,12,Wednesday,0,Fall
2022-10-12,24.9,0.0,54.2,Sunny,Heating & Winter Apparel,341.93,5,2022,10,Oct,12,Wednesday,0,Fall
2022-10-12,24.9,0.0,54.2,Sunny,Hot Beverages & Soups,305.29,25,2022,10,Oct,12,Wednesday,0,Fall
2022-10-12,24.9,0.0,54.2,Sunny,Outdoor & Camping Gear,4967.08,61,2022,10,Oct,12,Wednesday,0,Fall
2022-10-12,24.9,0.0,54.2,Sunny,Rainwear & Umbrellas,790.5,27,2022,10,Oct,12,Wednesday,0,Fall
2022-10-13,13.2,0.0,59.5,Sunny,Cold Beverages & Ice Cream,236.76,27,2022,10,Oct,13,Thursday,0,Fall
2022-10-13,13.2,0.0,59.5,Sunny,Heating & Winter Apparel,339.61,5,2022,10,Oct,13,Thursday,0,Fall
2022-10-13,13.2,0.0,59.5,Sunny,Hot Beverages & Soups,1320.41,109,2022,10,Oct,13,Thursday,0,Fall
2022-10-13,13.2,0.0,59.5,Sunny,Outdoor & Camping Gear,4132.62,50,2022,10,Oct,13,Thursday,0,Fall
2022-10-13,13.2,0.0,59.5,Sunny,Rainwear & Umbrellas,531.99,20,2022,10,Oct,13,Thursday,0,Fall
2022-10-14,18.0,0.0,55.3,Sunny,Cold Beverages & Ice Cream,492.83,55,2022,10,Oct,14,Friday,0,Fall
2022-10-14,18.0,0.0,55.3,Sunny,Heating & Winter Apparel,508.62,8,2022,10,Oct,14,Friday,0,Fall
2022-10-14,18.0,0.0,55.3,Sunny,Hot Beverages & Soups,921.59,82,2022,10,Oct,14,Friday,0,Fall
2022-10-14,18.0,0.0,55.3,Sunny,Outdoor & Camping Gear,5389.55,62,2022,10,Oct,14,Friday,0,Fall
2022-10-14,18.0,0.0,55.3,Sunny,Rainwear & Umbrellas,601.02,23,2022,10,Oct,14,Friday,0,Fall
2022-10-15,19.9,0.0,45.9,Sunny,Cold Beverages & Ice Cream,763.58,93,2022,10,Oct,15,Saturday,1,Fall
2022-10-15,19.9,0.0,45.9,Sunny,Heating & Winter Apparel,438.01,7,2022,10,Oct,15,Saturday,1,Fall
2022-10-15,19.9,0.0,45.9,Sunny,Hot Beverages & Soups,620.17,53,2022,10,Oct,15,Saturday,1,Fall
2022-10-15,19.9,0.0,45.9,Sunny,Outdoor & Camping Gear,8960.22,98,2022,10,Oct,15,Saturday,1,Fall
2022-10-15,19.9,0.0,45.9,Sunny,Rainwear & Umbrellas,779.43,27,2022,10,Oct,15,Saturday,1,Fall
2022-10-16,18.8,0.0,69.9,Sunny,Cold Beverages & Ice Cream,655.56,75,2022,10,Oct,16,Sunday,1,Fall
2022-10-16,18.8,0.0,69.9,Sunny,Heating & Winter Apparel,587.36,9,2022,10,Oct,16,Sunday,1,Fall
2022-10-16,18.8,0.0,69.9,Sunny,Hot Beverages & Soups,1183.43,99,2022,10,Oct,16,Sunday,1,Fall
2022-10-16,18.8,0.0,69.9,Sunny,Outdoor & Camping Gear,6827.34,87,2022,10,Oct,16,Sunday,1,Fall
2022-10-16,18.8,0.0,69.9,Sunny,Rainwear & Umbrellas,466.12,17,2022,10,Oct,16,Sunday,1,Fall
2022-10-17,16.0,8.9,60.1,Rainy,Cold Beverages & Ice Cream,576.11,63,2022,10,Oct,17,Monday,0,Fall
2022-10-17,16.0,8.9,60.1,Rainy,Heating & Winter Apparel,340.91,5,2022,10,Oct,17,Monday,0,Fall
2022-10-17,16.0,8.9,60.1,Rainy,Hot Beverages & Soups,1314.01,112,2022,10,Oct,17,Monday,0,Fall
2022-10-17,16.0,8.9,60.1,Rainy,Outdoor & Camping Gear,3412.44,38,2022,10,Oct,17,Monday,0,Fall
2022-10-17,16.0,8.9,60.1,Rainy,Rainwear & Umbrellas,31948.28,1089,2022,10,Oct,17,Monday,0,Fall
2022-10-18,17.0,0.0,56.1,Sunny,Cold Beverages & Ice Cream,479.5,57,2022,10,Oct,18,Tuesday,0,Fall
2022-10-18,17.0,0.0,56.1,Sunny,Heating & Winter Apparel,311.73,5,2022,10,Oct,18,Tuesday,0,Fall
2022-10-18,17.0,0.0,56.1,Sunny,Hot Beverages & Soups,893.64,77,2022,10,Oct,18,Tuesday,0,Fall
2022-10-18,17.0,0.0,56.1,Sunny,Outdoor & Camping Gear,4162.65,51,2022,10,Oct,18,Tuesday,0,Fall
2022-10-18,17.0,0.0,56.1,Sunny,Rainwear & Umbrellas,656.46,24,2022,10,Oct,18,Tuesday,0,Fall
2022-10-19,15.9,0.0,59.8,Sunny,Cold Beverages & Ice Cream,410.14,52,2022,10,Oct,19,Wednesday,0,Fall
2022-10-19,15.9,0.0,59.8,Sunny,Heating & Winter Apparel,326.49,5,2022,10,Oct,19,Wednesday,0,Fall
2022-10-19,15.9,0.0,59.8,Sunny,Hot Beverages & Soups,1060.87,91,2022,10,Oct,19,Wednesday,0,Fall
2022-10-19,15.9,0.0,59.8,Sunny,Outdoor & Camping Gear,4184.18,52,2022,10,Oct,19,Wednesday,0,Fall
2022-10-19,15.9,0.0,59.8,Sunny,Rainwear & Umbrellas,752.2,28,2022,10,Oct,19,Wednesday,0,Fall
2022-10-20,15.4,13.5,60.7,Rainy,Cold Beverages & Ice Cream,78.68,10,2022,10,Oct,20,Thursday,0,Fall
2022-10-20,15.4,13.5,60.7,Rainy,Heating & Winter Apparel,689.09,11,2022,10,Oct,20,Thursday,0,Fall
2022-10-20,15.4,13.5,60.7,Rainy,Hot Beverages & Soups,1477.83,133,2022,10,Oct,20,Thursday,0,Fall
2022-10-20,15.4,13.5,60.7,Rainy,Outdoor & Camping Gear,421.8,5,2022,10,Oct,20,Thursday,0,Fall
2022-10-20,15.4,13.5,60.7,Rainy,Rainwear & Umbrellas,51012.65,1842,2022,10,Oct,20,Thursday,0,Fall
2022-10-21,19.2,0.0,54.9,Sunny,Cold Beverages & Ice Cream,558.98,70,2022,10,Oct,21,Friday,0,Fall
2022-10-21,19.2,0.0,54.9,Sunny,Heating & Winter Apparel,337.47,5,2022,10,Oct,21,Friday,0,Fall
2022-10-21,19.2,0.0,54.9,Sunny,Hot Beverages & Soups,606.37,51,2022,10,Oct,21,Friday,0,Fall
2022-10-21,19.2,0.0,54.9,Sunny,Outdoor & Camping Gear,6933.69,81,2022,10,Oct,21,Friday,0,Fall
2022-10-21,19.2,0.0,54.9,Sunny,Rainwear & Umbrellas,802.43,28,2022,10,Oct,21,Friday,0,Fall
2022-10-22,17.6,0.0,50.8,Sunny,Cold Beverages & Ice Cream,647.0,74,2022,10,Oct,22,Saturday,1,Fall
2022-10-22,17.6,0.0,50.8,Sunny,Heating & Winter Apparel,321.25,5,2022,10,Oct,22,Saturday,1,Fall
2022-10-22,17.6,0.0,50.8,Sunny,Hot Beverages & Soups,1424.33,112,2022,10,Oct,22,Saturday,1,Fall
2022-10-22,17.6,0.0,50.8,Sunny,Outdoor & Camping Gear,6114.71,71,2022,10,Oct,22,Saturday,1,Fall
2022-10-22,17.6,0.0,50.8,Sunny,Rainwear & Umbrellas,437.76,15,2022,10,Oct,22,Saturday,1,Fall
2022-10-23,14.5,50.3,91.8,Stormy,Cold Beverages & Ice Cream,190.2,23,2022,10,Oct,23,Sunday,1,Fall
2022-10-23,14.5,50.3,91.8,Stormy,Heating & Winter Apparel,622.94,9,2022,10,Oct,23,Sunday,1,Fall
2022-10-23,14.5,50.3,91.8,Stormy,Hot Beverages & Soups,2045.12,171,2022,10,Oct,23,Sunday,1,Fall
2022-10-23,14.5,50.3,91.8,Stormy,Outdoor & Camping Gear,1684.06,19,2022,10,Oct,23,Sunday,1,Fall
2022-10-23,14.5,50.3,91.8,Stormy,Rainwear & Umbrellas,271096.78,10336,2022,10,Oct,23,Sunday,1,Fall
2022-10-24,18.7,0.0,52.9,Sunny,Cold Beverages & Ice Cream,638.79,71,2022,10,Oct,24,Monday,0,Fall
2022-10-24,18.7,0.0,52.9,Sunny,Heating & Winter Apparel,716.13,11,2022,10,Oct,24,Monday,0,Fall
2022-10-24,18.7,0.0,52.9,Sunny,Hot Beverages & Soups,801.04,69,2022,10,Oct,24,Monday,0,Fall
2022-10-24,18.7,0.0,52.9,Sunny,Outdoor & Camping Gear,4731.64,55,2022,10,Oct,24,Monday,0,Fall
2022-10-24,18.7,0.0,52.9,Sunny,Rainwear & Umbrellas,633.89,23,2022,10,Oct,24,Monday,0,Fall
2022-10-25,16.8,14.8,66.8,Rainy,Cold Beverages & Ice Cream,302.58,38,2022,10,Oct,25,Tuesday,0,Fall
2022-10-25,16.8,14.8,66.8,Rainy,Heating & Winter Apparel,347.28,5,2022,10,Oct,25,Tuesday,0,Fall
2022-10-25,16.8,14.8,66.8,Rainy,Hot Beverages & Soups,1406.63,109,2022,10,Oct,25,Tuesday,0,Fall
2022-10-25,16.8,14.8,66.8,Rainy,Outdoor & Camping Gear,1093.34,13,2022,10,Oct,25,Tuesday,0,Fall
2022-10-25,16.8,14.8,66.8,Rainy,Rainwear & Umbrellas,54179.6,2061,2022,10,Oct,25,Tuesday,0,Fall
2022-10-26,18.0,15.4,58.2,Rainy,Cold Beverages & Ice Cream,502.31,56,2022,10,Oct,26,Wednesday,0,Fall
2022-10-26,18.0,15.4,58.2,Rainy,Heating & Winter Apparel,350.52,5,2022,10,Oct,26,Wednesday,0,Fall
2022-10-26,18.0,15.4,58.2,Rainy,Hot Beverages & Soups,1288.69,111,2022,10,Oct,26,Wednesday,0,Fall
2022-10-26,18.0,15.4,58.2,Rainy,Outdoor & Camping Gear,640.36,7,2022,10,Oct,26,Wednesday,0,Fall
2022-10-26,18.0,15.4,58.2,Rainy,Rainwear & Umbrellas,64479.23,2164,2022,10,Oct,26,Wednesday,0,Fall
2022-10-27,17.3,0.0,49.9,Sunny,Cold Beverages & Ice Cream,566.97,67,2022,10,Oct,27,Thursday,0,Fall
2022-10-27,17.3,0.0,49.9,Sunny,Heating & Winter Apparel,339.39,5,2022,10,Oct,27,Thursday,0,Fall
2022-10-27,17.3,0.0,49.9,Sunny,Hot Beverages & Soups,1060.85,91,2022,10,Oct,27,Thursday,0,Fall
2022-10-27,17.3,0.0,49.9,Sunny,Outdoor & Camping Gear,4645.66,58,2022,10,Oct,27,Thursday,0,Fall
2022-10-27,17.3,0.0,49.9,Sunny,Rainwear & Umbrellas,1043.84,40,2022,10,Oct,27,Thursday,0,Fall
2022-10-28,13.0,0.0,48.1,Sunny,Cold Beverages & Ice Cream,122.48,15,2022,10,Oct,28,Friday,0,Fall
2022-10-28,13.0,0.0,48.1,Sunny,Heating & Winter Apparel,309.84,5,2022,10,Oct,28,Friday,0,Fall
2022-10-28,13.0,0.0,48.1,Sunny,Hot Beverages & Soups,1599.03,126,2022,10,Oct,28,Friday,0,Fall
2022-10-28,13.0,0.0,48.1,Sunny,Outdoor & Camping Gear,3654.17,46,2022,10,Oct,28,Friday,0,Fall
2022-10-28,13.0,0.0,48.1,Sunny,Rainwear & Umbrellas,769.25,27,2022,10,Oct,28,Friday,0,Fall
2022-10-29,13.5,0.0,52.2,Sunny,Cold Beverages & Ice Cream,313.9,36,2022,10,Oct,29,Saturday,1,Fall
2022-10-29,13.5,0.0,52.2,Sunny,Heating & Winter Apparel,784.56,12,2022,10,Oct,29,Saturday,1,Fall
2022-10-29,13.5,0.0,52.2,Sunny,Hot Beverages & Soups,1532.81,134,2022,10,Oct,29,Saturday,1,Fall
2022-10-29,13.5,0.0,52.2,Sunny,Outdoor & Camping Gear,4860.82,54,2022,10,Oct,29,Saturday,1,Fall
2022-10-29,13.5,0.0,52.2,Sunny,Rainwear & Umbrellas,917.32,32,2022,10,Oct,29,Saturday,1,Fall
2022-10-30,17.0,0.0,38.7,Sunny,Cold Beverages & Ice Cream,497.62,60,2022,10,Oct,30,Sunday,1,Fall
2022-10-30,17.0,0.0,38.7,Sunny,Heating & Winter Apparel,314.12,5,2022,10,Oct,30,Sunday,1,Fall
2022-10-30,17.0,0.0,38.7,Sunny,Hot Beverages & Soups,1249.52,106,2022,10,Oct,30,Sunday,1,Fall
2022-10-30,17.0,0.0,38.7,Sunny,Outdoor & Camping Gear,6242.3,78,2022,10,Oct,30,Sunday,1,Fall
2022-10-30,17.0,0.0,38.7,Sunny,Rainwear & Umbrellas,949.66,32,2022,10,Oct,30,Sunday,1,Fall
2022-10-31,16.4,0.0,53.6,Sunny,Cold Beverages & Ice Cream,328.93,38,2022,10,Oct,31,Monday,0,Fall
2022-10-31,16.4,0.0,53.6,Sunny,Heating & Winter Apparel,372.52,6,2022,10,Oct,31,Monday,0,Fall
2022-10-31,16.4,0.0,53.6,Sunny,Hot Beverages & Soups,1132.55,94,2022,10,Oct,31,Monday,0,Fall
2022-10-31,16.4,0.0,53.6,Sunny,Outdoor & Camping Gear,6269.12,71,2022,10,Oct,31,Monday,0,Fall
2022-10-31,16.4,0.0,53.6,Sunny,Rainwear & Umbrellas,720.72,27,2022,10,Oct,31,Monday,0,Fall
2022-11-01,14.4,8.7,58.6,Rainy,Cold Beverages & Ice Cream,82.12,9,2022,11,Nov,1,Tuesday,0,Fall
2022-11-01,14.4,8.7,58.6,Rainy,Heating & Winter Apparel,348.15,5,2022,11,Nov,1,Tuesday,0,Fall
2022-11-01,14.4,8.7,58.6,Rainy,Hot Beverages & Soups,1498.44,126,2022,11,Nov,1,Tuesday,0,Fall
2022-11-01,14.4,8.7,58.6,Rainy,Outdoor & Camping Gear,1977.48,23,2022,11,Nov,1,Tuesday,0,Fall
2022-11-01,14.4,8.7,58.6,Rainy,Rainwear & Umbrellas,28970.86,1075,2022,11,Nov,1,Tuesday,0,Fall
2022-11-02,14.6,0.0,57.3,Sunny,Cold Beverages & Ice Cream,373.14,46,2022,11,Nov,2,Wednesday,0,Fall
2022-11-02,14.6,0.0,57.3,Sunny,Heating & Winter Apparel,642.94,10,2022,11,Nov,2,Wednesday,0,Fall
2022-11-02,14.6,0.0,57.3,Sunny,Hot Beverages & Soups,1300.66,103,2022,11,Nov,2,Wednesday,0,Fall
2022-11-02,14.6,0.0,57.3,Sunny,Outdoor & Camping Gear,2636.39,29,2022,11,Nov,2,Wednesday,0,Fall
2022-11-02,14.6,0.0,57.3,Sunny,Rainwear & Umbrellas,768.12,26,2022,11,Nov,2,Wednesday,0,Fall
2022-11-03,17.6,0.0,55.4,Sunny,Cold Beverages & Ice Cream,292.0,34,2022,11,Nov,3,Thursday,0,Fall
2022-11-03,17.6,0.0,55.4,Sunny,Heating & Winter Apparel,304.16,5,2022,11,Nov,3,Thursday,0,Fall
2022-11-03,17.6,0.0,55.4,Sunny,Hot Beverages & Soups,1086.85,91,2022,11,Nov,3,Thursday,0,Fall
2022-11-03,17.6,0.0,55.4,Sunny,Outdoor & Camping Gear,3834.06,49,2022,11,Nov,3,Thursday,0,Fall
2022-11-03,17.6,0.0,55.4,Sunny,Rainwear & Umbrellas,976.19,37,2022,11,Nov,3,Thursday,0,Fall
2022-11-04,12.2,14.7,75.0,Rainy,Cold Beverages & Ice Cream,45.28,5,2022,11,Nov,4,Friday,0,Fall
2022-11-04,12.2,14.7,75.0,Rainy,Heating & Winter Apparel,864.6,14,2022,11,Nov,4,Friday,0,Fall
2022-11-04,12.2,14.7,75.0,Rainy,Hot Beverages & Soups,1753.83,154,2022,11,Nov,4,Friday,0,Fall
2022-11-04,12.2,14.7,75.0,Rainy,Outdoor & Camping Gear,605.87,7,2022,11,Nov,4,Friday,0,Fall
2022-11-04,12.2,14.7,75.0,Rainy,Rainwear & Umbrellas,52574.89,2036,2022,11,Nov,4,Friday,0,Fall
2022-11-05,15.1,5.3,76.5,Rainy,Cold Beverages & Ice Cream,273.54,30,2022,11,Nov,5,Saturday,1,Fall
2022-11-05,15.1,5.3,76.5,Rainy,Heating & Winter Apparel,484.09,8,2022,11,Nov,5,Saturday,1,Fall
2022-11-05,15.1,5.3,76.5,Rainy,Hot Beverages & Soups,1704.21,148,2022,11,Nov,5,Saturday,1,Fall
2022-11-05,15.1,5.3,76.5,Rainy,Outdoor & Camping Gear,4473.22,53,2022,11,Nov,5,Saturday,1,Fall
2022-11-05,15.1,5.3,76.5,Rainy,Rainwear & Umbrellas,17448.77,644,2022,11,Nov,5,Saturday,1,Fall
2022-11-06,12.8,8.0,69.7,Rainy,Cold Beverages & Ice Cream,109.43,12,2022,11,Nov,6,Sunday,1,Fall
2022-11-06,12.8,8.0,69.7,Rainy,Heating & Winter Apparel,740.61,12,2022,11,Nov,6,Sunday,1,Fall
2022-11-06,12.8,8.0,69.7,Rainy,Hot Beverages & Soups,2430.68,193,2022,11,Nov,6,Sunday,1,Fall
2022-11-06,12.8,8.0,69.7,Rainy,Outdoor & Camping Gear,2746.97,33,2022,11,Nov,6,Sunday,1,Fall
2022-11-06,12.8,8.0,69.7,Rainy,Rainwear & Umbrellas,31961.97,1062,2022,11,Nov,6,Sunday,1,Fall
2022-11-07,12.6,0.0,54.2,Sunny,Cold Beverages & Ice Cream,119.02,13,2022,11,Nov,7,Monday,0,Fall
2022-11-07,12.6,0.0,54.2,Sunny,Heating & Winter Apparel,690.66,11,2022,11,Nov,7,Monday,0,Fall
2022-11-07,12.6,0.0,54.2,Sunny,Hot Beverages & Soups,1268.4,113,2022,11,Nov,7,Monday,0,Fall
2022-11-07,12.6,0.0,54.2,Sunny,Outdoor & Camping Gear,3488.23,40,2022,11,Nov,7,Monday,0,Fall
2022-11-07,12.6,0.0,54.2,Sunny,Rainwear & Umbrellas,985.97,35,2022,11,Nov,7,Monday,0,Fall
2022-11-08,16.1,19.7,65.4,Rainy,Cold Beverages & Ice Cream,181.97,20,2022,11,Nov,8,Tuesday,0,Fall
2022-11-08,16.1,19.7,65.4,Rainy,Heating & Winter Apparel,318.37,5,2022,11,Nov,8,Tuesday,0,Fall
2022-11-08,16.1,19.7,65.4,Rainy,Hot Beverages & Soups,1446.95,126,2022,11,Nov,8,Tuesday,0,Fall
2022-11-08,16.1,19.7,65.4,Rainy,Outdoor & Camping Gear,835.67,10,2022,11,Nov,8,Tuesday,0,Fall
2022-11-08,16.1,19.7,65.4,Rainy,Rainwear & Umbrellas,81961.9,2923,2022,11,Nov,8,Tuesday,0,Fall
2022-11-09,15.1,0.0,61.8,Sunny,Cold Beverages & Ice Cream,234.42,27,2022,11,Nov,9,Wednesday,0,Fall
2022-11-09,15.1,0.0,61.8,Sunny,Heating & Winter Apparel,389.15,6,2022,11,Nov,9,Wednesday,0,Fall
2022-11-09,15.1,0.0,61.8,Sunny,Hot Beverages & Soups,1103.48,94,2022,11,Nov,9,Wednesday,0,Fall
2022-11-09,15.1,0.0,61.8,Sunny,Outdoor & Camping Gear,4157.66,50,2022,11,Nov,9,Wednesday,0,Fall
2022-11-09,15.1,0.0,61.8,Sunny,Rainwear & Umbrellas,769.37,27,2022,11,Nov,9,Wednesday,0,Fall
2022-11-10,14.8,0.0,45.3,Sunny,Cold Beverages & Ice Cream,251.9,31,2022,11,Nov,10,Thursday,0,Fall
2022-11-10,14.8,0.0,45.3,Sunny,Heating & Winter Apparel,758.15,11,2022,11,Nov,10,Thursday,0,Fall
2022-11-10,14.8,0.0,45.3,Sunny,Hot Beverages & Soups,1178.02,94,2022,11,Nov,10,Thursday,0,Fall
2022-11-10,14.8,0.0,45.3,Sunny,Outdoor & Camping Gear,2152.07,25,2022,11,Nov,10,Thursday,0,Fall
2022-11-10,14.8,0.0,45.3,Sunny,Rainwear & Umbrellas,589.29,22,2022,11,Nov,10,Thursday,0,Fall
2022-11-11,16.0,0.0,53.8,Sunny,Cold Beverages & Ice Cream,345.0,44,2022,11,Nov,11,Friday,0,Fall
2022-11-11,16.0,0.0,53.8,Sunny,Heating & Winter Apparel,338.03,5,2022,11,Nov,11,Friday,0,Fall
2022-11-11,16.0,0.0,53.8,Sunny,Hot Beverages & Soups,1162.16,98,2022,11,Nov,11,Friday,0,Fall
2022-11-11,16.0,0.0,53.8,Sunny,Outdoor & Camping Gear,5219.2,65,2022,11,Nov,11,Friday,0,Fall
2022-11-11,16.0,0.0,53.8,Sunny,Rainwear & Umbrellas,889.02,31,2022,11,Nov,11,Friday,0,Fall
2022-11-12,12.2,40.3,82.0,Stormy,Cold Beverages & Ice Cream,198.75,24,2022,11,Nov,12,Saturday,1,Fall
2022-11-12,12.2,40.3,82.0,Stormy,Heating & Winter Apparel,790.93,12,2022,11,Nov,12,Saturday,1,Fall
2022-11-12,12.2,40.3,82.0,Stormy,Hot Beverages & Soups,2352.8,199,2022,11,Nov,12,Saturday,1,Fall
2022-11-12,12.2,40.3,82.0,Stormy,Outdoor & Camping Gear,954.56,11,2022,11,Nov,12,Saturday,1,Fall
2022-11-12,12.2,40.3,82.0,Stormy,Rainwear & Umbrellas,226894.98,7846,2022,11,Nov,12,Saturday,1,Fall
2022-11-13,13.9,0.0,60.4,Sunny,Cold Beverages & Ice Cream,328.03,38,2022,11,Nov,13,Sunday,1,Fall
2022-11-13,13.9,0.0,60.4,Sunny,Heating & Winter Apparel,680.96,11,2022,11,Nov,13,Sunday,1,Fall
2022-11-13,13.9,0.0,60.4,Sunny,Hot Beverages & Soups,1361.97,114,2022,11,Nov,13,Sunday,1,Fall
2022-11-13,13.9,0.0,60.4,Sunny,Outdoor & Camping Gear,5434.34,67,2022,11,Nov,13,Sunday,1,Fall
2022-11-13,13.9,0.0,60.4,Sunny,Rainwear & Umbrellas,613.32,23,2022,11,Nov,13,Sunday,1,Fall
2022-11-14,10.9,0.0,61.8,Sunny,Cold Beverages & Ice Cream,209.86,23,2022,11,Nov,14,Monday,0,Fall
2022-11-14,10.9,0.0,61.8,Sunny,Heating & Winter Apparel,1093.14,16,2022,11,Nov,14,Monday,0,Fall
2022-11-14,10.9,0.0,61.8,Sunny,Hot Beverages & Soups,1673.59,135,2022,11,Nov,14,Monday,0,Fall
2022-11-14,10.9,0.0,61.8,Sunny,Outdoor & Camping Gear,2567.1,31,2022,11,Nov,14,Monday,0,Fall
2022-11-14,10.9,0.0,61.8,Sunny,Rainwear & Umbrellas,724.91,25,2022,11,Nov,14,Monday,0,Fall
2022-11-15,12.5,0.0,52.4,Sunny,Cold Beverages & Ice Cream,190.52,23,2022,11,Nov,15,Tuesday,0,Fall
2022-11-15,12.5,0.0,52.4,Sunny,Heating & Winter Apparel,636.73,10,2022,11,Nov,15,Tuesday,0,Fall
2022-11-15,12.5,0.0,52.4,Sunny,Hot Beverages & Soups,1347.97,114,2022,11,Nov,15,Tuesday,0,Fall
2022-11-15,12.5,0.0,52.4,Sunny,Outdoor & Camping Gear,2157.39,26,2022,11,Nov,15,Tuesday,0,Fall
2022-11-15,12.5,0.0,52.4,Sunny,Rainwear & Umbrellas,838.22,32,2022,11,Nov,15,Tuesday,0,Fall
2022-11-16,11.0,0.0,55.1,Sunny,Cold Beverages & Ice Cream,106.51,12,2022,11,Nov,16,Wednesday,0,Fall
2022-11-16,11.0,0.0,55.1,Sunny,Heating & Winter Apparel,1519.17,22,2022,11,Nov,16,Wednesday,0,Fall
2022-11-16,11.0,0.0,55.1,Sunny,Hot Beverages & Soups,1761.71,141,2022,11,Nov,16,Wednesday,0,Fall
2022-11-16,11.0,0.0,55.1,Sunny,Outdoor & Camping Gear,2323.4,27,2022,11,Nov,16,Wednesday,0,Fall
2022-11-16,11.0,0.0,55.1,Sunny,Rainwear & Umbrellas,814.94,31,2022,11,Nov,16,Wednesday,0,Fall
2022-11-17,11.5,34.6,83.0,Rainy,Cold Beverages & Ice Cream,42.02,5,2022,11,Nov,17,Thursday,0,Fall
2022-11-17,11.5,34.6,83.0,Rainy,Heating & Winter Apparel,488.52,8,2022,11,Nov,17,Thursday,0,Fall
2022-11-17,11.5,34.6,83.0,Rainy,Hot Beverages & Soups,2062.03,172,2022,11,Nov,17,Thursday,0,Fall
2022-11-17,11.5,34.6,83.0,Rainy,Outdoor & Camping Gear,392.74,5,2022,11,Nov,17,Thursday,0,Fall
2022-11-17,11.5,34.6,83.0,Rainy,Rainwear & Umbrellas,165392.73,5901,2022,11,Nov,17,Thursday,0,Fall
2022-11-18,12.7,31.3,72.3,Rainy,Cold Beverages & Ice Cream,149.66,18,2022,11,Nov,18,Friday,0,Fall
2022-11-18,12.7,31.3,72.3,Rainy,Heating & Winter Apparel,961.63,14,2022,11,Nov,18,Friday,0,Fall
2022-11-18,12.7,31.3,72.3,Rainy,Hot Beverages & Soups,1998.8,155,2022,11,Nov,18,Friday,0,Fall
2022-11-18,12.7,31.3,72.3,Rainy,Outdoor & Camping Gear,592.64,7,2022,11,Nov,18,Friday,0,Fall
2022-11-18,12.7,31.3,72.3,Rainy,Rainwear & Umbrellas,147261.11,5197,2022,11,Nov,18,Friday,0,Fall
2022-11-19,8.5,14.0,75.7,Rainy,Cold Beverages & Ice Cream,147.9,18,2022,11,Nov,19,Saturday,1,Fall
2022-11-19,8.5,14.0,75.7,Rainy,Heating & Winter Apparel,2739.08,43,2022,11,Nov,19,Saturday,1,Fall
2022-11-19,8.5,14.0,75.7,Rainy,Hot Beverages & Soups,2810.54,249,2022,11,Nov,19,Saturday,1,Fall
2022-11-19,8.5,14.0,75.7,Rainy,Outdoor & Camping Gear,909.54,10,2022,11,Nov,19,Saturday,1,Fall
2022-11-19,8.5,14.0,75.7,Rainy,Rainwear & Umbrellas,62876.99,2114,2022,11,Nov,19,Saturday,1,Fall
2022-11-20,16.5,0.0,59.6,Sunny,Cold Beverages & Ice Cream,476.91,55,2022,11,Nov,20,Sunday,1,Fall
2022-11-20,16.5,0.0,59.6,Sunny,Heating & Winter Apparel,348.38,5,2022,11,Nov,20,Sunday,1,Fall
2022-11-20,16.5,0.0,59.6,Sunny,Hot Beverages & Soups,1235.12,102,2022,11,Nov,20,Sunday,1,Fall
2022-11-20,16.5,0.0,59.6,Sunny,Outdoor & Camping Gear,6569.67,76,2022,11,Nov,20,Sunday,1,Fall
2022-11-20,16.5,0.0,59.6,Sunny,Rainwear & Umbrellas,925.92,32,2022,11,Nov,20,Sunday,1,Fall
2022-11-21,7.6,0.0,60.3,Sunny,Cold Beverages & Ice Cream,42.54,5,2022,11,Nov,21,Monday,0,Fall
2022-11-21,7.6,0.0,60.3,Sunny,Heating & Winter Apparel,2947.9,47,2022,11,Nov,21,Monday,0,Fall
2022-11-21,7.6,0.0,60.3,Sunny,Hot Beverages & Soups,1703.12,152,2022,11,Nov,21,Monday,0,Fall
2022-11-21,7.6,0.0,60.3,Sunny,Outdoor & Camping Gear,1740.1,22,2022,11,Nov,21,Monday,0,Fall
2022-11-21,7.6,0.0,60.3,Sunny,Rainwear & Umbrellas,685.29,25,2022,11,Nov,21,Monday,0,Fall
2022-11-22,6.9,0.0,62.0,Sunny,Cold Beverages & Ice Cream,244.56,27,2022,11,Nov,22,Tuesday,0,Fall
2022-11-22,6.9,0.0,62.0,Sunny,Heating & Winter Apparel,3191.39,50,2022,11,Nov,22,Tuesday,0,Fall
2022-11-22,6.9,0.0,62.0,Sunny,Hot Beverages & Soups,1897.19,157,2022,11,Nov,22,Tuesday,0,Fall
2022-11-22,6.9,0.0,62.0,Sunny,Outdoor & Camping Gear,555.09,7,2022,11,Nov,22,Tuesday,0,Fall
2022-11-22,6.9,0.0,62.0,Sunny,Rainwear & Umbrellas,340.72,13,2022,11,Nov,22,Tuesday,0,Fall
2022-11-23,13.3,0.0,53.8,Sunny,Cold Beverages & Ice Cream,280.47,32,2022,11,Nov,23,Wednesday,0,Fall
2022-11-23,13.3,0.0,53.8,Sunny,Heating & Winter Apparel,859.46,14,2022,11,Nov,23,Wednesday,0,Fall
2022-11-23,13.3,0.0,53.8,Sunny,Hot Beverages & Soups,1449.05,130,2022,11,Nov,23,Wednesday,0,Fall
2022-11-23,13.3,0.0,53.8,Sunny,Outdoor & Camping Gear,2784.87,31,2022,11,Nov,23,Wednesday,0,Fall
2022-11-23,13.3,0.0,53.8,Sunny,Rainwear & Umbrellas,783.54,30,2022,11,Nov,23,Wednesday,0,Fall
2022-11-24,12.1,0.0,53.3,Sunny,Cold Beverages & Ice Cream,55.37,7,2022,11,Nov,24,Thursday,0,Fall
2022-11-24,12.1,0.0,53.3,Sunny,Heating & Winter Apparel,991.97,15,2022,11,Nov,24,Thursday,0,Fall
2022-11-24,12.1,0.0,53.3,Sunny,Hot Beverages & Soups,1338.58,115,2022,11,Nov,24,Thursday,0,Fall
2022-11-24,12.1,0.0,53.3,Sunny,Outdoor & Camping Gear,3310.74,38,2022,11,Nov,24,Thursday,0,Fall
2022-11-24,12.1,0.0,53.3,Sunny,Rainwear & Umbrellas,645.48,23,2022,11,Nov,24,Thursday,0,Fall
2022-11-25,11.5,18.5,66.9,Rainy,Cold Beverages & Ice Cream,41.92,5,2022,11,Nov,25,Friday,0,Fall
2022-11-25,11.5,18.5,66.9,Rainy,Heating & Winter Apparel,1754.45,28,2022,11,Nov,25,Friday,0,Fall
2022-11-25,11.5,18.5,66.9,Rainy,Hot Beverages & Soups,1860.57,147,2022,11,Nov,25,Friday,0,Fall
2022-11-25,11.5,18.5,66.9,Rainy,Outdoor & Camping Gear,629.18,7,2022,11,Nov,25,Friday,0,Fall
2022-11-25,11.5,18.5,66.9,Rainy,Rainwear & Umbrellas,80408.08,2703,2022,11,Nov,25,Friday,0,Fall
2022-11-26,11.3,0.0,54.2,Sunny,Cold Beverages & Ice Cream,193.49,22,2022,11,Nov,26,Saturday,1,Fall
2022-11-26,11.3,0.0,60.9,Sunny,Heating & Winter Apparel,1250.23,19,2022,11,Nov,26,Saturday,1,Fall
2022-11-26,11.3,0.0,60.9,Sunny,Hot Beverages & Soups,1585.69,143,2022,11,Nov,26,Saturday,1,Fall
2022-11-26,11.3,0.0,60.9,Sunny,Outdoor & Camping Gear,3272.72,39,2022,11,Nov,26,Saturday,1,Fall
2022-11-26,11.3,0.0,60.9,Sunny,Rainwear & Umbrellas,931.86,32,2022,11,Nov,26,Saturday,1,Fall
2022-11-27,9.4,0.0,59.7,Sunny,Cold Beverages & Ice Cream,44.37,5,2022,11,Nov,27,Sunday,1,Fall
2022-11-27,9.4,0.0,59.7,Sunny,Heating & Winter Apparel,1939.34,29,2022,11,Nov,27,Sunday,1,Fall
2022-11-27,9.4,0.0,59.7,Sunny,Hot Beverages & Soups,2030.03,171,2022,11,Nov,27,Sunday,1,Fall
2022-11-27,9.4,0.0,59.7,Sunny,Outdoor & Camping Gear,1813.46,22,2022,11,Nov,27,Sunday,1,Fall
2022-11-27,9.4,0.0,59.7,Sunny,Rainwear & Umbrellas,775.56,27,2022,11,Nov,27,Sunday,1,Fall
2022-11-28,6.7,0.0,56.8,Sunny,Cold Beverages & Ice Cream,39.5,5,2022,11,Nov,28,Monday,0,Fall
2022-11-28,6.7,0.0,56.8,Sunny,Heating & Winter Apparel,3542.05,54,2022,11,Nov,28,Monday,0,Fall
2022-11-28,6.7,0.0,56.8,Sunny,Hot Beverages & Soups,1757.65,157,2022,11,Nov,28,Monday,0,Fall
2022-11-28,6.7,0.0,56.8,Sunny,Outdoor & Camping Gear,526.52,6,2022,11,Nov,28,Monday,0,Fall
2022-11-28,6.7,0.0,56.8,Sunny,Rainwear & Umbrellas,860.71,29,2022,11,Nov,28,Monday,0,Fall
2022-11-29,9.3,0.0,63.4,Sunny,Cold Beverages & Ice Cream,42.66,5,2022,11,Nov,29,Tuesday,0,Fall
2022-11-29,9.3,0.0,63.4,Sunny,Heating & Winter Apparel,2349.31,38,2022,11,Nov,29,Tuesday,0,Fall
2022-11-29,9.3,0.0,63.4,Sunny,Hot Beverages & Soups,1771.84,148,2022,11,Nov,29,Tuesday,0,Fall
2022-11-29,9.3,0.0,63.4,Sunny,Outdoor & Camping Gear,1123.27,14,2022,11,Nov,29,Tuesday,0,Fall
2022-11-29,9.3,0.0,63.4,Sunny,Rainwear & Umbrellas,768.59,29,2022,11,Nov,29,Tuesday,0,Fall
2022-11-30,7.0,0.0,58.3,Sunny,Cold Beverages & Ice Cream,150.32,18,2022,11,Nov,30,Wednesday,0,Fall
2022-11-30,7.0,0.0,58.3,Sunny,Heating & Winter Apparel,3618.17,54,2022,11,Nov,30,Wednesday,0,Fall
2022-11-30,7.0,0.0,58.3,Sunny,Hot Beverages & Soups,2011.17,169,2022,11,Nov,30,Wednesday,0,Fall
2022-11-30,7.0,0.0,58.3,Sunny,Outdoor & Camping Gear,601.6,7,2022,11,Nov,30,Wednesday,0,Fall
2022-11-30,7.0,0.0,58.3,Sunny,Rainwear & Umbrellas,898.8,30,2022,11,Nov,30,Wednesday,0,Fall
2022-12-01,11.5,13.0,61.5,Rainy,Cold Beverages & Ice Cream,182.72,22,2022,12,Dec,1,Thursday,0,Winter
2022-12-01,11.5,13.0,61.5,Rainy,Heating & Winter Apparel,1334.3,21,2022,12,Dec,1,Thursday,0,Winter
2022-12-01,11.5,13.0,61.5,Rainy,Hot Beverages & Soups,1963.07,169,2022,12,Dec,1,Thursday,0,Winter
2022-12-01,11.5,13.0,61.5,Rainy,Outdoor & Camping Gear,1076.99,12,2022,12,Dec,1,Thursday,0,Winter
2022-12-01,11.5,13.0,61.5,Rainy,Rainwear & Umbrellas,50155.42,1759,2022,12,Dec,1,Thursday,0,Winter
2022-12-02,8.2,29.6,79.8,Rainy,Cold Beverages & Ice Cream,45.4,5,2022,12,Dec,2,Friday,0,Winter
2022-12-02,8.2,29.6,79.8,Rainy,Heating & Winter Apparel,1870.68,31,2022,12,Dec,2,Friday,0,Winter
2022-12-02,8.2,29.6,79.8,Rainy,Hot Beverages & Soups,2351.87,194,2022,12,Dec,2,Friday,0,Winter
2022-12-02,8.2,29.6,79.8,Rainy,Outdoor & Camping Gear,412.41,5,2022,12,Dec,2,Friday,0,Winter
2022-12-02,8.2,29.6,79.8,Rainy,Rainwear & Umbrellas,136883.61,4863,2022,12,Dec,2,Friday,0,Winter
2022-12-03,6.1,10.4,59.9,Rainy,Cold Beverages & Ice Cream,72.1,8,2022,12,Dec,3,Saturday,1,Winter
2022-12-03,6.1,10.4,59.9,Rainy,Heating & Winter Apparel,4858.73,70,2022,12,Dec,3,Saturday,1,Winter
2022-12-03,6.1,10.4,59.9,Rainy,Hot Beverages & Soups,3541.01,287,2022,12,Dec,3,Saturday,1,Winter
2022-12-03,6.1,10.4,59.9,Rainy,Outdoor & Camping Gear,456.3,5,2022,12,Dec,3,Saturday,1,Winter
2022-12-03,6.1,10.4,59.9,Rainy,Rainwear & Umbrellas,42202.25,1466,2022,12,Dec,3,Saturday,1,Winter
2022-12-04,7.4,0.0,48.3,Sunny,Cold Beverages & Ice Cream,61.12,7,2022,12,Dec,4,Sunday,1,Winter
2022-12-04,7.4,0.0,48.3,Sunny,Heating & Winter Apparel,2883.62,47,2022,12,Dec,4,Sunday,1,Winter
2022-12-04,7.4,0.0,48.3,Sunny,Hot Beverages & Soups,2509.61,195,2022,12,Dec,4,Sunday,1,Winter
2022-12-04,7.4,0.0,48.3,Sunny,Outdoor & Camping Gear,429.52,5,2022,12,Dec,4,Sunday,1,Winter
2022-12-04,7.4,0.0,48.3,Sunny,Rainwear & Umbrellas,896.16,31,2022,12,Dec,4,Sunday,1,Winter
2022-12-05,9.3,0.0,58.4,Sunny,Cold Beverages & Ice Cream,172.5,22,2022,12,Dec,5,Monday,0,Winter
2022-12-05,9.3,0.0,58.4,Sunny,Heating & Winter Apparel,2035.9,30,2022,12,Dec,5,Monday,0,Winter
2022-12-05,9.3,0.0,58.4,Sunny,Hot Beverages & Soups,1618.96,140,2022,12,Dec,5,Monday,0,Winter
2022-12-05,9.3,0.0,58.4,Sunny,Outdoor & Camping Gear,1815.99,21,2022,12,Dec,5,Monday,0,Winter
2022-12-05,9.3,0.0,58.4,Sunny,Rainwear & Umbrellas,899.83,30,2022,12,Dec,5,Monday,0,Winter
2022-12-06,6.4,0.0,55.4,Sunny,Cold Beverages & Ice Cream,60.21,7,2022,12,Dec,6,Tuesday,0,Winter
2022-12-06,6.4,0.0,55.4,Sunny,Heating & Winter Apparel,2521.68,42,2022,12,Dec,6,Tuesday,0,Winter
2022-12-06,6.4,0.0,55.4,Sunny,Hot Beverages & Soups,2096.92,169,2022,12,Dec,6,Tuesday,0,Winter
2022-12-06,6.4,0.0,55.4,Sunny,Outdoor & Camping Gear,402.34,5,2022,12,Dec,6,Tuesday,0,Winter
2022-12-06,6.4,0.0,55.4,Sunny,Rainwear & Umbrellas,712.67,26,2022,12,Dec,6,Tuesday,0,Winter
2022-12-07,5.6,0.0,58.3,Sunny,Cold Beverages & Ice Cream,106.93,12,2022,12,Dec,7,Wednesday,0,Winter
2022-12-07,5.6,0.0,58.3,Sunny,Heating & Winter Apparel,3825.7,63,2022,12,Dec,7,Wednesday,0,Winter
2022-12-07,5.6,0.0,58.3,Sunny,Hot Beverages & Soups,2134.66,165,2022,12,Dec,7,Wednesday,0,Winter
2022-12-07,5.6,0.0,58.3,Sunny,Outdoor & Camping Gear,402.36,5,2022,12,Dec,7,Wednesday,0,Winter
2022-12-07,5.6,0.0,58.3,Sunny,Rainwear & Umbrellas,928.71,31,2022,12,Dec,7,Wednesday,0,Winter
2022-12-08,8.4,10.4,59.3,Rainy,Cold Beverages & Ice Cream,125.88,14,2022,12,Dec,8,Thursday,0,Winter
2022-12-08,8.4,10.4,59.3,Rainy,Heating & Winter Apparel,2391.05,38,2022,12,Dec,8,Thursday,0,Winter
2022-12-08,8.4,10.4,59.3,Rainy,Hot Beverages & Soups,2424.48,201,2022,12,Dec,8,Thursday,0,Winter
2022-12-08,8.4,10.4,59.3,Rainy,Outdoor & Camping Gear,394.1,5,2022,12,Dec,8,Thursday,0,Winter
2022-12-08,8.4,10.4,59.3,Rainy,Rainwear & Umbrellas,35559.12,1319,2022,12,Dec,8,Thursday,0,Winter
2022-12-09,8.3,0.0,66.7,Sunny,Cold Beverages & Ice Cream,40.96,5,2022,12,Dec,9,Friday,0,Winter
2022-12-09,8.3,0.0,66.7,Sunny,Heating & Winter Apparel,2559.34,39,2022,12,Dec,9,Friday,0,Winter
2022-12-09,8.3,0.0,66.7,Sunny,Hot Beverages & Soups,1761.57,156,2022,12,Dec,9,Friday,0,Winter
2022-12-09,8.3,0.0,66.7,Sunny,Outdoor & Camping Gear,439.85,5,2022,12,Dec,9,Friday,0,Winter
2022-12-09,8.3,0.0,66.7,Sunny,Rainwear & Umbrellas,513.52,18,2022,12,Dec,9,Friday,0,Winter
2022-12-10,6.0,0.0,55.5,Sunny,Cold Beverages & Ice Cream,75.89,9,2022,12,Dec,10,Saturday,1,Winter
2022-12-10,6.0,0.0,55.5,Sunny,Heating & Winter Apparel,3890.75,58,2022,12,Dec,10,Saturday,1,Winter
2022-12-10,6.0,0.0,55.5,Sunny,Hot Beverages & Soups,2689.03,214,2022,12,Dec,10,Saturday,1,Winter
2022-12-10,6.0,0.0,55.5,Sunny,Outdoor & Camping Gear,577.34,7,2022,12,Dec,10,Saturday,1,Winter
2022-12-10,6.0,0.0,55.5,Sunny,Rainwear & Umbrellas,726.3,28,2022,12,Dec,10,Saturday,1,Winter
2022-12-11,6.0,0.0,57.0,Sunny,Cold Beverages & Ice Cream,146.65,16,2022,12,Dec,11,Sunday,1,Winter
2022-12-11,6.0,0.0,57.0,Sunny,Heating & Winter Apparel,4508.2,69,2022,12,Dec,11,Sunday,1,Winter
2022-12-11,6.0,0.0,57.0,Sunny,Hot Beverages & Soups,2509.23,217,2022,12,Dec,11,Sunday,1,Winter
2022-12-11,6.0,0.0,57.0,Sunny,Outdoor & Camping Gear,1146.39,13,2022,12,Dec,11,Sunday,1,Winter
2022-12-11,6.0,0.0,57.0,Sunny,Rainwear & Umbrellas,794.09,29,2022,12,Dec,11,Sunday,1,Winter
2022-12-12,7.8,0.0,61.5,Sunny,Cold Beverages & Ice Cream,49.31,6,2022,12,Dec,12,Monday,0,Winter
2022-12-12,7.8,0.0,61.5,Sunny,Heating & Winter Apparel,2083.6,30,2022,12,Dec,12,Monday,0,Winter
2022-12-12,7.8,0.0,61.5,Sunny,Hot Beverages & Soups,1865.08,163,2022,12,Dec,12,Monday,0,Winter
2022-12-12,7.8,0.0,61.5,Sunny,Outdoor & Camping Gear,2162.92,24,2022,12,Dec,12,Monday,0,Winter
2022-12-12,7.8,0.0,61.5,Sunny,Rainwear & Umbrellas,854.57,33,2022,12,Dec,12,Monday,0,Winter
2022-12-13,3.0,7.0,56.6,Rainy,Cold Beverages & Ice Cream,185.18,22,2022,12,Dec,13,Tuesday,0,Winter
2022-12-13,3.0,7.0,56.6,Rainy,Heating & Winter Apparel,5691.65,89,2022,12,Dec,13,Tuesday,0,Winter
2022-12-13,3.0,7.0,56.6,Rainy,Hot Beverages & Soups,3292.73,264,2022,12,Dec,13,Tuesday,0,Winter
2022-12-13,3.0,7.0,56.6,Rainy,Outdoor & Camping Gear,392.23,5,2022,12,Dec,13,Tuesday,0,Winter
2022-12-13,3.0,7.0,56.6,Rainy,Rainwear & Umbrellas,23395.9,818,2022,12,Dec,13,Tuesday,0,Winter
2022-12-14,3.0,0.0,51.6,Sunny,Cold Beverages & Ice Cream,118.01,14,2022,12,Dec,14,Wednesday,0,Winter
2022-12-14,3.0,0.0,51.6,Sunny,Heating & Winter Apparel,5987.21,95,2022,12,Dec,14,Wednesday,0,Winter
2022-12-14,3.0,0.0,51.6,Sunny,Hot Beverages & Soups,2283.87,197,2022,12,Dec,14,Wednesday,0,Winter
2022-12-14,3.0,0.0,51.6,Sunny,Outdoor & Camping Gear,562.84,7,2022,12,Dec,14,Wednesday,0,Winter
2022-12-14,3.0,0.0,51.6,Sunny,Rainwear & Umbrellas,761.92,28,2022,12,Dec,14,Wednesday,0,Winter
2022-12-15,4.8,0.0,62.8,Sunny,Cold Beverages & Ice Cream,109.93,12,2022,12,Dec,15,Thursday,0,Winter
2022-12-15,4.8,0.0,62.8,Sunny,Heating & Winter Apparel,3719.13,58,2022,12,Dec,15,Thursday,0,Winter
2022-12-15,4.8,0.0,62.8,Sunny,Hot Beverages & Soups,2302.33,184,2022,12,Dec,15,Thursday,0,Winter
2022-12-15,4.8,0.0,62.8,Sunny,Outdoor & Camping Gear,1708.65,19,2022,12,Dec,15,Thursday,0,Winter
2022-12-15,4.8,0.0,62.8,Sunny,Rainwear & Umbrellas,600.9,22,2022,12,Dec,15,Thursday,0,Winter
2022-12-16,6.1,0.0,56.9,Sunny,Cold Beverages & Ice Cream,196.93,22,2022,12,Dec,16,Friday,0,Winter
2022-12-16,6.1,0.0,56.9,Sunny,Heating & Winter Apparel,3971.95,58,2022,12,Dec,16,Friday,0,Winter
2022-12-16,6.1,0.0,56.9,Sunny,Hot Beverages & Soups,1935.43,170,2022,12,Dec,16,Friday,0,Winter
2022-12-16,6.1,0.0,56.9,Sunny,Outdoor & Camping Gear,413.08,5,2022,12,Dec,16,Friday,0,Winter
2022-12-16,6.1,0.0,56.9,Sunny,Rainwear & Umbrellas,689.5,24,2022,12,Dec,16,Friday,0,Winter
2022-12-17,7.5,0.0,53.3,Sunny,Cold Beverages & Ice Cream,42.73,5,2022,12,Dec,17,Saturday,1,Winter
2022-12-17,7.5,0.0,53.3,Sunny,Heating & Winter Apparel,3551.64,53,2022,12,Dec,17,Saturday,1,Winter
2022-12-17,7.5,0.0,53.3,Sunny,Hot Beverages & Soups,2276.32,204,2022,12,Dec,17,Saturday,1,Winter
2022-12-17,7.5,0.0,53.3,Sunny,Outdoor & Camping Gear,448.35,5,2022,12,Dec,17,Saturday,1,Winter
2022-12-17,7.5,0.0,53.3,Sunny,Rainwear & Umbrellas,705.92,27,2022,12,Dec,17,Saturday,1,Winter
2022-12-18,10.6,9.5,68.1,Rainy,Cold Beverages & Ice Cream,118.29,13,2022,12,Dec,18,Sunday,1,Winter
2022-12-18,10.6,9.5,68.1,Rainy,Heating & Winter Apparel,1822.29,30,2022,12,Dec,18,Sunday,1,Winter
2022-12-18,10.6,9.5,68.1,Rainy,Hot Beverages & Soups,3073.96,238,2022,12,Dec,18,Sunday,1,Winter
2022-12-18,10.6,9.5,68.1,Rainy,Outdoor & Camping Gear,2108.33,23,2022,12,Dec,18,Sunday,1,Winter
2022-12-18,10.6,9.5,68.1,Rainy,Rainwear & Umbrellas,37743.22,1318,2022,12,Dec,18,Sunday,1,Winter
2022-12-19,8.8,18.9,65.7,Rainy,Cold Beverages & Ice Cream,43.45,5,2022,12,Dec,19,Monday,0,Winter
2022-12-19,8.8,18.9,65.7,Rainy,Heating & Winter Apparel,2212.06,35,2022,12,Dec,19,Monday,0,Winter
2022-12-19,8.8,18.9,65.7,Rainy,Hot Beverages & Soups,2490.15,204,2022,12,Dec,19,Monday,0,Winter
2022-12-19,8.8,18.9,65.7,Rainy,Outdoor & Camping Gear,399.72,5,2022,12,Dec,19,Monday,0,Winter
2022-12-19,8.8,18.9,65.7,Rainy,Rainwear & Umbrellas,79383.37,2781,2022,12,Dec,19,Monday,0,Winter
2022-12-20,5.9,23.2,62.7,Rainy,Cold Beverages & Ice Cream,42.42,5,2022,12,Dec,20,Tuesday,0,Winter
2022-12-20,5.9,23.2,73.1,Rainy,Heating & Winter Apparel,3363.25,56,2022,12,Dec,20,Tuesday,0,Winter
2022-12-20,5.9,23.2,73.1,Rainy,Hot Beverages & Soups,3010.15,241,2022,12,Dec,20,Tuesday,0,Winter
2022-12-20,5.9,23.2,73.1,Rainy,Outdoor & Camping Gear,406.53,5,2022,12,Dec,20,Tuesday,0,Winter
2022-12-20,5.9,23.2,73.1,Rainy,Rainwear & Umbrellas,106652.08,3579,2022,12,Dec,20,Tuesday,0,Winter
2022-12-21,6.2,16.4,64.6,Rainy,Cold Beverages & Ice Cream,43.93,5,2022,12,Dec,21,Wednesday,0,Winter
2022-12-21,6.2,16.4,64.6,Rainy,Heating & Winter Apparel,3134.78,49,2022,12,Dec,21,Wednesday,0,Winter
2022-12-21,6.2,16.4,64.6,Rainy,Hot Beverages & Soups,2732.68,222,2022,12,Dec,21,Wednesday,0,Winter
2022-12-21,6.2,16.4,64.6,Rainy,Outdoor & Camping Gear,420.2,5,2022,12,Dec,21,Wednesday,0,Winter
2022-12-21,6.2,16.4,62.7,Rainy,Rainwear & Umbrellas,67050.46,2332,2022,12,Dec,21,Wednesday,0,Winter
2022-12-22,3.3,0.0,62.9,Sunny,Cold Beverages & Ice Cream,70.88,8,2022,12,Dec,22,Thursday,0,Winter
2022-12-22,3.3,0.0,62.9,Sunny,Heating & Winter Apparel,4936.96,81,2022,12,Dec,22,Thursday,0,Winter
2022-12-22,3.3,0.0,62.9,Sunny,Hot Beverages & Soups,2252.12,190,2022,12,Dec,22,Thursday,0,Winter
2022-12-22,3.3,0.0,62.9,Sunny,Outdoor & Camping Gear,1037.9,12,2022,12,Dec,22,Thursday,0,Winter
2022-12-22,3.3,0.0,62.9,Sunny,Rainwear & Umbrellas,838.33,29,2022,12,Dec,22,Thursday,0,Winter
2022-12-23,6.0,15.9,78.8,Rainy,Cold Beverages & Ice Cream,42.57,5,2022,12,Dec,23,Friday,0,Winter
2022-12-23,6.0,15.9,78.8,Rainy,Heating & Winter Apparel,3468.37,54,2022,12,Dec,23,Friday,0,Winter
2022-12-23,6.0,15.9,78.8,Rainy,Hot Beverages & Soups,2784.91,231,2022,12,Dec,23,Friday,0,Winter
2022-12-23,6.0,15.9,78.8,Rainy,Outdoor & Camping Gear,650.73,8,2022,12,Dec,23,Friday,0,Winter
2022-12-23,6.0,15.9,78.8,Rainy,Rainwear & Umbrellas,60668.73,2246,2022,12,Dec,23,Friday,0,Winter
2022-12-24,5.1,0.0,48.1,Sunny,Cold Beverages & Ice Cream,96.89,12,2022,12,Dec,24,Saturday,1,Winter
2022-12-24,5.1,0.0,48.1,Sunny,Heating & Winter Apparel,5875.98,85,2022,12,Dec,24,Saturday,1,Winter
2022-12-24,5.1,0.0,48.1,Sunny,Hot Beverages & Soups,2565.41,219,2022,12,Dec,24,Saturday,1,Winter
2022-12-24,5.1,0.0,48.1,Sunny,Outdoor & Camping Gear,703.7,8,2022,12,Dec,24,Saturday,1,Winter
2022-12-24,5.1,0.0,48.1,Sunny,Rainwear & Umbrellas,985.6,36,2022,12,Dec,24,Saturday,1,Winter
2022-12-25,6.8,0.0,60.2,Sunny,Cold Beverages & Ice Cream,72.92,8,2022,12,Dec,25,Sunday,1,Winter
2022-12-25,6.8,0.0,60.2,Sunny,Heating & Winter Apparel,4118.95,64,2022,12,Dec,25,Sunday,1,Winter
2022-12-25,6.8,0.0,60.2,Sunny,Hot Beverages & Soups,2295.17,207,2022,12,Dec,25,Sunday,1,Winter
2022-12-25,6.8,0.0,60.2,Sunny,Outdoor & Camping Gear,819.14,10,2022,12,Dec,25,Sunday,1,Winter
2022-12-25,6.8,0.0,60.2,Sunny,Rainwear & Umbrellas,863.69,32,2022,12,Dec,25,Sunday,1,Winter
2022-12-26,3.5,25.5,82.9,Rainy,Cold Beverages & Ice Cream,44.04,5,2022,12,Dec,26,Monday,0,Winter
2022-12-26,3.5,25.5,82.9,Rainy,Heating & Winter Apparel,5121.42,78,2022,12,Dec,26,Monday,0,Winter
2022-12-26,3.5,25.5,82.9,Rainy,Hot Beverages & Soups,2961.04,259,2022,12,Dec,26,Monday,0,Winter
2022-12-26,3.5,25.5,82.9,Rainy,Outdoor & Camping Gear,397.12,5,2022,12,Dec,26,Monday,0,Winter
2022-12-26,3.5,25.5,82.9,Rainy,Rainwear & Umbrellas,120951.2,4040,2022,12,Dec,26,Monday,0,Winter
2022-12-27,7.2,0.0,56.6,Sunny,Cold Beverages & Ice Cream,43.21,5,2022,12,Dec,27,Tuesday,0,Winter
2022-12-27,7.2,0.0,56.6,Sunny,Heating & Winter Apparel,2686.16,40,2022,12,Dec,27,Tuesday,0,Winter
2022-12-27,7.2,0.0,56.6,Sunny,Hot Beverages & Soups,1891.22,150,2022,12,Dec,27,Tuesday,0,Winter
2022-12-27,7.2,0.0,56.6,Sunny,Outdoor & Camping Gear,1461.36,16,2022,12,Dec,27,Tuesday,0,Winter
2022-12-27,7.2,0.0,56.6,Sunny,Rainwear & Umbrellas,537.18,20,2022,12,Dec,27,Tuesday,0,Winter
2022-12-28,9.9,24.9,67.1,Rainy,Cold Beverages & Ice Cream,43.1,5,2022,12,Dec,28,Wednesday,0,Winter
2022-12-28,9.9,24.9,67.1,Rainy,Heating & Winter Apparel,1534.31,23,2022,12,Dec,28,Wednesday,0,Winter
2022-12-28,9.9,24.9,67.1,Rainy,Hot Beverages & Soups,2339.28,188,2022,12,Dec,28,Wednesday,0,Winter
2022-12-28,9.9,24.9,67.1,Rainy,Outdoor & Camping Gear,399.96,5,2022,12,Dec,28,Wednesday,0,Winter
2022-12-28,9.9,24.9,67.1,Rainy,Rainwear & Umbrellas,101385.32,3907,2022,12,Dec,28,Wednesday,0,Winter
2022-12-29,5.3,0.0,62.8,Sunny,Cold Beverages & Ice Cream,40.44,5,2022,12,Dec,29,Thursday,0,Winter
2022-12-29,5.3,0.0,62.8,Sunny,Heating & Winter Apparel,3136.34,45,2022,12,Dec,29,Thursday,0,Winter
2022-12-29,5.3,0.0,62.8,Sunny,Hot Beverages & Soups,1971.17,163,2022,12,Dec,29,Thursday,0,Winter
2022-12-29,5.3,0.0,62.8,Sunny,Outdoor & Camping Gear,398.35,5,2022,12,Dec,29,Thursday,0,Winter
2022-12-29,5.3,0.0,62.8,Sunny,Rainwear & Umbrellas,703.74,27,2022,12,Dec,29,Thursday,0,Winter
2022-12-30,6.6,16.8,77.0,Rainy,Cold Beverages & Ice Cream,118.36,13,2022,12,Dec,30,Friday,0,Winter
2022-12-30,6.6,16.8,77.0,Rainy,Heating & Winter Apparel,3235.01,52,2022,12,Dec,30,Friday,0,Winter
2022-12-30,6.6,16.8,77.0,Rainy,Hot Beverages & Soups,2668.63,224,2022,12,Dec,30,Friday,0,Winter
2022-12-30,6.6,16.8,77.0,Rainy,Outdoor & Camping Gear,430.38,5,2022,12,Dec,30,Friday,0,Winter
2022-12-30,6.6,16.8,77.0,Rainy,Rainwear & Umbrellas,66009.26,2413,2022,12,Dec,30,Friday,0,Winter
2022-12-31,7.4,13.2,73.6,Rainy,Cold Beverages & Ice Cream,39.88,5,2022,12,Dec,31,Saturday,1,Winter
2022-12-31,7.4,13.2,73.6,Rainy,Heating & Winter Apparel,3519.82,55,2022,12,Dec,31,Saturday,1,Winter
2022-12-31,7.4,13.2,73.6,Rainy,Hot Beverages & Soups,3161.72,250,2022,12,Dec,31,Saturday,1,Winter
2022-12-31,7.4,13.2,73.6,Rainy,Outdoor & Camping Gear,412.26,5,2022,12,Dec,31,Saturday,1,Winter
2022-12-31,7.4,13.2,73.6,Rainy,Rainwear & Umbrellas,55457.93,1960,2022,12,Dec,31,Saturday,1,Winter
2023-01-01,4.3,14.6,72.3,Rainy,Cold Beverages & Ice Cream,41.81,5,2023,1,Jan,1,Sunday,1,Winter
2023-01-01,4.3,14.6,72.3,Rainy,Heating & Winter Apparel,5621.85,88,2023,1,Jan,1,Sunday,1,Winter
2023-01-01,4.3,14.6,72.3,Rainy,Hot Beverages & Soups,3890.33,306,2023,1,Jan,1,Sunday,1,Winter
2023-01-01,4.3,14.6,72.3,Rainy,Outdoor & Camping Gear,449.66,5,2023,1,Jan,1,Sunday,1,Winter
2023-01-01,4.3,14.6,72.3,Rainy,Rainwear & Umbrellas,60743.96,2218,2023,1,Jan,1,Sunday,1,Winter
2023-01-02,6.0,28.8,79.2,Rainy,Cold Beverages & Ice Cream,144.03,18,2023,1,Jan,2,Monday,0,Winter
2023-01-02,6.0,28.8,79.2,Rainy,Heating & Winter Apparel,3947.34,62,2023,1,Jan,2,Monday,0,Winter
2023-01-02,6.0,28.8,79.2,Rainy,Hot Beverages & Soups,2599.27,231,2023,1,Jan,2,Monday,0,Winter
2023-01-02,6.0,28.8,79.2,Rainy,Outdoor & Camping Gear,443.3,5,2023,1,Jan,2,Monday,0,Winter
2023-01-02,6.0,28.8,79.2,Rainy,Rainwear & Umbrellas,133376.79,4696,2023,1,Jan,2,Monday,0,Winter
2023-01-03,5.3,0.0,54.2,Sunny,Cold Beverages & Ice Cream,40.76,5,2023,1,Jan,3,Tuesday,0,Winter
2023-01-03,5.3,0.0,54.2,Sunny,Heating & Winter Apparel,4021.85,58,2023,1,Jan,3,Tuesday,0,Winter
2023-01-03,5.3,0.0,54.2,Sunny,Hot Beverages & Soups,2197.12,170,2023,1,Jan,3,Tuesday,0,Winter
2023-01-03,5.3,0.0,54.2,Sunny,Outdoor & Camping Gear,924.99,11,2023,1,Jan,3,Tuesday,0,Winter
2023-01-03,5.3,0.0,54.2,Sunny,Rainwear & Umbrellas,929.07,34,2023,1,Jan,3,Tuesday,0,Winter
2023-01-04,5.5,0.0,65.6,Sunny,Cold Beverages & Ice Cream,211.38,25,2023,1,Jan,4,Wednesday,0,Winter
2023-01-04,5.5,0.0,65.6,Sunny,Heating & Winter Apparel,3499.57,54,2023,1,Jan,4,Wednesday,0,Winter
2023-01-04,5.5,0.0,65.6,Sunny,Hot Beverages & Soups,1951.15,170,2023,1,Jan,4,Wednesday,0,Winter
2023-01-04,5.5,0.0,65.6,Sunny,Outdoor & Camping Gear,432.14,5,2023,1,Jan,4,Wednesday,0,Winter
2023-01-04,5.5,0.0,65.6,Sunny,Rainwear & Umbrellas,670.33,23,2023,1,Jan,4,Wednesday,0,Winter
2023-01-05,3.0,0.0,66.3,Sunny,Cold Beverages & Ice Cream,141.85,18,2023,1,Jan,5,Thursday,0,Winter
2023-01-05,3.0,0.0,66.3,Sunny,Heating & Winter Apparel,5961.28,88,2023,1,Jan,5,Thursday,0,Winter
2023-01-05,3.0,0.0,66.3,Sunny,Hot Beverages & Soups,2193.64,193,2023,1,Jan,5,Thursday,0,Winter
2023-01-05,3.0,0.0,66.3,Sunny,Outdoor & Camping Gear,898.18,11,2023,1,Jan,5,Thursday,0,Winter
2023-01-05,3.0,0.0,66.3,Sunny,Rainwear & Umbrellas,688.4,24,2023,1,Jan,5,Thursday,0,Winter
2023-01-06,5.2,0.0,52.7,Sunny,Cold Beverages & Ice Cream,42.81,5,2023,1,Jan,6,Friday,0,Winter
2023-01-06,5.2,0.0,52.7,Sunny,Heating & Winter Apparel,3687.24,56,2023,1,Jan,6,Friday,0,Winter
2023-01-06,5.2,0.0,52.7,Sunny,Hot Beverages & Soups,2094.71,185,2023,1,Jan,6,Friday,0,Winter
2023-01-06,5.2,0.0,52.7,Sunny,Outdoor & Camping Gear,448.09,5,2023,1,Jan,6,Friday,0,Winter
2023-01-06,5.2,0.0,52.7,Sunny,Rainwear & Umbrellas,857.06,31,2023,1,Jan,6,Friday,0,Winter
2023-01-07,6.5,6.7,66.3,Rainy,Cold Beverages & Ice Cream,93.59,11,2023,1,Jan,7,Saturday,1,Winter
2023-01-07,6.5,6.7,66.3,Rainy,Heating & Winter Apparel,4026.69,58,2023,1,Jan,7,Saturday,1,Winter
2023-01-07,6.5,6.7,66.3,Rainy,Hot Beverages & Soups,3196.82,270,2023,1,Jan,7,Saturday,1,Winter
2023-01-07,6.5,6.7,66.3,Rainy,Outdoor & Camping Gear,411.77,5,2023,1,Jan,7,Saturday,1,Winter
2023-01-07,6.5,6.7,66.3,Rainy,Rainwear & Umbrellas,22329.59,856,2023,1,Jan,7,Saturday,1,Winter
2023-01-08,9.2,0.0,62.8,Sunny,Cold Beverages & Ice Cream,213.53,25,2023,1,Jan,8,Sunday,1,Winter
2023-01-08,9.2,0.0,62.8,Sunny,Heating & Winter Apparel,1989.74,30,2023,1,Jan,8,Sunday,1,Winter
2023-01-08,9.2,0.0,62.8,Sunny,Hot Beverages & Soups,2131.4,172,2023,1,Jan,8,Sunday,1,Winter
2023-01-08,9.2,0.0,62.8,Sunny,Outdoor & Camping Gear,1829.95,23,2023,1,Jan,8,Sunday,1,Winter
2023-01-08,9.2,0.0,62.8,Sunny,Rainwear & Umbrellas,958.84,35,2023,1,Jan,8,Sunday,1,Winter
2023-01-09,7.8,3.4,67.0,Rainy,Cold Beverages & Ice Cream,73.22,8,2023,1,Jan,9,Monday,0,Winter
2023-01-09,7.8,3.4,67.0,Rainy,Heating & Winter Apparel,2733.66,44,2023,1,Jan,9,Monday,0,Winter
2023-01-09,7.8,3.4,67.0,Rainy,Hot Beverages & Soups,2619.26,218,2023,1,Jan,9,Monday,0,Winter
2023-01-09,7.8,3.4,67.0,Rainy,Outdoor & Camping Gear,428.06,5,2023,1,Jan,9,Monday,0,Winter
2023-01-09,7.8,3.4,67.0,Rainy,Rainwear & Umbrellas,9709.53,347,2023,1,Jan,9,Monday,0,Winter
2023-01-10,11.1,0.0,57.3,Sunny,Cold Beverages & Ice Cream,89.51,10,2023,1,Jan,10,Tuesday,0,Winter
2023-01-10,11.1,0.0,57.3,Sunny,Heating & Winter Apparel,1023.28,16,2023,1,Jan,10,Tuesday,0,Winter
2023-01-10,11.1,0.0,57.3,Sunny,Hot Beverages & Soups,1327.08,104,2023,1,Jan,10,Tuesday,0,Winter
2023-01-10,11.1,0.0,57.3,Sunny,Outdoor & Camping Gear,1853.11,23,2023,1,Jan,10,Tuesday,0,Winter
2023-01-10,11.1,0.0,57.3,Sunny,Rainwear & Umbrellas,681.28,23,2023,1,Jan,10,Tuesday,0,Winter
2023-01-11,2.9,0.0,55.5,Sunny,Cold Beverages & Ice Cream,82.45,9,2023,1,Jan,11,Wednesday,0,Winter
2023-01-11,2.9,0.0,55.5,Sunny,Heating & Winter Apparel,5902.68,89,2023,1,Jan,11,Wednesday,0,Winter
2023-01-11,2.9,0.0,55.5,Sunny,Hot Beverages & Soups,2256.17,194,2023,1,Jan,11,Wednesday,0,Winter
2023-01-11,2.9,0.0,55.5,Sunny,Outdoor & Camping Gear,396.52,5,2023,1,Jan,11,Wednesday,0,Winter
2023-01-11,2.9,0.0,55.5,Sunny,Rainwear & Umbrellas,566.48,19,2023,1,Jan,11,Wednesday,0,Winter
2023-01-12,7.5,6.7,62.7,Rainy,Cold Beverages & Ice Cream,141.55,18,2023,1,Jan,12,Thursday,0,Winter
2023-01-12,7.5,6.7,60.3,Rainy,Heating & Winter Apparel,3084.98,50,2023,1,Jan,12,Thursday,0,Winter
2023-01-12,7.5,6.7,60.3,Rainy,Hot Beverages & Soups,2270.52,201,2023,1,Jan,12,Thursday,0,Winter
2023-01-12,7.5,6.7,60.3,Rainy,Outdoor & Camping Gear,789.97,10,2023,1,Jan,12,Thursday,0,Winter
2023-01-12,7.5,6.7,60.3,Rainy,Rainwear & Umbrellas,22882.34,773,2023,1,Jan,12,Thursday,0,Winter
2023-01-13,5.5,0.0,53.5,Sunny,Cold Beverages & Ice Cream,43.25,5,2023,1,Jan,13,Friday,0,Winter
2023-01-13,5.5,0.0,53.5,Sunny,Heating & Winter Apparel,3014.56,49,2023,1,Jan,13,Friday,0,Winter
2023-01-13,5.5,0.0,53.5,Sunny,Hot Beverages & Soups,2084.19,165,2023,1,Jan,13,Friday,0,Winter
2023-01-13,5.5,0.0,53.5,Sunny,Outdoor & Camping Gear,1118.57,13,2023,1,Jan,13,Friday,0,Winter
2023-01-13,5.5,0.0,53.5,Sunny,Rainwear & Umbrellas,882.36,31,2023,1,Jan,13,Friday,0,Winter
2023-01-14,11.1,0.0,57.4,Sunny,Cold Beverages & Ice Cream,41.83,5,2023,1,Jan,14,Saturday,1,Winter
2023-01-14,11.1,0.0,57.4,Sunny,Heating & Winter Apparel,1506.25,23,2023,1,Jan,14,Saturday,1,Winter
2023-01-14,11.1,0.0,57.4,Sunny,Hot Beverages & Soups,1875.2,150,2023,1,Jan,14,Saturday,1,Winter
2023-01-14,11.1,0.0,57.4,Sunny,Outdoor & Camping Gear,2767.17,33,2023,1,Jan,14,Saturday,1,Winter
2023-01-14,11.1,0.0,57.4,Sunny,Rainwear & Umbrellas,839.35,31,2023,1,Jan,14,Saturday,1,Winter
2023-01-15,2.7,0.0,59.5,Sunny,Cold Beverages & Ice Cream,197.31,25,2023,1,Jan,15,Sunday,1,Winter
2023-01-15,2.7,0.0,59.5,Sunny,Heating & Winter Apparel,7527.07,115,2023,1,Jan,15,Sunday,1,Winter
2023-01-15,2.7,0.0,59.5,Sunny,Hot Beverages & Soups,3032.34,234,2023,1,Jan,15,Sunday,1,Winter
2023-01-15,2.7,0.0,59.5,Sunny,Outdoor & Camping Gear,414.18,5,2023,1,Jan,15,Sunday,1,Winter
2023-01-15,2.7,0.0,59.5,Sunny,Rainwear & Umbrellas,624.25,23,2023,1,Jan,15,Sunday,1,Winter
2023-01-16,2.7,15.9,85.4,Rainy,Cold Beverages & Ice Cream,41.38,5,2023,1,Jan,16,Monday,0,Winter
2023-01-16,2.7,15.9,85.4,Rainy,Heating & Winter Apparel,5023.9,82,2023,1,Jan,16,Monday,0,Winter
2023-01-16,2.7,15.9,85.4,Rainy,Hot Beverages & Soups,2869.15,258,2023,1,Jan,16,Monday,0,Winter
2023-01-16,2.7,15.9,85.4,Rainy,Outdoor & Camping Gear,441.32,5,2023,1,Jan,16,Monday,0,Winter
2023-01-16,2.7,15.9,85.4,Rainy,Rainwear & Umbrellas,61888.68,2253,2023,1,Jan,16,Monday,0,Winter
2023-01-17,3.3,5.2,70.1,Rainy,Cold Beverages & Ice Cream,175.69,20,2023,1,Jan,17,Tuesday,0,Winter
2023-01-17,3.3,5.2,70.1,Rainy,Heating & Winter Apparel,4754.1,78,2023,1,Jan,17,Tuesday,0,Winter
2023-01-17,3.3,5.2,70.1,Rainy,Hot Beverages & Soups,2901.47,262,2023,1,Jan,17,Tuesday,0,Winter
2023-01-17,3.3,5.2,70.1,Rainy,Outdoor & Camping Gear,442.44,5,2023,1,Jan,17,Tuesday,0,Winter
2023-01-17,3.3,5.2,70.1,Rainy,Rainwear & Umbrellas,15475.93,579,2023,1,Jan,17,Tuesday,0,Winter
2023-01-18,-0.9,0.0,68.9,Sunny,Cold Beverages & Ice Cream,96.34,11,2023,1,Jan,18,Wednesday,0,Winter
2023-01-18,-0.9,0.0,68.9,Sunny,Heating & Winter Apparel,10007.55,149,2023,1,Jan,18,Wednesday,0,Winter
2023-01-18,-0.9,0.0,68.9,Sunny,Hot Beverages & Soups,3071.41,238,2023,1,Jan,18,Wednesday,0,Winter
2023-01-18,-0.9,0.0,68.9,Sunny,Outdoor & Camping Gear,452.63,5,2023,1,Jan,18,Wednesday,0,Winter
2023-01-18,-0.9,0.0,68.9,Sunny,Rainwear & Umbrellas,680.21,23,2023,1,Jan,18,Wednesday,0,Winter
2023-01-19,3.6,0.0,63.8,Sunny,Cold Beverages & Ice Cream,89.53,10,2023,1,Jan,19,Thursday,0,Winter
2023-01-19,3.6,0.0,63.8,Sunny,Heating & Winter Apparel,4257.59,65,2023,1,Jan,19,Thursday,0,Winter
2023-01-19,3.6,0.0,63.8,Sunny,Hot Beverages & Soups,2273.17,190,2023,1,Jan,19,Thursday,0,Winter
2023-01-19,3.6,0.0,63.8,Sunny,Outdoor & Camping Gear,455.26,5,2023,1,Jan,19,Thursday,0,Winter
2023-01-19,3.6,0.0,63.8,Sunny,Rainwear & Umbrellas,638.91,23,2023,1,Jan,19,Thursday,0,Winter
2023-01-20,2.9,0.0,58.7,Sunny,Cold Beverages & Ice Cream,148.64,17,2023,1,Jan,20,Friday,0,Winter
2023-01-20,2.9,0.0,58.7,Sunny,Heating & Winter Apparel,5307.27,85,2023,1,Jan,20,Friday,0,Winter
2023-01-20,2.9,0.0,58.7,Sunny,Hot Beverages & Soups,2441.06,200,2023,1,Jan,20,Friday,0,Winter
2023-01-20,2.9,0.0,58.7,Sunny,Outdoor & Camping Gear,399.32,5,2023,1,Jan,20,Friday,0,Winter
2023-01-20,2.9,0.0,58.7,Sunny,Rainwear & Umbrellas,912.67,31,2023,1,Jan,20,Friday,0,Winter
2023-01-21,5.5,15.7,68.4,Rainy,Cold Beverages & Ice Cream,162.05,18,2023,1,Jan,21,Saturday,1,Winter
2023-01-21,5.5,15.7,68.4,Rainy,Heating & Winter Apparel,4637.67,74,2023,1,Jan,21,Saturday,1,Winter
2023-01-21,5.5,15.7,62.7,Rainy,Hot Beverages & Soups,3486.81,302,2023,1,Jan,21,Saturday,1,Winter
2023-01-21,5.5,15.7,68.4,Rainy,Outdoor & Camping Gear,442.3,5,2023,1,Jan,21,Saturday,1,Winter
2023-01-21,5.5,15.7,68.4,Rainy,Rainwear & Umbrellas,62691.13,2432,2023,1,Jan,21,Saturday,1,Winter
2023-01-22,6.1,0.0,58.6,Sunny,Cold Beverages & Ice Cream,41.05,5,2023,1,Jan,22,Sunday,1,Winter
2023-01-22,6.1,0.0,58.6,Sunny,Heating & Winter Apparel,4181.31,67,2023,1,Jan,22,Sunday,1,Winter
2023-01-22,6.1,0.0,58.6,Sunny,Hot Beverages & Soups,2608.42,208,2023,1,Jan,22,Sunday,1,Winter
2023-01-22,6.1,0.0,58.6,Sunny,Outdoor & Camping Gear,437.23,5,2023,1,Jan,22,Sunday,1,Winter
2023-01-22,6.1,0.0,58.6,Sunny,Rainwear & Umbrellas,866.23,29,2023,1,Jan,22,Sunday,1,Winter
2023-01-23,10.4,0.0,59.3,Sunny,Cold Beverages & Ice Cream,135.55,15,2023,1,Jan,23,Monday,0,Winter
2023-01-23,10.4,0.0,59.3,Sunny,Heating & Winter Apparel,2025.47,32,2023,1,Jan,23,Monday,0,Winter
2023-01-23,10.4,0.0,59.3,Sunny,Hot Beverages & Soups,1711.71,139,2023,1,Jan,23,Monday,0,Winter
2023-01-23,10.4,0.0,59.3,Sunny,Outdoor & Camping Gear,1718.3,19,2023,1,Jan,23,Monday,0,Winter
2023-01-23,10.4,0.0,59.3,Sunny,Rainwear & Umbrellas,911.32,33,2023,1,Jan,23,Monday,0,Winter
2023-01-24,7.8,0.0,61.6,Sunny,Cold Beverages & Ice Cream,142.46,16,2023,1,Jan,24,Tuesday,0,Winter
2023-01-24,7.8,0.0,61.6,Sunny,Heating & Winter Apparel,2516.09,37,2023,1,Jan,24,Tuesday,0,Winter
2023-01-24,7.8,0.0,61.6,Sunny,Hot Beverages & Soups,1804.31,150,2023,1,Jan,24,Tuesday,0,Winter
2023-01-24,7.8,0.0,61.6,Sunny,Outdoor & Camping Gear,667.49,8,2023,1,Jan,24,Tuesday,0,Winter
2023-01-24,7.8,0.0,61.6,Sunny,Rainwear & Umbrellas,660.1,23,2023,1,Jan,24,Tuesday,0,Winter
2023-01-25,3.6,0.0,60.8,Sunny,Cold Beverages & Ice Cream,174.26,21,2023,1,Jan,25,Wednesday,0,Winter
2023-01-25,3.6,0.0,60.8,Sunny,Heating & Winter Apparel,5824.99,84,2023,1,Jan,25,Wednesday,0,Winter
2023-01-25,3.6,0.0,60.8,Sunny,Hot Beverages & Soups,2242.28,195,2023,1,Jan,25,Wednesday,0,Winter
2023-01-25,3.6,0.0,60.8,Sunny,Outdoor & Camping Gear,393.55,5,2023,1,Jan,25,Wednesday,0,Winter
2023-01-25,3.6,0.0,60.8,Sunny,Rainwear & Umbrellas,613.76,23,2023,1,Jan,25,Wednesday,0,Winter
2023-01-26,2.7,0.0,59.2,Sunny,Cold Beverages & Ice Cream,81.93,10,2023,1,Jan,26,Thursday,0,Winter
2023-01-26,2.7,0.0,59.2,Sunny,Heating & Winter Apparel,6210.06,90,2023,1,Jan,26,Thursday,0,Winter
2023-01-26,2.7,0.0,59.2,Sunny,Hot Beverages & Soups,2099.05,188,2023,1,Jan,26,Thursday,0,Winter
2023-01-26,2.7,0.0,59.2,Sunny,Outdoor & Camping Gear,454.17,5,2023,1,Jan,26,Thursday,0,Winter
2023-01-26,2.7,0.0,59.2,Sunny,Rainwear & Umbrellas,331.61,12,2023,1,Jan,26,Thursday,0,Winter
2023-01-27,6.7,8.8,61.4,Rainy,Cold Beverages & Ice Cream,82.55,10,2023,1,Jan,27,Friday,0,Winter
2023-01-27,6.7,8.8,61.4,Rainy,Heating & Winter Apparel,3087.54,48,2023,1,Jan,27,Friday,0,Winter
2023-01-27,6.7,8.8,61.4,Rainy,Hot Beverages & Soups,2826.83,231,2023,1,Jan,27,Friday,0,Winter
2023-01-27,6.7,8.8,61.4,Rainy,Outdoor & Camping Gear,446.84,5,2023,1,Jan,27,Friday,0,Winter
2023-01-27,6.7,8.8,61.4,Rainy,Rainwear & Umbrellas,30039.78,1076,2023,1,Jan,27,Friday,0,Winter
2023-01-28,1.6,0.0,52.5,Sunny,Cold Beverages & Ice Cream,39.78,5,2023,1,Jan,28,Saturday,1,Winter
2023-01-28,1.6,0.0,52.5,Sunny,Heating & Winter Apparel,7640.88,124,2023,1,Jan,28,Saturday,1,Winter
2023-01-28,1.6,0.0,52.5,Sunny,Hot Beverages & Soups,3104.92,265,2023,1,Jan,28,Saturday,1,Winter
2023-01-28,1.6,0.0,52.5,Sunny,Outdoor & Camping Gear,415.43,5,2023,1,Jan,28,Saturday,1,Winter
2023-01-28,1.6,0.0,52.5,Sunny,Rainwear & Umbrellas,764.67,26,2023,1,Jan,28,Saturday,1,Winter
2023-01-29,10.5,0.0,66.3,Sunny,Cold Beverages & Ice Cream,180.6,20,2023,1,Jan,29,Sunday,1,Winter
2023-01-29,10.5,0.0,66.3,Sunny,Heating & Winter Apparel,1592.36,24,2023,1,Jan,29,Sunday,1,Winter
2023-01-29,10.5,0.0,66.3,Sunny,Hot Beverages & Soups,2189.83,169,2023,1,Jan,29,Sunday,1,Winter
2023-01-29,10.5,0.0,66.3,Sunny,Outdoor & Camping Gear,3212.34,35,2023,1,Jan,29,Sunday,1,Winter
2023-01-29,10.5,0.0,66.3,Sunny,Rainwear & Umbrellas,767.93,28,2023,1,Jan,29,Sunday,1,Winter
2023-01-30,8.7,0.0,73.1,Cloudy,Cold Beverages & Ice Cream,124.55,15,2023,1,Jan,30,Monday,0,Winter
2023-01-30,8.7,0.0,73.1,Cloudy,Heating & Winter Apparel,2076.51,30,2023,1,Jan,30,Monday,0,Winter
2023-01-30,8.7,0.0,73.1,Cloudy,Hot Beverages & Soups,1833.53,151,2023,1,Jan,30,Monday,0,Winter
2023-01-30,8.7,0.0,73.1,Cloudy,Outdoor & Camping Gear,1655.58,20,2023,1,Jan,30,Monday,0,Winter
2023-01-30,8.7,0.0,73.1,Cloudy,Rainwear & Umbrellas,723.93,28,2023,1,Jan,30,Monday,0,Winter
2023-01-31,4.2,16.0,78.7,Rainy,Cold Beverages & Ice Cream,39.35,5,2023,1,Jan,31,Tuesday,0,Winter
2023-01-31,4.2,16.0,78.7,Rainy,Heating & Winter Apparel,4551.84,70,2023,1,Jan,31,Tuesday,0,Winter
2023-01-31,4.2,16.0,78.7,Rainy,Hot Beverages & Soups,2958.31,242,2023,1,Jan,31,Tuesday,0,Winter
2023-01-31,4.2,16.0,78.7,Rainy,Outdoor & Camping Gear,407.1,5,2023,1,Jan,31,Tuesday,0,Winter
2023-01-31,4.2,16.0,78.7,Rainy,Rainwear & Umbrellas,63568.97,2258,2023,1,Jan,31,Tuesday,0,Winter
2023-02-01,0.8,0.0,53.7,Sunny,Cold Beverages & Ice Cream,44.06,5,2023,2,Feb,1,Wednesday,0,Winter
2023-02-01,0.8,0.0,53.7,Sunny,Heating & Winter Apparel,7087.64,112,2023,2,Feb,1,Wednesday,0,Winter
2023-02-01,0.8,0.0,53.7,Sunny,Hot Beverages & Soups,2486.0,213,2023,2,Feb,1,Wednesday,0,Winter
2023-02-01,0.8,0.0,53.7,Sunny,Outdoor & Camping Gear,620.91,7,2023,2,Feb,1,Wednesday,0,Winter
2023-02-01,0.8,0.0,53.7,Sunny,Rainwear & Umbrellas,481.39,17,2023,2,Feb,1,Wednesday,0,Winter
2023-02-02,9.4,9.1,69.5,Rainy,Cold Beverages & Ice Cream,76.06,9,2023,2,Feb,2,Thursday,0,Winter
2023-02-02,9.4,9.1,69.5,Rainy,Heating & Winter Apparel,1783.67,28,2023,2,Feb,2,Thursday,0,Winter
2023-02-02,9.4,9.1,69.5,Rainy,Hot Beverages & Soups,2130.04,182,2023,2,Feb,2,Thursday,0,Winter
2023-02-02,9.4,9.1,69.5,Rainy,Outdoor & Camping Gear,917.56,10,2023,2,Feb,2,Thursday,0,Winter
2023-02-02,9.4,9.1,69.5,Rainy,Rainwear & Umbrellas,29886.41,1131,2023,2,Feb,2,Thursday,0,Winter
2023-02-03,5.4,0.0,66.7,Sunny,Cold Beverages & Ice Cream,151.62,19,2023,2,Feb,3,Friday,0,Winter
2023-02-03,5.4,0.0,66.7,Sunny,Heating & Winter Apparel,3467.12,55,2023,2,Feb,3,Friday,0,Winter
2023-02-03,5.4,0.0,66.7,Sunny,Hot Beverages & Soups,2176.06,176,2023,2,Feb,3,Friday,0,Winter
2023-02-03,5.4,0.0,66.7,Sunny,Outdoor & Camping Gear,396.17,5,2023,2,Feb,3,Friday,0,Winter
2023-02-03,5.4,0.0,66.7,Sunny,Rainwear & Umbrellas,468.59,17,2023,2,Feb,3,Friday,0,Winter
2023-02-04,9.2,0.0,55.9,Sunny,Cold Beverages & Ice Cream,159.69,20,2023,2,Feb,4,Saturday,1,Winter
2023-02-04,9.2,0.0,55.9,Sunny,Heating & Winter Apparel,2139.25,35,2023,2,Feb,4,Saturday,1,Winter
2023-02-04,9.2,0.0,55.9,Sunny,Hot Beverages & Soups,2148.52,177,2023,2,Feb,4,Saturday,1,Winter
2023-02-04,9.2,0.0,55.9,Sunny,Outdoor & Camping Gear,1148.34,13,2023,2,Feb,4,Saturday,1,Winter
2023-02-04,9.2,0.0,55.9,Sunny,Rainwear & Umbrellas,962.58,34,2023,2,Feb,4,Saturday,1,Winter
2023-02-05,1.4,0.0,64.8,Sunny,Cold Beverages & Ice Cream,113.46,14,2023,2,Feb,5,Sunday,1,Winter
2023-02-05,1.4,0.0,64.8,Sunny,Heating & Winter Apparel,8672.36,138,2023,2,Feb,5,Sunday,1,Winter
2023-02-05,1.4,0.0,64.8,Sunny,Hot Beverages & Soups,2977.02,256,2023,2,Feb,5,Sunday,1,Winter
2023-02-05,1.4,0.0,64.8,Sunny,Outdoor & Camping Gear,433.39,5,2023,2,Feb,5,Sunday,1,Winter
2023-02-05,1.4,0.0,64.8,Sunny,Rainwear & Umbrellas,318.28,11,2023,2,Feb,5,Sunday,1,Winter
2023-02-06,4.2,0.0,57.6,Sunny,Cold Beverages & Ice Cream,148.65,18,2023,2,Feb,6,Monday,0,Winter
2023-02-06,4.2,0.0,57.6,Sunny,Heating & Winter Apparel,4519.97,67,2023,2,Feb,6,Monday,0,Winter
2023-02-06,4.2,0.0,57.6,Sunny,Hot Beverages & Soups,2185.35,169,2023,2,Feb,6,Monday,0,Winter
2023-02-06,4.2,0.0,57.6,Sunny,Outdoor & Camping Gear,449.34,5,2023,2,Feb,6,Monday,0,Winter
2023-02-06,4.2,0.0,57.6,Sunny,Rainwear & Umbrellas,617.55,21,2023,2,Feb,6,Monday,0,Winter
2023-02-07,6.0,0.0,69.7,Sunny,Cold Beverages & Ice Cream,42.55,5,2023,2,Feb,7,Tuesday,0,Winter
2023-02-07,6.0,0.0,69.7,Sunny,Heating & Winter Apparel,3452.49,52,2023,2,Feb,7,Tuesday,0,Winter
2023-02-07,6.0,0.0,69.7,Sunny,Hot Beverages & Soups,1990.1,158,2023,2,Feb,7,Tuesday,0,Winter
2023-02-07,6.0,0.0,69.7,Sunny,Outdoor & Camping Gear,601.22,7,2023,2,Feb,7,Tuesday,0,Winter
2023-02-07,6.0,0.0,69.7,Sunny,Rainwear & Umbrellas,945.39,36,2023,2,Feb,7,Tuesday,0,Winter
2023-02-08,6.2,21.0,62.7,Rainy,Cold Beverages & Ice Cream,40.85,5,2023,2,Feb,8,Wednesday,0,Winter
2023-02-08,6.2,21.0,75.7,Rainy,Heating & Winter Apparel,3504.86,51,2023,2,Feb,8,Wednesday,0,Winter
2023-02-08,6.2,21.0,75.7,Rainy,Hot Beverages & Soups,2556.64,223,2023,2,Feb,8,Wednesday,0,Winter
2023-02-08,6.2,21.0,75.7,Rainy,Outdoor & Camping Gear,428.1,5,2023,2,Feb,8,Wednesday,0,Winter
2023-02-08,6.2,21.0,75.7,Rainy,Rainwear & Umbrellas,95643.11,3169,2023,2,Feb,8,Wednesday,0,Winter
2023-02-09,4.9,0.0,54.3,Sunny,Cold Beverages & Ice Cream,42.92,5,2023,2,Feb,9,Thursday,0,Winter
2023-02-09,4.9,0.0,54.3,Sunny,Heating & Winter Apparel,3788.92,57,2023,2,Feb,9,Thursday,0,Winter
2023-02-09,4.9,0.0,54.3,Sunny,Hot Beverages & Soups,2308.73,186,2023,2,Feb,9,Thursday,0,Winter
2023-02-09,4.9,0.0,54.3,Sunny,Outdoor & Camping Gear,1170.43,13,2023,2,Feb,9,Thursday,0,Winter
2023-02-09,4.9,0.0,54.3,Sunny,Rainwear & Umbrellas,889.84,30,2023,2,Feb,9,Thursday,0,Winter
2023-02-10,8.0,0.0,63.4,Sunny,Cold Beverages & Ice Cream,241.18,27,2023,2,Feb,10,Friday,0,Winter
2023-02-10,8.0,0.0,63.4,Sunny,Heating & Winter Apparel,2280.76,37,2023,2,Feb,10,Friday,0,Winter
2023-02-10,8.0,0.0,63.4,Sunny,Hot Beverages & Soups,1919.86,151,2023,2,Feb,10,Friday,0,Winter
2023-02-10,8.0,0.0,63.4,Sunny,Outdoor & Camping Gear,417.87,5,2023,2,Feb,10,Friday,0,Winter
2023-02-10,8.0,0.0,63.4,Sunny,Rainwear & Umbrellas,428.29,16,2023,2,Feb,10,Friday,0,Winter
2023-02-11,3.4,0.0,67.7,Sunny,Cold Beverages & Ice Cream,45.85,5,2023,2,Feb,11,Saturday,1,Winter
2023-02-11,3.4,0.0,67.7,Sunny,Heating & Winter Apparel,6451.01,99,2023,2,Feb,11,Saturday,1,Winter
2023-02-11,3.4,0.0,67.7,Sunny,Hot Beverages & Soups,2939.66,227,2023,2,Feb,11,Saturday,1,Winter
2023-02-11,3.4,0.0,67.7,Sunny,Outdoor & Camping Gear,393.05,5,2023,2,Feb,11,Saturday,1,Winter
2023-02-11,3.4,0.0,67.7,Sunny,Rainwear & Umbrellas,753.76,29,2023,2,Feb,11,Saturday,1,Winter
2023-02-12,6.1,26.9,78.5,Rainy,Cold Beverages & Ice Cream,42.97,5,2023,2,Feb,12,Sunday,1,Winter
2023-02-12,6.1,26.9,78.5,Rainy,Heating & Winter Apparel,5259.59,77,2023,2,Feb,12,Sunday,1,Winter
2023-02-12,6.1,26.9,78.5,Rainy,Hot Beverages & Soups,3362.32,289,2023,2,Feb,12,Sunday,1,Winter
2023-02-12,6.1,26.9,78.5,Rainy,Outdoor & Camping Gear,444.71,5,2023,2,Feb,12,Sunday,1,Winter
2023-02-12,6.1,26.9,78.5,Rainy,Rainwear & Umbrellas,141684.04,4740,2023,2,Feb,12,Sunday,1,Winter
2023-02-13,6.9,14.9,72.2,Rainy,Cold Beverages & Ice Cream,45.46,5,2023,2,Feb,13,Monday,0,Winter
2023-02-13,6.9,14.9,72.2,Rainy,Heating & Winter Apparel,2859.51,47,2023,2,Feb,13,Monday,0,Winter
2023-02-13,6.9,14.9,72.2,Rainy,Hot Beverages & Soups,2350.75,207,2023,2,Feb,13,Monday,0,Winter
2023-02-13,6.9,14.9,72.2,Rainy,Outdoor & Camping Gear,443.47,5,2023,2,Feb,13,Monday,0,Winter
2023-02-13,6.9,14.9,72.2,Rainy,Rainwear & Umbrellas,60841.35,2073,2023,2,Feb,13,Monday,0,Winter
2023-02-14,8.1,0.0,58.5,Sunny,Cold Beverages & Ice Cream,146.55,17,2023,2,Feb,14,Tuesday,0,Winter
2023-02-14,8.1,0.0,58.5,Sunny,Heating & Winter Apparel,2660.5,38,2023,2,Feb,14,Tuesday,0,Winter
2023-02-14,8.1,0.0,58.5,Sunny,Hot Beverages & Soups,1694.35,149,2023,2,Feb,14,Tuesday,0,Winter
2023-02-14,8.1,0.0,58.5,Sunny,Outdoor & Camping Gear,1659.1,19,2023,2,Feb,14,Tuesday,0,Winter
2023-02-14,8.1,0.0,58.5,Sunny,Rainwear & Umbrellas,645.38,25,2023,2,Feb,14,Tuesday,0,Winter
2023-02-15,8.8,13.8,62.7,Rainy,Cold Beverages & Ice Cream,45.72,5,2023,2,Feb,15,Wednesday,0,Winter
2023-02-15,8.8,13.8,60.3,Rainy,Heating & Winter Apparel,2572.01,38,2023,2,Feb,15,Wednesday,0,Winter
2023-02-15,8.8,13.8,60.3,Rainy,Hot Beverages & Soups,2364.94,204,2023,2,Feb,15,Wednesday,0,Winter
2023-02-15,8.8,13.8,60.3,Rainy,Outdoor & Camping Gear,1110.65,13,2023,2,Feb,15,Wednesday,0,Winter
2023-02-15,8.8,13.8,60.3,Rainy,Rainwear & Umbrellas,49676.19,1889,2023,2,Feb,15,Wednesday,0,Winter
2023-02-16,3.8,0.0,59.7,Sunny,Cold Beverages & Ice Cream,45.29,5,2023,2,Feb,16,Thursday,0,Winter
2023-02-16,3.8,0.0,59.7,Sunny,Heating & Winter Apparel,4923.82,72,2023,2,Feb,16,Thursday,0,Winter
2023-02-16,3.8,0.0,59.7,Sunny,Hot Beverages & Soups,2290.56,187,2023,2,Feb,16,Thursday,0,Winter
2023-02-16,3.8,0.0,59.7,Sunny,Outdoor & Camping Gear,433.46,5,2023,2,Feb,16,Thursday,0,Winter
2023-02-16,3.8,0.0,59.7,Sunny,Rainwear & Umbrellas,694.17,23,2023,2,Feb,16,Thursday,0,Winter
2023-02-17,2.7,0.0,64.5,Sunny,Cold Beverages & Ice Cream,251.57,28,2023,2,Feb,17,Friday,0,Winter
2023-02-17,2.7,0.0,64.5,Sunny,Heating & Winter Apparel,5472.12,87,2023,2,Feb,17,Friday,0,Winter
2023-02-17,2.7,0.0,64.5,Sunny,Hot Beverages & Soups,2252.61,188,2023,2,Feb,17,Friday,0,Winter
2023-02-17,2.7,0.0,64.5,Sunny,Outdoor & Camping Gear,439.84,5,2023,2,Feb,17,Friday,0,Winter
2023-02-17,2.7,0.0,64.5,Sunny,Rainwear & Umbrellas,540.97,21,2023,2,Feb,17,Friday,0,Winter
2023-02-18,10.7,32.5,78.2,Rainy,Cold Beverages & Ice Cream,68.66,8,2023,2,Feb,18,Saturday,1,Winter
2023-02-18,10.7,32.5,78.2,Rainy,Heating & Winter Apparel,1512.43,25,2023,2,Feb,18,Saturday,1,Winter
2023-02-18,10.7,32.5,78.2,Rainy,Hot Beverages & Soups,2586.06,232,2023,2,Feb,18,Saturday,1,Winter
2023-02-18,10.7,32.5,78.2,Rainy,Outdoor & Camping Gear,411.12,5,2023,2,Feb,18,Saturday,1,Winter
2023-02-18,10.7,32.5,78.2,Rainy,Rainwear & Umbrellas,157786.22,5996,2023,2,Feb,18,Saturday,1,Winter
2023-02-19,8.2,7.5,69.0,Rainy,Cold Beverages & Ice Cream,79.85,10,2023,2,Feb,19,Sunday,1,Winter
2023-02-19,8.2,7.5,69.0,Rainy,Heating & Winter Apparel,1917.27,32,2023,2,Feb,19,Sunday,1,Winter
2023-02-19,8.2,7.5,69.0,Rainy,Hot Beverages & Soups,2891.71,259,2023,2,Feb,19,Sunday,1,Winter
2023-02-19,8.2,7.5,69.0,Rainy,Outdoor & Camping Gear,444.04,5,2023,2,Feb,19,Sunday,1,Winter
2023-02-19,8.2,7.5,69.0,Rainy,Rainwear & Umbrellas,28944.33,993,2023,2,Feb,19,Sunday,1,Winter
2023-02-20,5.3,0.0,57.5,Sunny,Cold Beverages & Ice Cream,45.4,5,2023,2,Feb,20,Monday,0,Winter
2023-02-20,5.3,0.0,57.5,Sunny,Heating & Winter Apparel,3831.9,63,2023,2,Feb,20,Monday,0,Winter
2023-02-20,5.3,0.0,57.5,Sunny,Hot Beverages & Soups,2100.12,164,2023,2,Feb,20,Monday,0,Winter
2023-02-20,5.3,0.0,57.5,Sunny,Outdoor & Camping Gear,650.73,8,2023,2,Feb,20,Monday,0,Winter
2023-02-20,5.3,0.0,57.5,Sunny,Rainwear & Umbrellas,806.19,27,2023,2,Feb,20,Monday,0,Winter
2023-02-21,11.9,0.0,55.3,Sunny,Cold Beverages & Ice Cream,171.04,21,2023,2,Feb,21,Tuesday,0,Winter
2023-02-21,11.9,0.0,55.3,Sunny,Heating & Winter Apparel,1026.03,16,2023,2,Feb,21,Tuesday,0,Winter
2023-02-21,11.9,0.0,55.3,Sunny,Hot Beverages & Soups,1446.65,117,2023,2,Feb,21,Tuesday,0,Winter
2023-02-21,11.9,0.0,55.3,Sunny,Outdoor & Camping Gear,2420.85,29,2023,2,Feb,21,Tuesday,0,Winter
2023-02-21,11.9,0.0,55.3,Sunny,Rainwear & Umbrellas,529.77,20,2023,2,Feb,21,Tuesday,0,Winter
2023-02-22,8.0,0.0,64.4,Sunny,Cold Beverages & Ice Cream,39.74,5,2023,2,Feb,22,Wednesday,0,Winter
2023-02-22,8.0,0.0,64.4,Sunny,Heating & Winter Apparel,2816.98,43,2023,2,Feb,22,Wednesday,0,Winter
2023-02-22,8.0,0.0,64.4,Sunny,Hot Beverages & Soups,1625.41,144,2023,2,Feb,22,Wednesday,0,Winter
2023-02-22,8.0,0.0,64.4,Sunny,Outdoor & Camping Gear,655.24,8,2023,2,Feb,22,Wednesday,0,Winter
2023-02-22,8.0,0.0,64.4,Sunny,Rainwear & Umbrellas,644.0,24,2023,2,Feb,22,Wednesday,0,Winter
2023-02-23,11.1,7.6,64.1,Rainy,Cold Beverages & Ice Cream,179.42,20,2023,2,Feb,23,Thursday,0,Winter
2023-02-23,11.1,7.6,64.1,Rainy,Heating & Winter Apparel,927.61,15,2023,2,Feb,23,Thursday,0,Winter
2023-02-23,11.1,7.6,64.1,Rainy,Hot Beverages & Soups,2159.96,175,2023,2,Feb,23,Thursday,0,Winter
2023-02-23,11.1,7.6,64.1,Rainy,Outdoor & Camping Gear,1461.8,16,2023,2,Feb,23,Thursday,0,Winter
2023-02-23,11.1,7.6,64.1,Rainy,Rainwear & Umbrellas,27107.33,908,2023,2,Feb,23,Thursday,0,Winter
2023-02-24,8.1,0.0,56.3,Sunny,Cold Beverages & Ice Cream,145.61,17,2023,2,Feb,24,Friday,0,Winter
2023-02-24,8.1,0.0,56.3,Sunny,Heating & Winter Apparel,2425.4,38,2023,2,Feb,24,Friday,0,Winter
2023-02-24,8.1,0.0,56.3,Sunny,Hot Beverages & Soups,1785.9,159,2023,2,Feb,24,Friday,0,Winter
2023-02-24,8.1,0.0,56.3,Sunny,Outdoor & Camping Gear,743.06,9,2023,2,Feb,24,Friday,0,Winter
2023-02-24,8.1,0.0,56.3,Sunny,Rainwear & Umbrellas,645.95,24,2023,2,Feb,24,Friday,0,Winter
2023-02-25,13.9,0.0,63.4,Sunny,Cold Beverages & Ice Cream,269.71,30,2023,2,Feb,25,Saturday,1,Winter
2023-02-25,13.9,0.0,63.4,Sunny,Heating & Winter Apparel,487.32,8,2023,2,Feb,25,Saturday,1,Winter
2023-02-25,13.9,0.0,63.4,Sunny,Hot Beverages & Soups,1594.5,134,2023,2,Feb,25,Saturday,1,Winter
2023-02-25,13.9,0.0,63.4,Sunny,Outdoor & Camping Gear,4807.73,60,2023,2,Feb,25,Saturday,1,Winter
2023-02-25,13.9,0.0,63.4,Sunny,Rainwear & Umbrellas,728.79,27,2023,2,Feb,25,Saturday,1,Winter
2023-02-26,13.2,0.0,52.4,Sunny,Cold Beverages & Ice Cream,283.99,34,2023,2,Feb,26,Sunday,1,Winter
2023-02-26,13.2,0.0,52.4,Sunny,Heating & Winter Apparel,666.05,10,2023,2,Feb,26,Sunday,1,Winter
2023-02-26,13.2,0.0,52.4,Sunny,Hot Beverages & Soups,1422.05,125,2023,2,Feb,26,Sunday,1,Winter
2023-02-26,13.2,0.0,52.4,Sunny,Outdoor & Camping Gear,4208.03,51,2023,2,Feb,26,Sunday,1,Winter
2023-02-26,13.2,0.0,52.4,Sunny,Rainwear & Umbrellas,906.15,31,2023,2,Feb,26,Sunday,1,Winter
2023-02-27,7.7,0.0,54.4,Sunny,Cold Beverages & Ice Cream,62.11,7,2023,2,Feb,27,Monday,0,Winter
2023-02-27,7.7,0.0,54.4,Sunny,Heating & Winter Apparel,3019.07,44,2023,2,Feb,27,Monday,0,Winter
2023-02-27,7.7,0.0,54.4,Sunny,Hot Beverages & Soups,1832.37,152,2023,2,Feb,27,Monday,0,Winter
2023-02-27,7.7,0.0,54.4,Sunny,Outdoor & Camping Gear,1348.89,16,2023,2,Feb,27,Monday,0,Winter
2023-02-27,7.7,0.0,54.4,Sunny,Rainwear & Umbrellas,711.76,24,2023,2,Feb,27,Monday,0,Winter
2023-02-28,11.3,0.0,39.3,Sunny,Cold Beverages & Ice Cream,121.6,15,2023,2,Feb,28,Tuesday,0,Winter
2023-02-28,11.3,0.0,39.3,Sunny,Heating & Winter Apparel,892.98,13,2023,2,Feb,28,Tuesday,0,Winter
2023-02-28,11.3,0.0,39.3,Sunny,Hot Beverages & Soups,1517.58,120,2023,2,Feb,28,Tuesday,0,Winter
2023-02-28,11.3,0.0,39.3,Sunny,Outdoor & Camping Gear,2065.11,24,2023,2,Feb,28,Tuesday,0,Winter
2023-02-28,11.3,0.0,39.3,Sunny,Rainwear & Umbrellas,690.09,26,2023,2,Feb,28,Tuesday,0,Winter
2023-03-01,10.5,18.4,66.4,Rainy,Cold Beverages & Ice Cream,71.12,9,2023,3,Mar,1,Wednesday,0,Spring
2023-03-01,10.5,18.4,66.4,Rainy,Heating & Winter Apparel,1767.33,27,2023,3,Mar,1,Wednesday,0,Spring
2023-03-01,10.5,18.4,66.4,Rainy,Hot Beverages & Soups,2258.57,181,2023,3,Mar,1,Wednesday,0,Spring
2023-03-01,10.5,18.4,66.4,Rainy,Outdoor & Camping Gear,1445.55,17,2023,3,Mar,1,Wednesday,0,Spring
2023-03-01,10.5,18.4,66.4,Rainy,Rainwear & Umbrellas,72804.3,2682,2023,3,Mar,1,Wednesday,0,Spring
2023-03-02,12.7,0.0,65.6,Sunny,Cold Beverages & Ice Cream,162.23,18,2023,3,Mar,2,Thursday,0,Spring
2023-03-02,12.7,0.0,65.6,Sunny,Heating & Winter Apparel,342.91,5,2023,3,Mar,2,Thursday,0,Spring
2023-03-02,12.7,0.0,65.6,Sunny,Hot Beverages & Soups,1292.76,102,2023,3,Mar,2,Thursday,0,Spring
2023-03-02,12.7,0.0,65.6,Sunny,Outdoor & Camping Gear,2990.34,36,2023,3,Mar,2,Thursday,0,Spring
2023-03-02,12.7,0.0,65.6,Sunny,Rainwear & Umbrellas,734.66,26,2023,3,Mar,2,Thursday,0,Spring
2023-03-03,6.3,0.0,46.2,Sunny,Cold Beverages & Ice Cream,206.7,26,2023,3,Mar,3,Friday,0,Spring
2023-03-03,6.3,0.0,46.2,Sunny,Heating & Winter Apparel,3645.75,56,2023,3,Mar,3,Friday,0,Spring
2023-03-03,6.3,0.0,46.2,Sunny,Hot Beverages & Soups,1923.46,163,2023,3,Mar,3,Friday,0,Spring
2023-03-03,6.3,0.0,46.2,Sunny,Outdoor & Camping Gear,435.22,5,2023,3,Mar,3,Friday,0,Spring
2023-03-03,6.3,0.0,46.2,Sunny,Rainwear & Umbrellas,599.23,22,2023,3,Mar,3,Friday,0,Spring
2023-03-04,11.1,0.0,51.6,Sunny,Cold Beverages & Ice Cream,267.68,30,2023,3,Mar,4,Saturday,1,Spring
2023-03-04,11.1,0.0,51.6,Sunny,Heating & Winter Apparel,2014.86,29,2023,3,Mar,4,Saturday,1,Spring
2023-03-04,11.1,0.0,51.6,Sunny,Hot Beverages & Soups,1818.56,150,2023,3,Mar,4,Saturday,1,Spring
2023-03-04,11.1,0.0,51.6,Sunny,Outdoor & Camping Gear,3131.88,36,2023,3,Mar,4,Saturday,1,Spring
2023-03-04,11.1,0.0,51.6,Sunny,Rainwear & Umbrellas,780.68,26,2023,3,Mar,4,Saturday,1,Spring
2023-03-05,12.3,4.4,63.0,Rainy,Cold Beverages & Ice Cream,100.64,11,2023,3,Mar,5,Sunday,1,Spring
2023-03-05,12.3,4.4,63.0,Rainy,Heating & Winter Apparel,964.65,14,2023,3,Mar,5,Sunday,1,Spring
2023-03-05,12.3,4.4,63.0,Rainy,Hot Beverages & Soups,2437.98,192,2023,3,Mar,5,Sunday,1,Spring
2023-03-05,12.3,4.4,63.0,Rainy,Outdoor & Camping Gear,1283.64,16,2023,3,Mar,5,Sunday,1,Spring
2023-03-05,12.3,4.4,63.0,Rainy,Rainwear & Umbrellas,14224.07,515,2023,3,Mar,5,Sunday,1,Spring
2023-03-06,4.6,0.0,45.8,Sunny,Cold Beverages & Ice Cream,113.09,14,2023,3,Mar,6,Monday,0,Spring
2023-03-06,4.6,0.0,45.8,Sunny,Heating & Winter Apparel,4179.54,69,2023,3,Mar,6,Monday,0,Spring
2023-03-06,4.6,0.0,45.8,Sunny,Hot Beverages & Soups,2213.79,177,2023,3,Mar,6,Monday,0,Spring
2023-03-06,4.6,0.0,45.8,Sunny,Outdoor & Camping Gear,405.35,5,2023,3,Mar,6,Monday,0,Spring
2023-03-06,4.6,0.0,45.8,Sunny,Rainwear & Umbrellas,709.06,25,2023,3,Mar,6,Monday,0,Spring
2023-03-07,6.4,0.0,56.3,Sunny,Cold Beverages & Ice Cream,146.03,17,2023,3,Mar,7,Tuesday,0,Spring
2023-03-07,6.4,0.0,56.3,Sunny,Heating & Winter Apparel,3272.2,53,2023,3,Mar,7,Tuesday,0,Spring
2023-03-07,6.4,0.0,56.3,Sunny,Hot Beverages & Soups,1868.95,153,2023,3,Mar,7,Tuesday,0,Spring
2023-03-07,6.4,0.0,56.3,Sunny,Outdoor & Camping Gear,800.64,10,2023,3,Mar,7,Tuesday,0,Spring
2023-03-07,6.4,0.0,56.3,Sunny,Rainwear & Umbrellas,375.98,14,2023,3,Mar,7,Tuesday,0,Spring
2023-03-08,4.2,10.3,74.6,Rainy,Cold Beverages & Ice Cream,128.98,16,2023,3,Mar,8,Wednesday,0,Spring
2023-03-08,4.2,10.3,74.6,Rainy,Heating & Winter Apparel,5212.35,77,2023,3,Mar,8,Wednesday,0,Spring
2023-03-08,4.2,10.3,74.6,Rainy,Hot Beverages & Soups,3088.82,251,2023,3,Mar,8,Wednesday,0,Spring
2023-03-08,4.2,10.3,74.6,Rainy,Outdoor & Camping Gear,448.63,5,2023,3,Mar,8,Wednesday,0,Spring
2023-03-08,4.2,10.3,74.6,Rainy,Rainwear & Umbrellas,36409.23,1320,2023,3,Mar,8,Wednesday,0,Spring
2023-03-09,9.3,7.8,76.8,Rainy,Cold Beverages & Ice Cream,40.36,5,2023,3,Mar,9,Thursday,0,Spring
2023-03-09,9.3,7.8,76.8,Rainy,Heating & Winter Apparel,1907.96,28,2023,3,Mar,9,Thursday,0,Spring
2023-03-09,9.3,7.8,76.8,Rainy,Hot Beverages & Soups,1991.82,177,2023,3,Mar,9,Thursday,0,Spring
2023-03-09,9.3,7.8,76.8,Rainy,Outdoor & Camping Gear,1284.36,14,2023,3,Mar,9,Thursday,0,Spring
2023-03-09,9.3,7.8,76.8,Rainy,Rainwear & Umbrellas,27402.93,931,2023,3,Mar,9,Thursday,0,Spring
2023-03-10,12.2,4.5,62.1,Rainy,Cold Beverages & Ice Cream,133.39,15,2023,3,Mar,10,Friday,0,Spring
2023-03-10,12.2,4.5,62.1,Rainy,Heating & Winter Apparel,934.79,14,2023,3,Mar,10,Friday,0,Spring
2023-03-10,12.2,4.5,62.1,Rainy,Hot Beverages & Soups,1834.36,154,2023,3,Mar,10,Friday,0,Spring
2023-03-10,12.2,4.5,62.1,Rainy,Outdoor & Camping Gear,1741.38,19,2023,3,Mar,10,Friday,0,Spring
2023-03-10,12.2,4.5,62.1,Rainy,Rainwear & Umbrellas,13956.9,491,2023,3,Mar,10,Friday,0,Spring
2023-03-11,14.6,16.1,60.8,Rainy,Cold Beverages & Ice Cream,425.91,52,2023,3,Mar,11,Saturday,1,Spring
2023-03-11,14.6,16.1,60.8,Rainy,Heating & Winter Apparel,488.55,7,2023,3,Mar,11,Saturday,1,Spring
2023-03-11,14.6,16.1,60.8,Rainy,Hot Beverages & Soups,1885.33,163,2023,3,Mar,11,Saturday,1,Spring
2023-03-11,14.6,16.1,60.8,Rainy,Outdoor & Camping Gear,397.98,5,2023,3,Mar,11,Saturday,1,Spring
2023-03-11,14.6,16.1,60.8,Rainy,Rainwear & Umbrellas,71721.98,2518,2023,3,Mar,11,Saturday,1,Spring
2023-03-12,10.8,0.0,51.6,Sunny,Cold Beverages & Ice Cream,270.68,31,2023,3,Mar,12,Sunday,1,Spring
2023-03-12,10.8,0.0,51.6,Sunny,Heating & Winter Apparel,979.77,16,2023,3,Mar,12,Sunday,1,Spring
2023-03-12,10.8,0.0,51.6,Sunny,Hot Beverages & Soups,1965.62,160,2023,3,Mar,12,Sunday,1,Spring
2023-03-12,10.8,0.0,51.6,Sunny,Outdoor & Camping Gear,2460.05,29,2023,3,Mar,12,Sunday,1,Spring
2023-03-12,10.8,0.0,51.6,Sunny,Rainwear & Umbrellas,491.85,19,2023,3,Mar,12,Sunday,1,Spring
2023-03-13,15.3,5.9,60.9,Rainy,Cold Beverages & Ice Cream,295.94,36,2023,3,Mar,13,Monday,0,Spring
2023-03-13,15.3,5.9,60.9,Rainy,Heating & Winter Apparel,373.23,6,2023,3,Mar,13,Monday,0,Spring
2023-03-13,15.3,5.9,60.9,Rainy,Hot Beverages & Soups,1560.34,141,2023,3,Mar,13,Monday,0,Spring
2023-03-13,15.3,5.9,60.9,Rainy,Outdoor & Camping Gear,1916.47,23,2023,3,Mar,13,Monday,0,Spring
2023-03-13,15.3,5.9,60.9,Rainy,Rainwear & Umbrellas,17642.02,667,2023,3,Mar,13,Monday,0,Spring
2023-03-14,7.1,0.0,61.2,Sunny,Cold Beverages & Ice Cream,248.63,30,2023,3,Mar,14,Tuesday,0,Spring
2023-03-14,7.1,0.0,61.2,Sunny,Heating & Winter Apparel,2287.91,38,2023,3,Mar,14,Tuesday,0,Spring
2023-03-14,7.1,0.0,61.2,Sunny,Hot Beverages & Soups,2085.19,167,2023,3,Mar,14,Tuesday,0,Spring
2023-03-14,7.1,0.0,61.2,Sunny,Outdoor & Camping Gear,450.8,5,2023,3,Mar,14,Tuesday,0,Spring
2023-03-14,7.1,0.0,61.2,Sunny,Rainwear & Umbrellas,734.22,26,2023,3,Mar,14,Tuesday,0,Spring
2023-03-15,6.4,18.1,83.5,Rainy,Cold Beverages & Ice Cream,43.22,5,2023,3,Mar,15,Wednesday,0,Spring
2023-03-15,6.4,18.1,83.5,Rainy,Heating & Winter Apparel,3159.66,47,2023,3,Mar,15,Wednesday,0,Spring
2023-03-15,6.4,18.1,83.5,Rainy,Hot Beverages & Soups,2669.48,223,2023,3,Mar,15,Wednesday,0,Spring
2023-03-15,6.4,18.1,83.5,Rainy,Outdoor & Camping Gear,428.4,5,2023,3,Mar,15,Wednesday,0,Spring
2023-03-15,6.4,18.1,83.5,Rainy,Rainwear & Umbrellas,78417.33,2636,2023,3,Mar,15,Wednesday,0,Spring
2023-03-16,11.2,7.5,68.9,Rainy,Cold Beverages & Ice Cream,87.76,10,2023,3,Mar,16,Thursday,0,Spring
2023-03-16,11.2,7.5,68.9,Rainy,Heating & Winter Apparel,1431.76,21,2023,3,Mar,16,Thursday,0,Spring
2023-03-16,11.2,7.5,68.9,Rainy,Hot Beverages & Soups,2042.13,172,2023,3,Mar,16,Thursday,0,Spring
2023-03-16,11.2,7.5,68.9,Rainy,Outdoor & Camping Gear,421.58,5,2023,3,Mar,16,Thursday,0,Spring
2023-03-16,11.2,7.5,68.9,Rainy,Rainwear & Umbrellas,25803.41,908,2023,3,Mar,16,Thursday,0,Spring
2023-03-17,12.6,9.5,63.9,Rainy,Cold Beverages & Ice Cream,96.19,11,2023,3,Mar,17,Friday,0,Spring
2023-03-17,12.6,9.5,63.9,Rainy,Heating & Winter Apparel,311.09,5,2023,3,Mar,17,Friday,0,Spring
2023-03-17,12.6,9.5,63.9,Rainy,Hot Beverages & Soups,1735.22,149,2023,3,Mar,17,Friday,0,Spring
2023-03-17,12.6,9.5,63.9,Rainy,Outdoor & Camping Gear,1028.68,13,2023,3,Mar,17,Friday,0,Spring
2023-03-17,12.6,9.5,63.9,Rainy,Rainwear & Umbrellas,34720.43,1190,2023,3,Mar,17,Friday,0,Spring
2023-03-18,11.6,0.0,55.4,Sunny,Cold Beverages & Ice Cream,303.06,35,2023,3,Mar,18,Saturday,1,Spring
2023-03-18,11.6,0.0,55.4,Sunny,Heating & Winter Apparel,304.28,5,2023,3,Mar,18,Saturday,1,Spring
2023-03-18,11.6,0.0,55.4,Sunny,Hot Beverages & Soups,2003.81,155,2023,3,Mar,18,Saturday,1,Spring
2023-03-18,11.6,0.0,55.4,Sunny,Outdoor & Camping Gear,2974.38,34,2023,3,Mar,18,Saturday,1,Spring
2023-03-18,11.6,0.0,55.4,Sunny,Rainwear & Umbrellas,772.33,27,2023,3,Mar,18,Saturday,1,Spring
2023-03-19,6.1,0.0,79.4,Cloudy,Cold Beverages & Ice Cream,39.6,5,2023,3,Mar,19,Sunday,1,Spring
2023-03-19,6.1,0.0,79.4,Cloudy,Heating & Winter Apparel,4258.24,68,2023,3,Mar,19,Sunday,1,Spring
2023-03-19,6.1,0.0,79.4,Cloudy,Hot Beverages & Soups,2374.53,208,2023,3,Mar,19,Sunday,1,Spring
2023-03-19,6.1,0.0,79.4,Cloudy,Outdoor & Camping Gear,744.86,9,2023,3,Mar,19,Sunday,1,Spring
2023-03-19,6.1,0.0,79.4,Cloudy,Rainwear & Umbrellas,1005.66,36,2023,3,Mar,19,Sunday,1,Spring
2023-03-20,11.9,0.0,61.5,Sunny,Cold Beverages & Ice Cream,112.53,13,2023,3,Mar,20,Monday,0,Spring
2023-03-20,11.9,0.0,61.5,Sunny,Heating & Winter Apparel,1034.78,17,2023,3,Mar,20,Monday,0,Spring
2023-03-20,11.9,0.0,61.5,Sunny,Hot Beverages & Soups,1535.07,119,2023,3,Mar,20,Monday,0,Spring
2023-03-20,11.9,0.0,61.5,Sunny,Outdoor & Camping Gear,2383.98,26,2023,3,Mar,20,Monday,0,Spring
2023-03-20,11.9,0.0,61.5,Sunny,Rainwear & Umbrellas,467.48,16,2023,3,Mar,20,Monday,0,Spring
2023-03-21,8.7,3.0,56.3,Rainy,Cold Beverages & Ice Cream,63.98,7,2023,3,Mar,21,Tuesday,0,Spring
2023-03-21,8.7,3.0,56.3,Rainy,Heating & Winter Apparel,1575.25,24,2023,3,Mar,21,Tuesday,0,Spring
2023-03-21,8.7,3.0,56.3,Rainy,Hot Beverages & Soups,1774.41,144,2023,3,Mar,21,Tuesday,0,Spring
2023-03-21,8.7,3.0,56.3,Rainy,Outdoor & Camping Gear,1424.73,16,2023,3,Mar,21,Tuesday,0,Spring
2023-03-21,8.7,3.0,56.3,Rainy,Rainwear & Umbrellas,8587.92,305,2023,3,Mar,21,Tuesday,0,Spring
2023-03-22,14.4,9.1,60.9,Rainy,Cold Beverages & Ice Cream,264.91,31,2023,3,Mar,22,Wednesday,0,Spring
2023-03-22,14.4,9.1,60.9,Rainy,Heating & Winter Apparel,330.75,5,2023,3,Mar,22,Wednesday,0,Spring
2023-03-22,14.4,9.1,60.9,Rainy,Hot Beverages & Soups,1662.27,148,2023,3,Mar,22,Wednesday,0,Spring
2023-03-22,14.4,9.1,60.9,Rainy,Outdoor & Camping Gear,1080.82,13,2023,3,Mar,22,Wednesday,0,Spring
2023-03-22,14.4,9.1,60.9,Rainy,Rainwear & Umbrellas,32982.95,1128,2023,3,Mar,22,Wednesday,0,Spring
2023-03-23,13.7,0.0,51.0,Sunny,Cold Beverages & Ice Cream,175.38,21,2023,3,Mar,23,Thursday,0,Spring
2023-03-23,13.7,0.0,51.0,Sunny,Heating & Winter Apparel,338.79,5,2023,3,Mar,23,Thursday,0,Spring
2023-03-23,13.7,0.0,51.0,Sunny,Hot Beverages & Soups,1445.63,116,2023,3,Mar,23,Thursday,0,Spring
2023-03-23,13.7,0.0,51.0,Sunny,Outdoor & Camping Gear,3732.71,44,2023,3,Mar,23,Thursday,0,Spring
2023-03-23,13.7,0.0,51.0,Sunny,Rainwear & Umbrellas,935.12,34,2023,3,Mar,23,Thursday,0,Spring
2023-03-24,10.3,0.0,42.5,Sunny,Cold Beverages & Ice Cream,62.01,7,2023,3,Mar,24,Friday,0,Spring
2023-03-24,10.3,0.0,42.5,Sunny,Heating & Winter Apparel,1374.27,22,2023,3,Mar,24,Friday,0,Spring
2023-03-24,10.3,0.0,42.5,Sunny,Hot Beverages & Soups,1426.99,129,2023,3,Mar,24,Friday,0,Spring
2023-03-24,10.3,0.0,42.5,Sunny,Outdoor & Camping Gear,1776.38,21,2023,3,Mar,24,Friday,0,Spring
2023-03-24,10.3,0.0,42.5,Sunny,Rainwear & Umbrellas,636.52,23,2023,3,Mar,24,Friday,0,Spring
2023-03-25,11.7,0.0,59.6,Sunny,Cold Beverages & Ice Cream,215.87,25,2023,3,Mar,25,Saturday,1,Spring
2023-03-25,11.7,0.0,59.6,Sunny,Heating & Winter Apparel,1378.29,22,2023,3,Mar,25,Saturday,1,Spring
2023-03-25,11.7,0.0,59.6,Sunny,Hot Beverages & Soups,1795.79,160,2023,3,Mar,25,Saturday,1,Spring
2023-03-25,11.7,0.0,59.6,Sunny,Outdoor & Camping Gear,3066.75,37,2023,3,Mar,25,Saturday,1,Spring
2023-03-25,11.7,0.0,59.6,Sunny,Rainwear & Umbrellas,852.03,30,2023,3,Mar,25,Saturday,1,Spring
2023-03-26,10.4,4.2,72.4,Rainy,Cold Beverages & Ice Cream,170.14,20,2023,3,Mar,26,Sunday,1,Spring
2023-03-26,10.4,4.2,72.4,Rainy,Heating & Winter Apparel,1347.45,21,2023,3,Mar,26,Sunday,1,Spring
2023-03-26,10.4,4.2,72.4,Rainy,Hot Beverages & Soups,2839.34,230,2023,3,Mar,26,Sunday,1,Spring
2023-03-26,10.4,4.2,72.4,Rainy,Outdoor & Camping Gear,2352.81,29,2023,3,Mar,26,Sunday,1,Spring
2023-03-26,10.4,4.2,72.4,Rainy,Rainwear & Umbrellas,13639.4,499,2023,3,Mar,26,Sunday,1,Spring
2023-03-27,13.4,4.8,49.4,Rainy,Cold Beverages & Ice Cream,265.01,29,2023,3,Mar,27,Monday,0,Spring
2023-03-27,13.4,4.8,49.4,Rainy,Heating & Winter Apparel,700.51,10,2023,3,Mar,27,Monday,0,Spring
2023-03-27,13.4,4.8,49.4,Rainy,Hot Beverages & Soups,1707.72,151,2023,3,Mar,27,Monday,0,Spring
2023-03-27,13.4,4.8,49.4,Rainy,Outdoor & Camping Gear,2399.18,27,2023,3,Mar,27,Monday,0,Spring
2023-03-27,13.4,4.8,49.4,Rainy,Rainwear & Umbrellas,15059.96,514,2023,3,Mar,27,Monday,0,Spring
2023-03-28,16.4,0.0,56.0,Sunny,Cold Beverages & Ice Cream,324.72,36,2023,3,Mar,28,Tuesday,0,Spring
2023-03-28,16.4,0.0,56.0,Sunny,Heating & Winter Apparel,333.31,5,2023,3,Mar,28,Tuesday,0,Spring
2023-03-28,16.4,0.0,56.0,Sunny,Hot Beverages & Soups,955.63,85,2023,3,Mar,28,Tuesday,0,Spring
2023-03-28,16.4,0.0,56.0,Sunny,Outdoor & Camping Gear,5055.25,63,2023,3,Mar,28,Tuesday,0,Spring
2023-03-28,16.4,0.0,56.0,Sunny,Rainwear & Umbrellas,718.3,27,2023,3,Mar,28,Tuesday,0,Spring
2023-03-29,11.2,0.0,53.1,Sunny,Cold Beverages & Ice Cream,52.32,6,2023,3,Mar,29,Wednesday,0,Spring
2023-03-29,11.2,0.0,53.1,Sunny,Heating & Winter Apparel,1373.82,20,2023,3,Mar,29,Wednesday,0,Spring
2023-03-29,11.2,0.0,53.1,Sunny,Hot Beverages & Soups,1384.65,116,2023,3,Mar,29,Wednesday,0,Spring
2023-03-29,11.2,0.0,53.1,Sunny,Outdoor & Camping Gear,2134.99,27,2023,3,Mar,29,Wednesday,0,Spring
2023-03-29,11.2,0.0,53.1,Sunny,Rainwear & Umbrellas,644.58,22,2023,3,Mar,29,Wednesday,0,Spring
2023-03-30,15.6,68.1,98.5,Stormy,Cold Beverages & Ice Cream,138.78,17,2023,3,Mar,30,Thursday,0,Spring
2023-03-30,15.6,68.1,98.5,Stormy,Heating & Winter Apparel,339.29,5,2023,3,Mar,30,Thursday,0,Spring
2023-03-30,15.6,68.1,98.5,Stormy,Hot Beverages & Soups,1465.12,128,2023,3,Mar,30,Thursday,0,Spring
2023-03-30,15.6,68.1,98.5,Stormy,Outdoor & Camping Gear,422.54,5,2023,3,Mar,30,Thursday,0,Spring
2023-03-30,15.6,68.1,98.5,Stormy,Rainwear & Umbrellas,402903.28,13707,2023,3,Mar,30,Thursday,0,Spring
2023-03-31,12.9,7.2,60.6,Rainy,Cold Beverages & Ice Cream,228.76,29,2023,3,Mar,31,Friday,0,Spring
2023-03-31,12.9,7.2,60.6,Rainy,Heating & Winter Apparel,313.81,5,2023,3,Mar,31,Friday,0,Spring
2023-03-31,12.9,7.2,60.6,Rainy,Hot Beverages & Soups,1721.42,141,2023,3,Mar,31,Friday,0,Spring
2023-03-31,12.9,7.2,60.6,Rainy,Outdoor & Camping Gear,1230.44,15,2023,3,Mar,31,Friday,0,Spring
2023-03-31,12.9,7.2,60.6,Rainy,Rainwear & Umbrellas,23304.26,852,2023,3,Mar,31,Friday,0,Spring
2023-04-01,12.4,0.0,48.4,Sunny,Cold Beverages & Ice Cream,154.02,17,2023,4,Apr,1,Saturday,1,Spring
2023-04-01,12.4,0.0,48.4,Sunny,Heating & Winter Apparel,1807.22,28,2023,4,Apr,1,Saturday,1,Spring
2023-04-01,12.4,0.0,48.4,Sunny,Hot Beverages & Soups,1877.14,147,2023,4,Apr,1,Saturday,1,Spring
2023-04-01,12.4,0.0,48.4,Sunny,Outdoor & Camping Gear,3648.9,43,2023,4,Apr,1,Saturday,1,Spring
2023-04-01,12.4,0.0,48.4,Sunny,Rainwear & Umbrellas,1032.16,38,2023,4,Apr,1,Saturday,1,Spring
2023-04-02,14.5,0.0,50.0,Sunny,Cold Beverages & Ice Cream,438.56,52,2023,4,Apr,2,Sunday,1,Spring
2023-04-02,14.5,0.0,50.0,Sunny,Heating & Winter Apparel,381.27,6,2023,4,Apr,2,Sunday,1,Spring
2023-04-02,14.5,0.0,50.0,Sunny,Hot Beverages & Soups,1545.64,120,2023,4,Apr,2,Sunday,1,Spring
2023-04-02,14.5,0.0,54.2,Sunny,Outdoor & Camping Gear,4448.37,51,2023,4,Apr,2,Sunday,1,Spring
2023-04-02,14.5,0.0,50.0,Sunny,Rainwear & Umbrellas,959.18,32,2023,4,Apr,2,Sunday,1,Spring
2023-04-03,12.2,0.0,51.9,Sunny,Cold Beverages & Ice Cream,207.27,24,2023,4,Apr,3,Monday,0,Spring
2023-04-03,12.2,0.0,51.9,Sunny,Heating & Winter Apparel,1122.98,16,2023,4,Apr,3,Monday,0,Spring
2023-04-03,12.2,0.0,51.9,Sunny,Hot Beverages & Soups,1366.41,119,2023,4,Apr,3,Monday,0,Spring
2023-04-03,12.2,0.0,51.9,Sunny,Outdoor & Camping Gear,982.27,12,2023,4,Apr,3,Monday,0,Spring
2023-04-03,12.2,0.0,51.9,Sunny,Rainwear & Umbrellas,494.56,17,2023,4,Apr,3,Monday,0,Spring
2023-04-04,13.7,0.0,65.5,Sunny,Cold Beverages & Ice Cream,255.98,28,2023,4,Apr,4,Tuesday,0,Spring
2023-04-04,13.7,0.0,65.5,Sunny,Heating & Winter Apparel,323.23,5,2023,4,Apr,4,Tuesday,0,Spring
2023-04-04,13.7,0.0,65.5,Sunny,Hot Beverages & Soups,1233.24,109,2023,4,Apr,4,Tuesday,0,Spring
2023-04-04,13.7,0.0,65.5,Sunny,Outdoor & Camping Gear,3659.98,40,2023,4,Apr,4,Tuesday,0,Spring
2023-04-04,13.7,0.0,65.5,Sunny,Rainwear & Umbrellas,904.29,33,2023,4,Apr,4,Tuesday,0,Spring
2023-04-05,12.1,0.0,65.8,Sunny,Cold Beverages & Ice Cream,174.87,20,2023,4,Apr,5,Wednesday,0,Spring
2023-04-05,12.1,0.0,65.8,Sunny,Heating & Winter Apparel,972.4,15,2023,4,Apr,5,Wednesday,0,Spring
2023-04-05,12.1,0.0,65.8,Sunny,Hot Beverages & Soups,1425.03,117,2023,4,Apr,5,Wednesday,0,Spring
2023-04-05,12.1,0.0,65.8,Sunny,Outdoor & Camping Gear,1641.36,18,2023,4,Apr,5,Wednesday,0,Spring
2023-04-05,12.1,0.0,65.8,Sunny,Rainwear & Umbrellas,862.65,32,2023,4,Apr,5,Wednesday,0,Spring
2023-04-06,21.2,5.0,54.9,Rainy,Cold Beverages & Ice Cream,611.43,75,2023,4,Apr,6,Thursday,0,Spring
2023-04-06,21.2,5.0,54.9,Rainy,Heating & Winter Apparel,350.91,5,2023,4,Apr,6,Thursday,0,Spring
2023-04-06,21.2,5.0,54.9,Rainy,Hot Beverages & Soups,859.46,68,2023,4,Apr,6,Thursday,0,Spring
2023-04-06,21.2,5.0,54.9,Rainy,Outdoor & Camping Gear,3752.83,47,2023,4,Apr,6,Thursday,0,Spring
2023-04-06,21.2,5.0,54.9,Rainy,Rainwear & Umbrellas,14793.17,552,2023,4,Apr,6,Thursday,0,Spring
2023-04-07,16.0,10.3,70.5,Rainy,Cold Beverages & Ice Cream,236.66,27,2023,4,Apr,7,Friday,0,Spring
2023-04-07,16.0,10.3,70.5,Rainy,Heating & Winter Apparel,372.92,6,2023,4,Apr,7,Friday,0,Spring
2023-04-07,16.0,10.3,70.5,Rainy,Hot Beverages & Soups,1592.7,127,2023,4,Apr,7,Friday,0,Spring
2023-04-07,16.0,10.3,70.5,Rainy,Outdoor & Camping Gear,882.59,11,2023,4,Apr,7,Friday,0,Spring
2023-04-07,16.0,10.3,70.5,Rainy,Rainwear & Umbrellas,33939.38,1314,2023,4,Apr,7,Friday,0,Spring
2023-04-08,14.2,0.0,55.4,Sunny,Cold Beverages & Ice Cream,147.83,18,2023,4,Apr,8,Saturday,1,Spring
2023-04-08,14.2,0.0,55.4,Sunny,Heating & Winter Apparel,462.67,7,2023,4,Apr,8,Saturday,1,Spring
2023-04-08,14.2,0.0,55.4,Sunny,Hot Beverages & Soups,1364.48,120,2023,4,Apr,8,Saturday,1,Spring
2023-04-08,14.2,0.0,54.2,Sunny,Outdoor & Camping Gear,5113.1,63,2023,4,Apr,8,Saturday,1,Spring
2023-04-08,14.2,0.0,55.4,Sunny,Rainwear & Umbrellas,617.71,23,2023,4,Apr,8,Saturday,1,Spring
2023-04-09,17.0,10.0,59.8,Rainy,Cold Beverages & Ice Cream,280.94,32,2023,4,Apr,9,Sunday,1,Spring
2023-04-09,17.0,10.0,59.8,Rainy,Heating & Winter Apparel,313.15,5,2023,4,Apr,9,Sunday,1,Spring
2023-04-09,17.0,10.0,59.8,Rainy,Hot Beverages & Soups,1505.97,129,2023,4,Apr,9,Sunday,1,Spring
2023-04-09,17.0,10.0,59.8,Rainy,Outdoor & Camping Gear,1499.24,18,2023,4,Apr,9,Sunday,1,Spring
2023-04-09,17.0,10.0,59.8,Rainy,Rainwear & Umbrellas,40396.09,1402,2023,4,Apr,9,Sunday,1,Spring
2023-04-10,16.3,0.0,56.1,Sunny,Cold Beverages & Ice Cream,347.96,44,2023,4,Apr,10,Monday,0,Spring
2023-04-10,16.3,0.0,56.1,Sunny,Heating & Winter Apparel,309.77,5,2023,4,Apr,10,Monday,0,Spring
2023-04-10,16.3,0.0,56.1,Sunny,Hot Beverages & Soups,1133.73,91,2023,4,Apr,10,Monday,0,Spring
2023-04-10,16.3,0.0,56.1,Sunny,Outdoor & Camping Gear,3494.92,43,2023,4,Apr,10,Monday,0,Spring
2023-04-10,16.3,0.0,56.1,Sunny,Rainwear & Umbrellas,573.04,22,2023,4,Apr,10,Monday,0,Spring
2023-04-11,16.2,0.0,57.6,Sunny,Cold Beverages & Ice Cream,438.67,53,2023,4,Apr,11,Tuesday,0,Spring
2023-04-11,16.2,0.0,57.6,Sunny,Heating & Winter Apparel,533.76,8,2023,4,Apr,11,Tuesday,0,Spring
2023-04-11,16.2,0.0,57.6,Sunny,Hot Beverages & Soups,1265.29,100,2023,4,Apr,11,Tuesday,0,Spring
2023-04-11,16.2,0.0,57.6,Sunny,Outdoor & Camping Gear,3937.16,43,2023,4,Apr,11,Tuesday,0,Spring
2023-04-11,16.2,0.0,57.6,Sunny,Rainwear & Umbrellas,763.73,26,2023,4,Apr,11,Tuesday,0,Spring
2023-04-12,18.8,0.0,51.1,Sunny,Cold Beverages & Ice Cream,568.28,62,2023,4,Apr,12,Wednesday,0,Spring
2023-04-12,18.8,0.0,51.1,Sunny,Heating & Winter Apparel,330.41,5,2023,4,Apr,12,Wednesday,0,Spring
2023-04-12,18.8,0.0,51.1,Sunny,Hot Beverages & Soups,862.05,76,2023,4,Apr,12,Wednesday,0,Spring
2023-04-12,18.8,0.0,51.1,Sunny,Outdoor & Camping Gear,5412.22,64,2023,4,Apr,12,Wednesday,0,Spring
2023-04-12,18.8,0.0,51.1,Sunny,Rainwear & Umbrellas,914.04,33,2023,4,Apr,12,Wednesday,0,Spring
2023-04-13,19.4,0.0,54.6,Sunny,Cold Beverages & Ice Cream,576.27,73,2023,4,Apr,13,Thursday,0,Spring
2023-04-13,19.4,0.0,54.6,Sunny,Heating & Winter Apparel,331.04,5,2023,4,Apr,13,Thursday,0,Spring
2023-04-13,19.4,0.0,54.6,Sunny,Hot Beverages & Soups,815.28,69,2023,4,Apr,13,Thursday,0,Spring
2023-04-13,19.4,0.0,54.6,Sunny,Outdoor & Camping Gear,5005.85,64,2023,4,Apr,13,Thursday,0,Spring
2023-04-13,19.4,0.0,54.6,Sunny,Rainwear & Umbrellas,774.97,30,2023,4,Apr,13,Thursday,0,Spring
2023-04-14,16.0,8.9,66.7,Rainy,Cold Beverages & Ice Cream,209.0,24,2023,4,Apr,14,Friday,0,Spring
2023-04-14,16.0,8.9,66.7,Rainy,Heating & Winter Apparel,303.64,5,2023,4,Apr,14,Friday,0,Spring
2023-04-14,16.0,8.9,66.7,Rainy,Hot Beverages & Soups,1303.74,117,2023,4,Apr,14,Friday,0,Spring
2023-04-14,16.0,8.9,66.7,Rainy,Outdoor & Camping Gear,1482.4,17,2023,4,Apr,14,Friday,0,Spring
2023-04-14,16.0,8.9,66.7,Rainy,Rainwear & Umbrellas,31053.31,1095,2023,4,Apr,14,Friday,0,Spring
2023-04-15,16.1,18.3,68.5,Rainy,Cold Beverages & Ice Cream,364.64,46,2023,4,Apr,15,Saturday,1,Spring
2023-04-15,16.1,18.3,68.5,Rainy,Heating & Winter Apparel,332.43,5,2023,4,Apr,15,Saturday,1,Spring
2023-04-15,16.1,18.3,68.5,Rainy,Hot Beverages & Soups,1776.0,155,2023,4,Apr,15,Saturday,1,Spring
2023-04-15,16.1,18.3,68.5,Rainy,Outdoor & Camping Gear,1049.36,12,2023,4,Apr,15,Saturday,1,Spring
2023-04-15,16.1,18.3,68.5,Rainy,Rainwear & Umbrellas,79142.91,2941,2023,4,Apr,15,Saturday,1,Spring
2023-04-16,17.2,0.0,55.6,Sunny,Cold Beverages & Ice Cream,536.19,67,2023,4,Apr,16,Sunday,1,Spring
2023-04-16,17.2,0.0,55.6,Sunny,Heating & Winter Apparel,329.47,5,2023,4,Apr,16,Sunday,1,Spring
2023-04-16,17.2,0.0,55.6,Sunny,Hot Beverages & Soups,1275.52,110,2023,4,Apr,16,Sunday,1,Spring
2023-04-16,17.2,0.0,55.6,Sunny,Outdoor & Camping Gear,7873.95,90,2023,4,Apr,16,Sunday,1,Spring
2023-04-16,17.2,0.0,55.6,Sunny,Rainwear & Umbrellas,956.72,34,2023,4,Apr,16,Sunday,1,Spring
2023-04-17,11.7,0.0,60.7,Sunny,Cold Beverages & Ice Cream,204.21,23,2023,4,Apr,17,Monday,0,Spring
2023-04-17,11.7,0.0,60.7,Sunny,Heating & Winter Apparel,1251.11,19,2023,4,Apr,17,Monday,0,Spring
2023-04-17,11.7,0.0,60.7,Sunny,Hot Beverages & Soups,1634.84,128,2023,4,Apr,17,Monday,0,Spring
2023-04-17,11.7,0.0,60.7,Sunny,Outdoor & Camping Gear,2528.31,32,2023,4,Apr,17,Monday,0,Spring
2023-04-17,11.7,0.0,60.7,Sunny,Rainwear & Umbrellas,494.79,18,2023,4,Apr,17,Monday,0,Spring
2023-04-18,14.1,19.5,73.6,Rainy,Cold Beverages & Ice Cream,167.7,21,2023,4,Apr,18,Tuesday,0,Spring
2023-04-18,14.1,19.5,73.6,Rainy,Heating & Winter Apparel,410.12,6,2023,4,Apr,18,Tuesday,0,Spring
2023-04-18,14.1,19.5,73.6,Rainy,Hot Beverages & Soups,1705.39,140,2023,4,Apr,18,Tuesday,0,Spring
2023-04-18,14.1,19.5,73.6,Rainy,Outdoor & Camping Gear,417.37,5,2023,4,Apr,18,Tuesday,0,Spring
2023-04-18,14.1,19.5,73.6,Rainy,Rainwear & Umbrellas,81487.33,2891,2023,4,Apr,18,Tuesday,0,Spring
2023-04-19,22.4,0.0,52.8,Sunny,Cold Beverages & Ice Cream,795.21,98,2023,4,Apr,19,Wednesday,0,Spring
2023-04-19,22.4,0.0,52.8,Sunny,Heating & Winter Apparel,382.99,6,2023,4,Apr,19,Wednesday,0,Spring
2023-04-19,22.4,0.0,52.8,Sunny,Hot Beverages & Soups,487.85,39,2023,4,Apr,19,Wednesday,0,Spring
2023-04-19,22.4,0.0,52.8,Sunny,Outdoor & Camping Gear,6429.59,74,2023,4,Apr,19,Wednesday,0,Spring
2023-04-19,22.4,0.0,52.8,Sunny,Rainwear & Umbrellas,600.13,20,2023,4,Apr,19,Wednesday,0,Spring
2023-04-20,23.4,0.0,49.8,Sunny,Cold Beverages & Ice Cream,762.69,97,2023,4,Apr,20,Thursday,0,Spring
2023-04-20,23.4,0.0,49.8,Sunny,Heating & Winter Apparel,319.2,5,2023,4,Apr,20,Thursday,0,Spring
2023-04-20,23.4,0.0,49.8,Sunny,Hot Beverages & Soups,470.26,38,2023,4,Apr,20,Thursday,0,Spring
2023-04-20,23.4,0.0,49.8,Sunny,Outdoor & Camping Gear,4426.5,54,2023,4,Apr,20,Thursday,0,Spring
2023-04-20,23.4,0.0,49.8,Sunny,Rainwear & Umbrellas,989.04,35,2023,4,Apr,20,Thursday,0,Spring
2023-04-21,18.3,8.9,61.9,Rainy,Cold Beverages & Ice Cream,178.72,20,2023,4,Apr,21,Friday,0,Spring
2023-04-21,18.3,8.9,61.9,Rainy,Heating & Winter Apparel,437.61,7,2023,4,Apr,21,Friday,0,Spring
2023-04-21,18.3,8.9,61.9,Rainy,Hot Beverages & Soups,1480.09,116,2023,4,Apr,21,Friday,0,Spring
2023-04-21,18.3,8.9,61.9,Rainy,Outdoor & Camping Gear,1730.87,22,2023,4,Apr,21,Friday,0,Spring
2023-04-21,18.3,8.9,61.9,Rainy,Rainwear & Umbrellas,32426.95,1094,2023,4,Apr,21,Friday,0,Spring
2023-04-22,20.9,0.0,43.5,Sunny,Cold Beverages & Ice Cream,939.92,108,2023,4,Apr,22,Saturday,1,Spring
2023-04-22,20.9,0.0,43.5,Sunny,Heating & Winter Apparel,311.5,5,2023,4,Apr,22,Saturday,1,Spring
2023-04-22,20.9,0.0,43.5,Sunny,Hot Beverages & Soups,750.19,67,2023,4,Apr,22,Saturday,1,Spring
2023-04-22,20.9,0.0,43.5,Sunny,Outdoor & Camping Gear,9281.25,102,2023,4,Apr,22,Saturday,1,Spring
2023-04-22,20.9,0.0,43.5,Sunny,Rainwear & Umbrellas,1036.39,35,2023,4,Apr,22,Saturday,1,Spring
2023-04-23,20.4,0.0,52.7,Sunny,Cold Beverages & Ice Cream,731.1,88,2023,4,Apr,23,Sunday,1,Spring
2023-04-23,20.4,0.0,52.7,Sunny,Heating & Winter Apparel,471.16,7,2023,4,Apr,23,Sunday,1,Spring
2023-04-23,20.4,0.0,52.7,Sunny,Hot Beverages & Soups,934.3,75,2023,4,Apr,23,Sunday,1,Spring
2023-04-23,20.4,0.0,52.7,Sunny,Outdoor & Camping Gear,8761.88,108,2023,4,Apr,23,Sunday,1,Spring
2023-04-23,20.4,0.0,52.7,Sunny,Rainwear & Umbrellas,894.58,32,2023,4,Apr,23,Sunday,1,Spring
2023-04-24,28.3,0.0,34.8,Sunny,Cold Beverages & Ice Cream,1316.43,149,2023,4,Apr,24,Monday,0,Spring
2023-04-24,28.3,0.0,34.8,Sunny,Heating & Winter Apparel,309.61,5,2023,4,Apr,24,Monday,0,Spring
2023-04-24,28.3,0.0,34.8,Sunny,Hot Beverages & Soups,413.55,35,2023,4,Apr,24,Monday,0,Spring
2023-04-24,28.3,0.0,34.8,Sunny,Outdoor & Camping Gear,4476.46,54,2023,4,Apr,24,Monday,0,Spring
2023-04-24,28.3,0.0,34.8,Sunny,Rainwear & Umbrellas,936.32,31,2023,4,Apr,24,Monday,0,Spring
2023-04-25,23.1,3.1,44.1,Rainy,Cold Beverages & Ice Cream,867.54,99,2023,4,Apr,25,Tuesday,0,Spring
2023-04-25,23.1,3.1,44.1,Rainy,Heating & Winter Apparel,337.27,5,2023,4,Apr,25,Tuesday,0,Spring
2023-04-25,23.1,3.1,44.1,Rainy,Hot Beverages & Soups,626.19,55,2023,4,Apr,25,Tuesday,0,Spring
2023-04-25,23.1,3.1,44.1,Rainy,Outdoor & Camping Gear,3417.82,42,2023,4,Apr,25,Tuesday,0,Spring
2023-04-25,23.1,3.1,44.1,Rainy,Rainwear & Umbrellas,8570.81,317,2023,4,Apr,25,Tuesday,0,Spring
2023-04-26,19.8,0.0,42.4,Sunny,Cold Beverages & Ice Cream,658.56,74,2023,4,Apr,26,Wednesday,0,Spring
2023-04-26,19.8,0.0,42.4,Sunny,Heating & Winter Apparel,609.19,9,2023,4,Apr,26,Wednesday,0,Spring
2023-04-26,19.8,0.0,42.4,Sunny,Hot Beverages & Soups,704.62,61,2023,4,Apr,26,Wednesday,0,Spring
2023-04-26,19.8,0.0,42.4,Sunny,Outdoor & Camping Gear,6235.5,74,2023,4,Apr,26,Wednesday,0,Spring
2023-04-26,19.8,0.0,42.4,Sunny,Rainwear & Umbrellas,975.61,34,2023,4,Apr,26,Wednesday,0,Spring
2023-04-27,17.7,0.0,61.9,Sunny,Cold Beverages & Ice Cream,437.62,53,2023,4,Apr,27,Thursday,0,Spring
2023-04-27,17.7,0.0,61.9,Sunny,Heating & Winter Apparel,337.76,5,2023,4,Apr,27,Thursday,0,Spring
2023-04-27,17.7,0.0,61.9,Sunny,Hot Beverages & Soups,868.86,78,2023,4,Apr,27,Thursday,0,Spring
2023-04-27,17.7,0.0,61.9,Sunny,Outdoor & Camping Gear,4694.79,53,2023,4,Apr,27,Thursday,0,Spring
2023-04-27,17.7,0.0,61.9,Sunny,Rainwear & Umbrellas,518.12,19,2023,4,Apr,27,Thursday,0,Spring
2023-04-28,16.1,6.9,60.3,Rainy,Cold Beverages & Ice Cream,335.81,38,2023,4,Apr,28,Friday,0,Spring
2023-04-28,16.1,6.9,60.3,Rainy,Heating & Winter Apparel,321.21,5,2023,4,Apr,28,Friday,0,Spring
2023-04-28,16.1,6.9,60.3,Rainy,Hot Beverages & Soups,1321.95,112,2023,4,Apr,28,Friday,0,Spring
2023-04-28,16.1,6.9,60.3,Rainy,Outdoor & Camping Gear,1477.28,17,2023,4,Apr,28,Friday,0,Spring
2023-04-28,16.1,6.9,60.3,Rainy,Rainwear & Umbrellas,24149.39,808,2023,4,Apr,28,Friday,0,Spring
2023-04-29,21.4,0.0,45.4,Sunny,Cold Beverages & Ice Cream,853.82,99,2023,4,Apr,29,Saturday,1,Spring
2023-04-29,21.4,0.0,45.4,Sunny,Heating & Winter Apparel,486.73,7,2023,4,Apr,29,Saturday,1,Spring
2023-04-29,21.4,0.0,45.4,Sunny,Hot Beverages & Soups,831.79,66,2023,4,Apr,29,Saturday,1,Spring
2023-04-29,21.4,0.0,45.4,Sunny,Outdoor & Camping Gear,8061.2,90,2023,4,Apr,29,Saturday,1,Spring
2023-04-29,21.4,0.0,45.4,Sunny,Rainwear & Umbrellas,1072.82,37,2023,4,Apr,29,Saturday,1,Spring
2023-04-30,18.9,4.6,60.8,Rainy,Cold Beverages & Ice Cream,678.28,83,2023,4,Apr,30,Sunday,1,Spring
2023-04-30,18.9,4.6,60.8,Rainy,Heating & Winter Apparel,316.07,5,2023,4,Apr,30,Sunday,1,Spring
2023-04-30,18.9,4.6,60.8,Rainy,Hot Beverages & Soups,1336.29,107,2023,4,Apr,30,Sunday,1,Spring
2023-04-30,18.9,4.6,60.8,Rainy,Outdoor & Camping Gear,5242.98,65,2023,4,Apr,30,Sunday,1,Spring
2023-04-30,18.9,4.6,60.8,Rainy,Rainwear & Umbrellas,16091.48,542,2023,4,Apr,30,Sunday,1,Spring
2023-05-01,17.3,0.0,61.7,Sunny,Cold Beverages & Ice Cream,554.43,69,2023,5,May,1,Monday,0,Spring
2023-05-01,17.3,0.0,61.7,Sunny,Heating & Winter Apparel,328.13,5,2023,5,May,1,Monday,0,Spring
2023-05-01,17.3,0.0,61.7,Sunny,Hot Beverages & Soups,1016.13,84,2023,5,May,1,Monday,0,Spring
2023-05-01,17.3,0.0,61.7,Sunny,Outdoor & Camping Gear,4976.66,63,2023,5,May,1,Monday,0,Spring
2023-05-01,17.3,0.0,61.7,Sunny,Rainwear & Umbrellas,499.83,19,2023,5,May,1,Monday,0,Spring
2023-05-02,19.7,6.4,61.8,Rainy,Cold Beverages & Ice Cream,453.98,50,2023,5,May,2,Tuesday,0,Spring
2023-05-02,19.7,6.4,61.8,Rainy,Heating & Winter Apparel,554.36,9,2023,5,May,2,Tuesday,0,Spring
2023-05-02,19.7,6.4,61.8,Rainy,Hot Beverages & Soups,1133.82,90,2023,5,May,2,Tuesday,0,Spring
2023-05-02,19.7,6.4,61.8,Rainy,Outdoor & Camping Gear,3733.46,46,2023,5,May,2,Tuesday,0,Spring
2023-05-02,19.7,6.4,61.8,Rainy,Rainwear & Umbrellas,20049.92,739,2023,5,May,2,Tuesday,0,Spring
2023-05-03,18.7,0.0,53.5,Sunny,Cold Beverages & Ice Cream,408.59,50,2023,5,May,3,Wednesday,0,Spring
2023-05-03,18.7,0.0,53.5,Sunny,Heating & Winter Apparel,648.75,10,2023,5,May,3,Wednesday,0,Spring
2023-05-03,18.7,0.0,53.5,Sunny,Hot Beverages & Soups,705.87,58,2023,5,May,3,Wednesday,0,Spring
2023-05-03,18.7,0.0,53.5,Sunny,Outdoor & Camping Gear,5942.63,69,2023,5,May,3,Wednesday,0,Spring
2023-05-03,18.7,0.0,53.5,Sunny,Rainwear & Umbrellas,687.6,23,2023,5,May,3,Wednesday,0,Spring
2023-05-04,26.6,0.0,53.1,Sunny,Cold Beverages & Ice Cream,1166.88,132,2023,5,May,4,Thursday,0,Spring
2023-05-04,26.6,0.0,53.1,Sunny,Heating & Winter Apparel,342.52,5,2023,5,May,4,Thursday,0,Spring
2023-05-04,26.6,0.0,53.1,Sunny,Hot Beverages & Soups,261.68,23,2023,5,May,4,Thursday,0,Spring
2023-05-04,26.6,0.0,53.1,Sunny,Outdoor & Camping Gear,4591.67,57,2023,5,May,4,Thursday,0,Spring
2023-05-04,26.6,0.0,53.1,Sunny,Rainwear & Umbrellas,606.6,23,2023,5,May,4,Thursday,0,Spring
2023-05-05,24.6,0.0,58.2,Sunny,Cold Beverages & Ice Cream,924.38,111,2023,5,May,5,Friday,0,Spring
2023-05-05,24.6,0.0,58.2,Sunny,Heating & Winter Apparel,880.38,13,2023,5,May,5,Friday,0,Spring
2023-05-05,24.6,0.0,58.2,Sunny,Hot Beverages & Soups,349.94,30,2023,5,May,5,Friday,0,Spring
2023-05-05,24.6,0.0,58.2,Sunny,Outdoor & Camping Gear,4932.82,57,2023,5,May,5,Friday,0,Spring
2023-05-05,24.6,0.0,58.2,Sunny,Rainwear & Umbrellas,713.75,27,2023,5,May,5,Friday,0,Spring
2023-05-06,22.3,0.0,50.2,Sunny,Cold Beverages & Ice Cream,1272.87,140,2023,5,May,6,Saturday,1,Spring
2023-05-06,22.3,0.0,50.2,Sunny,Heating & Winter Apparel,320.81,5,2023,5,May,6,Saturday,1,Spring
2023-05-06,22.3,0.0,50.2,Sunny,Hot Beverages & Soups,743.31,64,2023,5,May,6,Saturday,1,Spring
2023-05-06,22.3,0.0,50.2,Sunny,Outdoor & Camping Gear,7337.15,91,2023,5,May,6,Saturday,1,Spring
2023-05-06,22.3,0.0,50.2,Sunny,Rainwear & Umbrellas,997.45,35,2023,5,May,6,Saturday,1,Spring
2023-05-07,26.7,8.7,57.4,Rainy,Cold Beverages & Ice Cream,709.5,88,2023,5,May,7,Sunday,1,Spring
2023-05-07,26.7,8.7,57.4,Rainy,Heating & Winter Apparel,300.89,5,2023,5,May,7,Sunday,1,Spring
2023-05-07,26.7,8.7,57.4,Rainy,Hot Beverages & Soups,502.5,42,2023,5,May,7,Sunday,1,Spring
2023-05-07,26.7,8.7,57.4,Rainy,Outdoor & Camping Gear,3117.33,35,2023,5,May,7,Sunday,1,Spring
2023-05-07,26.7,8.7,57.4,Rainy,Rainwear & Umbrellas,33934.26,1178,2023,5,May,7,Sunday,1,Spring
2023-05-08,23.0,15.3,61.3,Rainy,Cold Beverages & Ice Cream,540.06,65,2023,5,May,8,Monday,0,Spring
2023-05-08,23.0,15.3,61.3,Rainy,Heating & Winter Apparel,900.53,14,2023,5,May,8,Monday,0,Spring
2023-05-08,23.0,15.3,61.3,Rainy,Hot Beverages & Soups,696.12,60,2023,5,May,8,Monday,0,Spring
2023-05-08,23.0,15.3,61.3,Rainy,Outdoor & Camping Gear,502.95,6,2023,5,May,8,Monday,0,Spring
2023-05-08,23.0,15.3,61.3,Rainy,Rainwear & Umbrellas,64466.39,2146,2023,5,May,8,Monday,0,Spring
2023-05-09,20.5,0.0,43.5,Sunny,Cold Beverages & Ice Cream,660.65,77,2023,5,May,9,Tuesday,0,Spring
2023-05-09,20.5,0.0,43.5,Sunny,Heating & Winter Apparel,453.64,7,2023,5,May,9,Tuesday,0,Spring
2023-05-09,20.5,0.0,43.5,Sunny,Hot Beverages & Soups,657.34,59,2023,5,May,9,Tuesday,0,Spring
2023-05-09,20.5,0.0,43.5,Sunny,Outdoor & Camping Gear,5286.52,64,2023,5,May,9,Tuesday,0,Spring
2023-05-09,20.5,0.0,43.5,Sunny,Rainwear & Umbrellas,647.25,22,2023,5,May,9,Tuesday,0,Spring
2023-05-10,27.4,0.0,57.2,Sunny,Cold Beverages & Ice Cream,1095.47,127,2023,5,May,10,Wednesday,0,Spring
2023-05-10,27.4,0.0,57.2,Sunny,Heating & Winter Apparel,327.65,5,2023,5,May,10,Wednesday,0,Spring
2023-05-10,27.4,0.0,57.2,Sunny,Hot Beverages & Soups,348.35,30,2023,5,May,10,Wednesday,0,Spring
2023-05-10,27.4,0.0,57.2,Sunny,Outdoor & Camping Gear,4368.35,52,2023,5,May,10,Wednesday,0,Spring
2023-05-10,27.4,0.0,57.2,Sunny,Rainwear & Umbrellas,751.68,25,2023,5,May,10,Wednesday,0,Spring
2023-05-11,24.9,7.1,70.2,Rainy,Cold Beverages & Ice Cream,617.29,77,2023,5,May,11,Thursday,0,Spring
2023-05-11,24.9,7.1,70.2,Rainy,Heating & Winter Apparel,317.33,5,2023,5,May,11,Thursday,0,Spring
2023-05-11,24.9,7.1,70.2,Rainy,Hot Beverages & Soups,536.54,47,2023,5,May,11,Thursday,0,Spring
2023-05-11,24.9,7.1,70.2,Rainy,Outdoor & Camping Gear,2630.3,33,2023,5,May,11,Thursday,0,Spring
2023-05-11,24.9,7.1,70.2,Rainy,Rainwear & Umbrellas,24428.05,837,2023,5,May,11,Thursday,0,Spring
2023-05-12,20.7,5.3,51.7,Rainy,Cold Beverages & Ice Cream,402.62,48,2023,5,May,12,Friday,0,Spring
2023-05-12,20.7,5.3,51.7,Rainy,Heating & Winter Apparel,460.22,7,2023,5,May,12,Friday,0,Spring
2023-05-12,20.7,5.3,51.7,Rainy,Hot Beverages & Soups,789.97,68,2023,5,May,12,Friday,0,Spring
2023-05-12,20.7,5.3,51.7,Rainy,Outdoor & Camping Gear,3717.53,46,2023,5,May,12,Friday,0,Spring
2023-05-12,20.7,5.3,51.7,Rainy,Rainwear & Umbrellas,16284.81,591,2023,5,May,12,Friday,0,Spring
2023-05-13,23.2,6.6,63.5,Rainy,Cold Beverages & Ice Cream,666.67,79,2023,5,May,13,Saturday,1,Spring
2023-05-13,23.2,6.6,63.5,Rainy,Heating & Winter Apparel,344.6,5,2023,5,May,13,Saturday,1,Spring
2023-05-13,23.2,6.6,63.5,Rainy,Hot Beverages & Soups,787.08,68,2023,5,May,13,Saturday,1,Spring
2023-05-13,23.2,6.6,63.5,Rainy,Outdoor & Camping Gear,3602.82,43,2023,5,May,13,Saturday,1,Spring
2023-05-13,23.2,6.6,63.5,Rainy,Rainwear & Umbrellas,25037.78,835,2023,5,May,13,Saturday,1,Spring
2023-05-14,21.5,0.0,48.1,Sunny,Cold Beverages & Ice Cream,721.14,89,2023,5,May,14,Sunday,1,Spring
2023-05-14,21.5,0.0,48.1,Sunny,Heating & Winter Apparel,319.84,5,2023,5,May,14,Sunday,1,Spring
2023-05-14,21.5,0.0,48.1,Sunny,Hot Beverages & Soups,842.63,67,2023,5,May,14,Sunday,1,Spring
2023-05-14,21.5,0.0,48.1,Sunny,Outdoor & Camping Gear,9350.27,113,2023,5,May,14,Sunday,1,Spring
2023-05-14,21.5,0.0,48.1,Sunny,Rainwear & Umbrellas,641.62,24,2023,5,May,14,Sunday,1,Spring
2023-05-15,20.3,0.0,54.9,Sunny,Cold Beverages & Ice Cream,707.92,83,2023,5,May,15,Monday,0,Spring
2023-05-15,20.3,0.0,54.9,Sunny,Heating & Winter Apparel,572.94,9,2023,5,May,15,Monday,0,Spring
2023-05-15,20.3,0.0,54.9,Sunny,Hot Beverages & Soups,614.69,54,2023,5,May,15,Monday,0,Spring
2023-05-15,20.3,0.0,54.9,Sunny,Outdoor & Camping Gear,6854.82,76,2023,5,May,15,Monday,0,Spring
2023-05-15,20.3,0.0,54.9,Sunny,Rainwear & Umbrellas,879.8,31,2023,5,May,15,Monday,0,Spring
2023-05-16,26.9,0.6,61.6,Rainy,Cold Beverages & Ice Cream,1378.74,158,2023,5,May,16,Tuesday,0,Spring
2023-05-16,26.9,0.6,61.6,Rainy,Heating & Winter Apparel,303.37,5,2023,5,May,16,Tuesday,0,Spring
2023-05-16,26.9,0.6,61.6,Rainy,Hot Beverages & Soups,193.43,16,2023,5,May,16,Tuesday,0,Spring
2023-05-16,26.9,0.6,61.6,Rainy,Outdoor & Camping Gear,4200.3,49,2023,5,May,16,Tuesday,0,Spring
2023-05-16,26.9,0.6,61.6,Rainy,Rainwear & Umbrellas,1908.45,65,2023,5,May,16,Tuesday,0,Spring
2023-05-17,29.9,0.0,46.9,Sunny,Cold Beverages & Ice Cream,1407.91,170,2023,5,May,17,Wednesday,0,Spring
2023-05-17,29.9,0.0,46.9,Sunny,Heating & Winter Apparel,318.5,5,2023,5,May,17,Wednesday,0,Spring
2023-05-17,29.9,0.0,46.9,Sunny,Hot Beverages & Soups,338.7,27,2023,5,May,17,Wednesday,0,Spring
2023-05-17,29.9,0.0,46.9,Sunny,Outdoor & Camping Gear,2836.72,31,2023,5,May,17,Wednesday,0,Spring
2023-05-17,29.9,0.0,46.9,Sunny,Rainwear & Umbrellas,689.2,24,2023,5,May,17,Wednesday,0,Spring
2023-05-18,20.8,7.4,58.6,Rainy,Cold Beverages & Ice Cream,477.46,53,2023,5,May,18,Thursday,0,Spring
2023-05-18,20.8,7.4,58.6,Rainy,Heating & Winter Apparel,349.32,5,2023,5,May,18,Thursday,0,Spring
2023-05-18,20.8,7.4,58.6,Rainy,Hot Beverages & Soups,866.56,68,2023,5,May,18,Thursday,0,Spring
2023-05-18,20.8,7.4,58.6,Rainy,Outdoor & Camping Gear,4266.9,48,2023,5,May,18,Thursday,0,Spring
2023-05-18,20.8,7.4,58.6,Rainy,Rainwear & Umbrellas,26109.67,888,2023,5,May,18,Thursday,0,Spring
2023-05-19,26.5,0.0,39.9,Sunny,Cold Beverages & Ice Cream,1321.17,144,2023,5,May,19,Friday,0,Spring
2023-05-19,26.5,0.0,39.9,Sunny,Heating & Winter Apparel,321.17,5,2023,5,May,19,Friday,0,Spring
2023-05-19,26.5,0.0,39.9,Sunny,Hot Beverages & Soups,61.09,5,2023,5,May,19,Friday,0,Spring
2023-05-19,26.5,0.0,39.9,Sunny,Outdoor & Camping Gear,5352.8,66,2023,5,May,19,Friday,0,Spring
2023-05-19,26.5,0.0,39.9,Sunny,Rainwear & Umbrellas,624.26,24,2023,5,May,19,Friday,0,Spring
2023-05-20,23.3,11.9,56.3,Rainy,Cold Beverages & Ice Cream,689.51,83,2023,5,May,20,Saturday,1,Spring
2023-05-20,23.3,11.9,56.3,Rainy,Heating & Winter Apparel,379.92,6,2023,5,May,20,Saturday,1,Spring
2023-05-20,23.3,11.9,56.3,Rainy,Hot Beverages & Soups,867.67,73,2023,5,May,20,Saturday,1,Spring
2023-05-20,23.3,11.9,56.3,Rainy,Outdoor & Camping Gear,1855.67,22,2023,5,May,20,Saturday,1,Spring
2023-05-20,23.3,11.9,56.3,Rainy,Rainwear & Umbrellas,51152.0,1743,2023,5,May,20,Saturday,1,Spring
2023-05-21,23.9,0.0,40.2,Sunny,Cold Beverages & Ice Cream,1307.22,150,2023,5,May,21,Sunday,1,Spring
2023-05-21,23.9,0.0,40.2,Sunny,Heating & Winter Apparel,299.95,5,2023,5,May,21,Sunday,1,Spring
2023-05-21,23.9,0.0,40.2,Sunny,Hot Beverages & Soups,557.44,50,2023,5,May,21,Sunday,1,Spring
2023-05-21,23.9,0.0,40.2,Sunny,Outdoor & Camping Gear,7600.19,87,2023,5,May,21,Sunday,1,Spring
2023-05-21,23.9,0.0,40.2,Sunny,Rainwear & Umbrellas,981.28,37,2023,5,May,21,Sunday,1,Spring
2023-05-22,23.8,73.0,98.5,Stormy,Cold Beverages & Ice Cream,510.98,62,2023,5,May,22,Monday,0,Spring
2023-05-22,23.8,73.0,98.5,Stormy,Heating & Winter Apparel,377.04,6,2023,5,May,22,Monday,0,Spring
2023-05-22,23.8,73.0,98.5,Stormy,Hot Beverages & Soups,687.05,57,2023,5,May,22,Monday,0,Spring
2023-05-22,23.8,73.0,98.5,Stormy,Outdoor & Camping Gear,673.95,8,2023,5,May,22,Monday,0,Spring
2023-05-22,23.8,73.0,98.5,Stormy,Rainwear & Umbrellas,391169.51,14963,2023,5,May,22,Monday,0,Spring
2023-05-23,23.3,0.0,58.3,Sunny,Cold Beverages & Ice Cream,956.71,114,2023,5,May,23,Tuesday,0,Spring
2023-05-23,23.3,0.0,58.3,Sunny,Heating & Winter Apparel,331.47,5,2023,5,May,23,Tuesday,0,Spring
2023-05-23,23.3,0.0,58.3,Sunny,Hot Beverages & Soups,492.35,38,2023,5,May,23,Tuesday,0,Spring
2023-05-23,23.3,0.0,58.3,Sunny,Outdoor & Camping Gear,5816.96,66,2023,5,May,23,Tuesday,0,Spring
2023-05-23,23.3,0.0,58.3,Sunny,Rainwear & Umbrellas,747.5,29,2023,5,May,23,Tuesday,0,Spring
2023-05-24,26.0,29.1,69.3,Rainy,Cold Beverages & Ice Cream,762.69,84,2023,5,May,24,Wednesday,0,Spring
2023-05-24,26.0,29.1,69.3,Rainy,Heating & Winter Apparel,325.6,5,2023,5,May,24,Wednesday,0,Spring
2023-05-24,26.0,29.1,69.3,Rainy,Hot Beverages & Soups,264.7,21,2023,5,May,24,Wednesday,0,Spring
2023-05-24,26.0,29.1,69.3,Rainy,Outdoor & Camping Gear,804.9,10,2023,5,May,24,Wednesday,0,Spring
2023-05-24,26.0,29.1,69.3,Rainy,Rainwear & Umbrellas,123211.89,4754,2023,5,May,24,Wednesday,0,Spring
2023-05-25,23.7,0.0,54.2,Sunny,Cold Beverages & Ice Cream,897.99,113,2023,5,May,25,Thursday,0,Spring
2023-05-25,23.7,0.0,54.6,Sunny,Heating & Winter Apparel,346.25,5,2023,5,May,25,Thursday,0,Spring
2023-05-25,23.7,0.0,54.6,Sunny,Hot Beverages & Soups,460.21,36,2023,5,May,25,Thursday,0,Spring
2023-05-25,23.7,0.0,54.6,Sunny,Outdoor & Camping Gear,5340.4,68,2023,5,May,25,Thursday,0,Spring
2023-05-25,23.7,0.0,54.6,Sunny,Rainwear & Umbrellas,839.81,28,2023,5,May,25,Thursday,0,Spring
2023-05-26,27.0,8.0,54.5,Rainy,Cold Beverages & Ice Cream,653.54,82,2023,5,May,26,Friday,0,Spring
2023-05-26,27.0,8.0,54.5,Rainy,Heating & Winter Apparel,332.14,5,2023,5,May,26,Friday,0,Spring
2023-05-26,27.0,8.0,54.5,Rainy,Hot Beverages & Soups,400.4,34,2023,5,May,26,Friday,0,Spring
2023-05-26,27.0,8.0,54.5,Rainy,Outdoor & Camping Gear,2329.15,28,2023,5,May,26,Friday,0,Spring
2023-05-26,27.0,8.0,54.5,Rainy,Rainwear & Umbrellas,28668.58,967,2023,5,May,26,Friday,0,Spring
2023-05-27,26.2,0.0,56.5,Sunny,Cold Beverages & Ice Cream,1332.67,151,2023,5,May,27,Saturday,1,Spring
2023-05-27,26.2,0.0,56.5,Sunny,Heating & Winter Apparel,488.0,7,2023,5,May,27,Saturday,1,Spring
2023-05-27,26.2,0.0,56.5,Sunny,Hot Beverages & Soups,471.0,39,2023,5,May,27,Saturday,1,Spring
2023-05-27,26.2,0.0,56.5,Sunny,Outdoor & Camping Gear,7559.12,84,2023,5,May,27,Saturday,1,Spring
2023-05-27,26.2,0.0,56.5,Sunny,Rainwear & Umbrellas,800.86,29,2023,5,May,27,Saturday,1,Spring
2023-05-28,25.9,0.0,52.7,Sunny,Cold Beverages & Ice Cream,1298.91,166,2023,5,May,28,Sunday,1,Spring
2023-05-28,25.9,0.0,52.7,Sunny,Heating & Winter Apparel,304.14,5,2023,5,May,28,Sunday,1,Spring
2023-05-28,25.9,0.0,52.7,Sunny,Hot Beverages & Soups,522.49,47,2023,5,May,28,Sunday,1,Spring
2023-05-28,25.9,0.0,52.7,Sunny,Outdoor & Camping Gear,6670.12,81,2023,5,May,28,Sunday,1,Spring
2023-05-28,25.9,0.0,52.7,Sunny,Rainwear & Umbrellas,645.63,24,2023,5,May,28,Sunday,1,Spring
2023-05-29,24.2,8.0,44.8,Rainy,Cold Beverages & Ice Cream,425.39,54,2023,5,May,29,Monday,0,Spring
2023-05-29,24.2,8.0,44.8,Rainy,Heating & Winter Apparel,697.17,10,2023,5,May,29,Monday,0,Spring
2023-05-29,24.2,8.0,44.8,Rainy,Hot Beverages & Soups,606.53,51,2023,5,May,29,Monday,0,Spring
2023-05-29,24.2,8.0,44.8,Rainy,Outdoor & Camping Gear,2520.66,29,2023,5,May,29,Monday,0,Spring
2023-05-29,24.2,8.0,44.8,Rainy,Rainwear & Umbrellas,27973.04,978,2023,5,May,29,Monday,0,Spring
2023-05-30,25.3,4.5,61.1,Rainy,Cold Beverages & Ice Cream,1043.62,120,2023,5,May,30,Tuesday,0,Spring
2023-05-30,25.3,4.5,61.1,Rainy,Heating & Winter Apparel,329.51,5,2023,5,May,30,Tuesday,0,Spring
2023-05-30,25.3,4.5,61.1,Rainy,Hot Beverages & Soups,546.24,48,2023,5,May,30,Tuesday,0,Spring
2023-05-30,25.3,4.5,61.1,Rainy,Outdoor & Camping Gear,3995.9,44,2023,5,May,30,Tuesday,0,Spring
2023-05-30,25.3,4.5,61.1,Rainy,Rainwear & Umbrellas,13619.8,485,2023,5,May,30,Tuesday,0,Spring
2023-05-31,29.2,7.4,52.8,Rainy,Cold Beverages & Ice Cream,868.5,106,2023,5,May,31,Wednesday,0,Spring
2023-05-31,29.2,7.4,52.8,Rainy,Heating & Winter Apparel,330.72,5,2023,5,May,31,Wednesday,0,Spring
2023-05-31,29.2,7.4,52.8,Rainy,Hot Beverages & Soups,463.74,40,2023,5,May,31,Wednesday,0,Spring
2023-05-31,29.2,7.4,52.8,Rainy,Outdoor & Camping Gear,1813.95,21,2023,5,May,31,Wednesday,0,Spring
2023-05-31,29.2,7.4,52.8,Rainy,Rainwear & Umbrellas,23301.76,875,2023,5,May,31,Wednesday,0,Spring
2023-06-01,28.6,0.0,42.5,Sunny,Cold Beverages & Ice Cream,1432.91,164,2023,6,Jun,1,Thursday,0,Summer
2023-06-01,28.6,0.0,42.5,Sunny,Heating & Winter Apparel,665.97,10,2023,6,Jun,1,Thursday,0,Summer
2023-06-01,28.6,0.0,42.5,Sunny,Hot Beverages & Soups,307.19,26,2023,6,Jun,1,Thursday,0,Summer
2023-06-01,28.6,0.0,42.5,Sunny,Outdoor & Camping Gear,4465.25,49,2023,6,Jun,1,Thursday,0,Summer
2023-06-01,28.6,0.0,42.5,Sunny,Rainwear & Umbrellas,648.56,23,2023,6,Jun,1,Thursday,0,Summer
2023-06-02,24.6,16.7,60.4,Rainy,Cold Beverages & Ice Cream,716.92,80,2023,6,Jun,2,Friday,0,Summer
2023-06-02,24.6,16.7,60.4,Rainy,Heating & Winter Apparel,506.93,8,2023,6,Jun,2,Friday,0,Summer
2023-06-02,24.6,16.7,60.4,Rainy,Hot Beverages & Soups,500.09,44,2023,6,Jun,2,Friday,0,Summer
2023-06-02,24.6,16.7,60.4,Rainy,Outdoor & Camping Gear,391.28,5,2023,6,Jun,2,Friday,0,Summer
2023-06-02,24.6,16.7,60.4,Rainy,Rainwear & Umbrellas,66692.73,2388,2023,6,Jun,2,Friday,0,Summer
2023-06-03,27.8,0.0,38.7,Sunny,Cold Beverages & Ice Cream,1428.34,172,2023,6,Jun,3,Saturday,1,Summer
2023-06-03,27.8,0.0,38.7,Sunny,Heating & Winter Apparel,339.26,5,2023,6,Jun,3,Saturday,1,Summer
2023-06-03,27.8,0.0,38.7,Sunny,Hot Beverages & Soups,318.25,28,2023,6,Jun,3,Saturday,1,Summer
2023-06-03,27.8,0.0,38.7,Sunny,Outdoor & Camping Gear,5588.0,69,2023,6,Jun,3,Saturday,1,Summer
2023-06-03,27.8,0.0,38.7,Sunny,Rainwear & Umbrellas,723.53,26,2023,6,Jun,3,Saturday,1,Summer
2023-06-04,29.8,0.0,42.2,Sunny,Cold Beverages & Ice Cream,1801.77,205,2023,6,Jun,4,Sunday,1,Summer
2023-06-04,29.8,0.0,42.2,Sunny,Heating & Winter Apparel,303.75,5,2023,6,Jun,4,Sunday,1,Summer
2023-06-04,29.8,0.0,42.2,Sunny,Hot Beverages & Soups,255.71,20,2023,6,Jun,4,Sunday,1,Summer
2023-06-04,29.8,0.0,42.2,Sunny,Outdoor & Camping Gear,4523.47,53,2023,6,Jun,4,Sunday,1,Summer
2023-06-04,29.8,0.0,42.2,Sunny,Rainwear & Umbrellas,1083.73,36,2023,6,Jun,4,Sunday,1,Summer
2023-06-05,23.1,0.0,53.9,Sunny,Cold Beverages & Ice Cream,1040.66,122,2023,6,Jun,5,Monday,0,Summer
2023-06-05,23.1,0.0,53.9,Sunny,Heating & Winter Apparel,300.16,5,2023,6,Jun,5,Monday,0,Summer
2023-06-05,23.1,0.0,53.9,Sunny,Hot Beverages & Soups,338.58,29,2023,6,Jun,5,Monday,0,Summer
2023-06-05,23.1,0.0,53.9,Sunny,Outdoor & Camping Gear,6010.29,69,2023,6,Jun,5,Monday,0,Summer
2023-06-05,23.1,0.0,53.9,Sunny,Rainwear & Umbrellas,747.12,28,2023,6,Jun,5,Monday,0,Summer
2023-06-06,29.5,0.0,51.9,Sunny,Cold Beverages & Ice Cream,1344.89,167,2023,6,Jun,6,Tuesday,0,Summer
2023-06-06,29.5,0.0,51.9,Sunny,Heating & Winter Apparel,333.0,5,2023,6,Jun,6,Tuesday,0,Summer
2023-06-06,29.5,0.0,51.9,Sunny,Hot Beverages & Soups,445.72,39,2023,6,Jun,6,Tuesday,0,Summer
2023-06-06,29.5,0.0,51.9,Sunny,Outdoor & Camping Gear,3771.12,45,2023,6,Jun,6,Tuesday,0,Summer
2023-06-06,29.5,0.0,51.9,Sunny,Rainwear & Umbrellas,805.11,28,2023,6,Jun,6,Tuesday,0,Summer
2023-06-07,26.2,10.4,60.5,Rainy,Cold Beverages & Ice Cream,611.74,77,2023,6,Jun,7,Wednesday,0,Summer
2023-06-07,26.2,10.4,60.5,Rainy,Heating & Winter Apparel,301.35,5,2023,6,Jun,7,Wednesday,0,Summer
2023-06-07,26.2,10.4,60.5,Rainy,Hot Beverages & Soups,247.62,22,2023,6,Jun,7,Wednesday,0,Summer
2023-06-07,26.2,10.4,60.5,Rainy,Outdoor & Camping Gear,1582.84,18,2023,6,Jun,7,Wednesday,0,Summer
2023-06-07,26.2,10.4,60.5,Rainy,Rainwear & Umbrellas,37956.88,1332,2023,6,Jun,7,Wednesday,0,Summer
2023-06-08,29.8,10.0,56.8,Rainy,Cold Beverages & Ice Cream,923.06,118,2023,6,Jun,8,Thursday,0,Summer
2023-06-08,29.8,10.0,56.8,Rainy,Heating & Winter Apparel,327.26,5,2023,6,Jun,8,Thursday,0,Summer
2023-06-08,29.8,10.0,56.8,Rainy,Hot Beverages & Soups,256.67,23,2023,6,Jun,8,Thursday,0,Summer
2023-06-08,29.8,10.0,56.8,Rainy,Outdoor & Camping Gear,1207.73,14,2023,6,Jun,8,Thursday,0,Summer
2023-06-08,29.8,10.0,56.8,Rainy,Rainwear & Umbrellas,33603.82,1265,2023,6,Jun,8,Thursday,0,Summer
2023-06-09,26.2,12.5,55.3,Rainy,Cold Beverages & Ice Cream,646.96,82,2023,6,Jun,9,Friday,0,Summer
2023-06-09,26.2,12.5,55.3,Rainy,Heating & Winter Apparel,342.77,5,2023,6,Jun,9,Friday,0,Summer
2023-06-09,26.2,12.5,55.3,Rainy,Hot Beverages & Soups,330.39,28,2023,6,Jun,9,Friday,0,Summer
2023-06-09,26.2,12.5,55.3,Rainy,Outdoor & Camping Gear,427.18,5,2023,6,Jun,9,Friday,0,Summer
2023-06-09,26.2,12.5,55.3,Rainy,Rainwear & Umbrellas,48231.38,1671,2023,6,Jun,9,Friday,0,Summer
2023-06-10,23.5,0.0,52.4,Sunny,Cold Beverages & Ice Cream,974.2,120,2023,6,Jun,10,Saturday,1,Summer
2023-06-10,23.5,0.0,52.4,Sunny,Heating & Winter Apparel,304.8,5,2023,6,Jun,10,Saturday,1,Summer
2023-06-10,23.5,0.0,52.4,Sunny,Hot Beverages & Soups,663.31,56,2023,6,Jun,10,Saturday,1,Summer
2023-06-10,23.5,0.0,52.4,Sunny,Outdoor & Camping Gear,7015.39,89,2023,6,Jun,10,Saturday,1,Summer
2023-06-10,23.5,0.0,52.4,Sunny,Rainwear & Umbrellas,866.94,32,2023,6,Jun,10,Saturday,1,Summer
2023-06-11,24.1,0.0,49.7,Sunny,Cold Beverages & Ice Cream,1247.5,139,2023,6,Jun,11,Sunday,1,Summer
2023-06-11,24.1,0.0,49.7,Sunny,Heating & Winter Apparel,308.67,5,2023,6,Jun,11,Sunday,1,Summer
2023-06-11,24.1,0.0,49.7,Sunny,Hot Beverages & Soups,379.25,33,2023,6,Jun,11,Sunday,1,Summer
2023-06-11,24.1,0.0,49.7,Sunny,Outdoor & Camping Gear,7893.42,92,2023,6,Jun,11,Sunday,1,Summer
2023-06-11,24.1,0.0,49.7,Sunny,Rainwear & Umbrellas,651.09,23,2023,6,Jun,11,Sunday,1,Summer
2023-06-12,28.9,0.0,40.1,Sunny,Cold Beverages & Ice Cream,1252.24,160,2023,6,Jun,12,Monday,0,Summer
2023-06-12,28.9,0.0,40.1,Sunny,Heating & Winter Apparel,429.4,7,2023,6,Jun,12,Monday,0,Summer
2023-06-12,28.9,0.0,40.1,Sunny,Hot Beverages & Soups,605.95,48,2023,6,Jun,12,Monday,0,Summer
2023-06-12,28.9,0.0,40.1,Sunny,Outdoor & Camping Gear,4212.54,47,2023,6,Jun,12,Monday,0,Summer
2023-06-12,28.9,0.0,40.1,Sunny,Rainwear & Umbrellas,756.55,27,2023,6,Jun,12,Monday,0,Summer
2023-06-13,29.6,0.0,45.3,Sunny,Cold Beverages & Ice Cream,1376.81,171,2023,6,Jun,13,Tuesday,0,Summer
2023-06-13,29.6,0.0,45.3,Sunny,Heating & Winter Apparel,350.06,5,2023,6,Jun,13,Tuesday,0,Summer
2023-06-13,29.6,0.0,45.3,Sunny,Hot Beverages & Soups,364.94,32,2023,6,Jun,13,Tuesday,0,Summer
2023-06-13,29.6,0.0,45.3,Sunny,Outdoor & Camping Gear,3495.14,39,2023,6,Jun,13,Tuesday,0,Summer
2023-06-13,29.6,0.0,45.3,Sunny,Rainwear & Umbrellas,373.61,13,2023,6,Jun,13,Tuesday,0,Summer
2023-06-14,26.5,0.0,57.4,Sunny,Cold Beverages & Ice Cream,1021.9,115,2023,6,Jun,14,Wednesday,0,Summer
2023-06-14,26.5,0.0,57.4,Sunny,Heating & Winter Apparel,361.71,6,2023,6,Jun,14,Wednesday,0,Summer
2023-06-14,26.5,0.0,57.4,Sunny,Hot Beverages & Soups,264.26,23,2023,6,Jun,14,Wednesday,0,Summer
2023-06-14,26.5,0.0,57.4,Sunny,Outdoor & Camping Gear,4421.43,54,2023,6,Jun,14,Wednesday,0,Summer
2023-06-14,26.5,0.0,57.4,Sunny,Rainwear & Umbrellas,828.15,30,2023,6,Jun,14,Wednesday,0,Summer
2023-06-15,30.9,0.0,60.2,Sunny,Cold Beverages & Ice Cream,1515.73,193,2023,6,Jun,15,Thursday,0,Summer
2023-06-15,30.9,0.0,60.2,Sunny,Heating & Winter Apparel,324.15,5,2023,6,Jun,15,Thursday,0,Summer
2023-06-15,30.9,0.0,60.2,Sunny,Hot Beverages & Soups,283.74,23,2023,6,Jun,15,Thursday,0,Summer
2023-06-15,30.9,0.0,60.2,Sunny,Outdoor & Camping Gear,3393.6,41,2023,6,Jun,15,Thursday,0,Summer
2023-06-15,30.9,0.0,60.2,Sunny,Rainwear & Umbrellas,892.2,31,2023,6,Jun,15,Thursday,0,Summer
2023-06-16,24.6,0.0,56.6,Sunny,Cold Beverages & Ice Cream,916.37,104,2023,6,Jun,16,Friday,0,Summer
2023-06-16,24.6,0.0,56.6,Sunny,Heating & Winter Apparel,300.9,5,2023,6,Jun,16,Friday,0,Summer
2023-06-16,24.6,0.0,56.6,Sunny,Hot Beverages & Soups,197.26,17,2023,6,Jun,16,Friday,0,Summer
2023-06-16,24.6,0.0,56.6,Sunny,Outdoor & Camping Gear,5140.87,62,2023,6,Jun,16,Friday,0,Summer
2023-06-16,24.6,0.0,56.6,Sunny,Rainwear & Umbrellas,534.15,20,2023,6,Jun,16,Friday,0,Summer
2023-06-17,29.2,9.2,66.5,Rainy,Cold Beverages & Ice Cream,1140.24,138,2023,6,Jun,17,Saturday,1,Summer
2023-06-17,29.2,9.2,66.5,Rainy,Heating & Winter Apparel,315.99,5,2023,6,Jun,17,Saturday,1,Summer
2023-06-17,29.2,9.2,66.5,Rainy,Hot Beverages & Soups,443.63,36,2023,6,Jun,17,Saturday,1,Summer
2023-06-17,29.2,9.2,66.5,Rainy,Outdoor & Camping Gear,2747.21,35,2023,6,Jun,17,Saturday,1,Summer
2023-06-17,29.2,9.2,66.5,Rainy,Rainwear & Umbrellas,37989.48,1264,2023,6,Jun,17,Saturday,1,Summer
2023-06-18,26.1,19.9,65.3,Rainy,Cold Beverages & Ice Cream,869.89,108,2023,6,Jun,18,Sunday,1,Summer
2023-06-18,26.1,19.9,65.3,Rainy,Heating & Winter Apparel,949.54,14,2023,6,Jun,18,Sunday,1,Summer
2023-06-18,26.1,19.9,65.3,Rainy,Hot Beverages & Soups,629.03,54,2023,6,Jun,18,Sunday,1,Summer
2023-06-18,26.1,19.9,65.3,Rainy,Outdoor & Camping Gear,628.7,7,2023,6,Jun,18,Sunday,1,Summer
2023-06-18,26.1,19.9,65.3,Rainy,Rainwear & Umbrellas,92082.4,3268,2023,6,Jun,18,Sunday,1,Summer
2023-06-19,27.7,7.7,67.5,Rainy,Cold Beverages & Ice Cream,789.58,97,2023,6,Jun,19,Monday,0,Summer
2023-06-19,27.7,7.7,67.5,Rainy,Heating & Winter Apparel,299.07,5,2023,6,Jun,19,Monday,0,Summer
2023-06-19,27.7,7.7,67.5,Rainy,Hot Beverages & Soups,339.09,28,2023,6,Jun,19,Monday,0,Summer
2023-06-19,27.7,7.7,67.5,Rainy,Outdoor & Camping Gear,1708.84,20,2023,6,Jun,19,Monday,0,Summer
2023-06-19,27.7,7.7,67.5,Rainy,Rainwear & Umbrellas,24477.66,913,2023,6,Jun,19,Monday,0,Summer
2023-06-20,29.8,16.3,74.2,Rainy,Cold Beverages & Ice Cream,826.04,100,2023,6,Jun,20,Tuesday,0,Summer
2023-06-20,29.8,16.3,74.2,Rainy,Heating & Winter Apparel,331.02,5,2023,6,Jun,20,Tuesday,0,Summer
2023-06-20,29.8,16.3,74.2,Rainy,Hot Beverages & Soups,291.67,26,2023,6,Jun,20,Tuesday,0,Summer
2023-06-20,29.8,16.3,74.2,Rainy,Outdoor & Camping Gear,626.93,7,2023,6,Jun,20,Tuesday,0,Summer
2023-06-20,29.8,16.3,74.2,Rainy,Rainwear & Umbrellas,65274.99,2325,2023,6,Jun,20,Tuesday,0,Summer
2023-06-21,27.3,9.5,46.2,Rainy,Cold Beverages & Ice Cream,899.03,99,2023,6,Jun,21,Wednesday,0,Summer
2023-06-21,27.3,9.5,46.2,Rainy,Heating & Winter Apparel,304.37,5,2023,6,Jun,21,Wednesday,0,Summer
2023-06-21,27.3,9.5,46.2,Rainy,Hot Beverages & Soups,654.29,51,2023,6,Jun,21,Wednesday,0,Summer
2023-06-21,27.3,9.5,46.2,Rainy,Outdoor & Camping Gear,1614.74,20,2023,6,Jun,21,Wednesday,0,Summer
2023-06-21,27.3,9.5,46.2,Rainy,Rainwear & Umbrellas,32826.36,1180,2023,6,Jun,21,Wednesday,0,Summer
2023-06-22,28.8,0.0,52.1,Sunny,Cold Beverages & Ice Cream,1464.07,181,2023,6,Jun,22,Thursday,0,Summer
2023-06-22,28.8,0.0,52.1,Sunny,Heating & Winter Apparel,333.27,5,2023,6,Jun,22,Thursday,0,Summer
2023-06-22,28.8,0.0,52.1,Sunny,Hot Beverages & Soups,400.21,33,2023,6,Jun,22,Thursday,0,Summer
2023-06-22,28.8,0.0,52.1,Sunny,Outdoor & Camping Gear,4382.79,52,2023,6,Jun,22,Thursday,0,Summer
2023-06-22,28.8,0.0,52.1,Sunny,Rainwear & Umbrellas,691.52,24,2023,6,Jun,22,Thursday,0,Summer
2023-06-23,32.8,4.4,62.7,Rainy,Cold Beverages & Ice Cream,1669.18,203,2023,6,Jun,23,Friday,0,Summer
2023-06-23,32.8,4.4,52.5,Rainy,Heating & Winter Apparel,441.17,7,2023,6,Jun,23,Friday,0,Summer
2023-06-23,32.8,4.4,52.5,Rainy,Hot Beverages & Soups,326.66,28,2023,6,Jun,23,Friday,0,Summer
2023-06-23,32.8,4.4,52.5,Rainy,Outdoor & Camping Gear,419.33,5,2023,6,Jun,23,Friday,0,Summer
2023-06-23,32.8,4.4,52.5,Rainy,Rainwear & Umbrellas,13954.02,471,2023,6,Jun,23,Friday,0,Summer
2023-06-24,28.4,11.5,55.6,Rainy,Cold Beverages & Ice Cream,1077.68,129,2023,6,Jun,24,Saturday,1,Summer
2023-06-24,28.4,11.5,55.6,Rainy,Heating & Winter Apparel,915.82,14,2023,6,Jun,24,Saturday,1,Summer
2023-06-24,28.4,11.5,55.6,Rainy,Hot Beverages & Soups,556.26,50,2023,6,Jun,24,Saturday,1,Summer
2023-06-24,28.4,11.5,55.6,Rainy,Outdoor & Camping Gear,1682.67,20,2023,6,Jun,24,Saturday,1,Summer
2023-06-24,28.4,11.5,55.6,Rainy,Rainwear & Umbrellas,44919.56,1655,2023,6,Jun,24,Saturday,1,Summer
2023-06-25,32.5,0.0,52.4,Sunny,Cold Beverages & Ice Cream,2091.57,246,2023,6,Jun,25,Sunday,1,Summer
2023-06-25,32.5,0.0,52.4,Sunny,Heating & Winter Apparel,318.83,5,2023,6,Jun,25,Sunday,1,Summer
2023-06-25,32.5,0.0,52.4,Sunny,Hot Beverages & Soups,255.41,20,2023,6,Jun,25,Sunday,1,Summer
2023-06-25,32.5,0.0,52.4,Sunny,Outdoor & Camping Gear,2668.21,34,2023,6,Jun,25,Sunday,1,Summer
2023-06-25,32.5,0.0,52.4,Sunny,Rainwear & Umbrellas,888.03,31,2023,6,Jun,25,Sunday,1,Summer
2023-06-26,27.0,0.0,51.7,Sunny,Cold Beverages & Ice Cream,1087.87,131,2023,6,Jun,26,Monday,0,Summer
2023-06-26,27.0,0.0,51.7,Sunny,Heating & Winter Apparel,412.01,6,2023,6,Jun,26,Monday,0,Summer
2023-06-26,27.0,0.0,51.7,Sunny,Hot Beverages & Soups,159.02,13,2023,6,Jun,26,Monday,0,Summer
2023-06-26,27.0,0.0,51.7,Sunny,Outdoor & Camping Gear,4911.45,58,2023,6,Jun,26,Monday,0,Summer
2023-06-26,27.0,0.0,51.7,Sunny,Rainwear & Umbrellas,476.93,18,2023,6,Jun,26,Monday,0,Summer
2023-06-27,31.7,5.2,48.1,Rainy,Cold Beverages & Ice Cream,996.6,116,2023,6,Jun,27,Tuesday,0,Summer
2023-06-27,31.7,5.2,48.1,Rainy,Heating & Winter Apparel,385.72,6,2023,6,Jun,27,Tuesday,0,Summer
2023-06-27,31.7,5.2,48.1,Rainy,Hot Beverages & Soups,651.1,51,2023,6,Jun,27,Tuesday,0,Summer
2023-06-27,31.7,5.2,48.1,Rainy,Outdoor & Camping Gear,1666.14,21,2023,6,Jun,27,Tuesday,0,Summer
2023-06-27,31.7,5.2,48.1,Rainy,Rainwear & Umbrellas,16780.21,575,2023,6,Jun,27,Tuesday,0,Summer
2023-06-28,34.4,0.0,48.3,Sunny,Cold Beverages & Ice Cream,1811.7,215,2023,6,Jun,28,Wednesday,0,Summer
2023-06-28,34.4,0.0,48.3,Sunny,Heating & Winter Apparel,301.86,5,2023,6,Jun,28,Wednesday,0,Summer
2023-06-28,34.4,0.0,48.3,Sunny,Hot Beverages & Soups,364.66,32,2023,6,Jun,28,Wednesday,0,Summer
2023-06-28,34.4,0.0,48.3,Sunny,Outdoor & Camping Gear,812.61,9,2023,6,Jun,28,Wednesday,0,Summer
2023-06-28,34.4,0.0,48.3,Sunny,Rainwear & Umbrellas,428.53,15,2023,6,Jun,28,Wednesday,0,Summer
2023-06-29,23.5,0.0,60.6,Sunny,Cold Beverages & Ice Cream,906.74,107,2023,6,Jun,29,Thursday,0,Summer
2023-06-29,23.5,0.0,60.6,Sunny,Heating & Winter Apparel,689.81,10,2023,6,Jun,29,Thursday,0,Summer
2023-06-29,23.5,0.0,60.6,Sunny,Hot Beverages & Soups,322.71,29,2023,6,Jun,29,Thursday,0,Summer
2023-06-29,23.5,0.0,60.6,Sunny,Outdoor & Camping Gear,6382.36,78,2023,6,Jun,29,Thursday,0,Summer
2023-06-29,23.5,0.0,60.6,Sunny,Rainwear & Umbrellas,473.75,17,2023,6,Jun,29,Thursday,0,Summer
2023-06-30,28.2,0.0,52.1,Sunny,Cold Beverages & Ice Cream,1113.72,138,2023,6,Jun,30,Friday,0,Summer
2023-06-30,28.2,0.0,52.1,Sunny,Heating & Winter Apparel,344.23,5,2023,6,Jun,30,Friday,0,Summer
2023-06-30,28.2,0.0,52.1,Sunny,Hot Beverages & Soups,231.89,18,2023,6,Jun,30,Friday,0,Summer
2023-06-30,28.2,0.0,52.1,Sunny,Outdoor & Camping Gear,4641.95,53,2023,6,Jun,30,Friday,0,Summer
2023-06-30,28.2,0.0,52.1,Sunny,Rainwear & Umbrellas,712.75,24,2023,6,Jun,30,Friday,0,Summer
2023-07-01,32.1,0.0,53.4,Sunny,Cold Beverages & Ice Cream,2111.82,238,2023,7,Jul,1,Saturday,1,Summer
2023-07-01,32.1,0.0,53.4,Sunny,Heating & Winter Apparel,348.92,5,2023,7,Jul,1,Saturday,1,Summer
2023-07-01,32.1,0.0,53.4,Sunny,Hot Beverages & Soups,461.76,40,2023,7,Jul,1,Saturday,1,Summer
2023-07-01,32.1,0.0,53.4,Sunny,Outdoor & Camping Gear,3039.83,37,2023,7,Jul,1,Saturday,1,Summer
2023-07-01,32.1,0.0,53.4,Sunny,Rainwear & Umbrellas,688.83,23,2023,7,Jul,1,Saturday,1,Summer
2023-07-02,30.0,0.0,48.4,Sunny,Cold Beverages & Ice Cream,1804.1,218,2023,7,Jul,2,Sunday,1,Summer
2023-07-02,30.0,0.0,48.4,Sunny,Heating & Winter Apparel,372.97,6,2023,7,Jul,2,Sunday,1,Summer
2023-07-02,30.0,0.0,48.4,Sunny,Hot Beverages & Soups,415.67,35,2023,7,Jul,2,Sunday,1,Summer
2023-07-02,30.0,0.0,48.4,Sunny,Outdoor & Camping Gear,5042.62,57,2023,7,Jul,2,Sunday,1,Summer
2023-07-02,30.0,0.0,48.4,Sunny,Rainwear & Umbrellas,796.17,29,2023,7,Jul,2,Sunday,1,Summer
2023-07-03,31.7,0.0,52.5,Sunny,Cold Beverages & Ice Cream,1608.89,187,2023,7,Jul,3,Monday,0,Summer
2023-07-03,31.7,0.0,52.5,Sunny,Heating & Winter Apparel,342.31,5,2023,7,Jul,3,Monday,0,Summer
2023-07-03,31.7,0.0,52.5,Sunny,Hot Beverages & Soups,404.36,32,2023,7,Jul,3,Monday,0,Summer
2023-07-03,31.7,0.0,52.5,Sunny,Outdoor & Camping Gear,2349.09,26,2023,7,Jul,3,Monday,0,Summer
2023-07-03,31.7,0.0,52.5,Sunny,Rainwear & Umbrellas,796.06,28,2023,7,Jul,3,Monday,0,Summer
2023-07-04,29.0,0.0,42.7,Sunny,Cold Beverages & Ice Cream,1161.23,148,2023,7,Jul,4,Tuesday,0,Summer
2023-07-04,29.0,0.0,42.7,Sunny,Heating & Winter Apparel,995.9,16,2023,7,Jul,4,Tuesday,0,Summer
2023-07-04,29.0,0.0,42.7,Sunny,Hot Beverages & Soups,262.2,21,2023,7,Jul,4,Tuesday,0,Summer
2023-07-04,29.0,0.0,42.7,Sunny,Outdoor & Camping Gear,4573.21,51,2023,7,Jul,4,Tuesday,0,Summer
2023-07-04,29.0,0.0,42.7,Sunny,Rainwear & Umbrellas,516.72,18,2023,7,Jul,4,Tuesday,0,Summer
2023-07-05,31.0,0.0,46.6,Sunny,Cold Beverages & Ice Cream,1467.18,170,2023,7,Jul,5,Wednesday,0,Summer
2023-07-05,31.0,0.0,46.6,Sunny,Heating & Winter Apparel,343.97,5,2023,7,Jul,5,Wednesday,0,Summer
2023-07-05,31.0,0.0,46.6,Sunny,Hot Beverages & Soups,264.98,23,2023,7,Jul,5,Wednesday,0,Summer
2023-07-05,31.0,0.0,46.6,Sunny,Outdoor & Camping Gear,1509.56,19,2023,7,Jul,5,Wednesday,0,Summer
2023-07-05,31.0,0.0,46.6,Sunny,Rainwear & Umbrellas,569.36,22,2023,7,Jul,5,Wednesday,0,Summer
2023-07-06,30.3,10.3,56.1,Rainy,Cold Beverages & Ice Cream,1148.18,131,2023,7,Jul,6,Thursday,0,Summer
2023-07-06,30.3,10.3,56.1,Rainy,Heating & Winter Apparel,549.63,8,2023,7,Jul,6,Thursday,0,Summer
2023-07-06,30.3,10.3,56.1,Rainy,Hot Beverages & Soups,440.09,34,2023,7,Jul,6,Thursday,0,Summer
2023-07-06,30.3,10.3,56.1,Rainy,Outdoor & Camping Gear,420.76,5,2023,7,Jul,6,Thursday,0,Summer
2023-07-06,30.3,10.3,56.1,Rainy,Rainwear & Umbrellas,37003.8,1315,2023,7,Jul,6,Thursday,0,Summer
2023-07-07,34.1,0.0,40.3,Sunny,Cold Beverages & Ice Cream,1794.69,213,2023,7,Jul,7,Friday,0,Summer
2023-07-07,34.1,0.0,40.3,Sunny,Heating & Winter Apparel,333.13,5,2023,7,Jul,7,Friday,0,Summer
2023-07-07,34.1,0.0,40.3,Sunny,Hot Beverages & Soups,235.74,19,2023,7,Jul,7,Friday,0,Summer
2023-07-07,34.1,0.0,40.3,Sunny,Outdoor & Camping Gear,1415.13,17,2023,7,Jul,7,Friday,0,Summer
2023-07-07,34.1,0.0,40.3,Sunny,Rainwear & Umbrellas,733.13,28,2023,7,Jul,7,Friday,0,Summer
2023-07-08,31.6,0.0,44.2,Sunny,Cold Beverages & Ice Cream,1962.57,244,2023,7,Jul,8,Saturday,1,Summer
2023-07-08,31.6,0.0,44.2,Sunny,Heating & Winter Apparel,1216.35,18,2023,7,Jul,8,Saturday,1,Summer
2023-07-08,31.6,0.0,44.2,Sunny,Hot Beverages & Soups,402.21,32,2023,7,Jul,8,Saturday,1,Summer
2023-07-08,31.6,0.0,44.2,Sunny,Outdoor & Camping Gear,3824.61,42,2023,7,Jul,8,Saturday,1,Summer
2023-07-08,31.6,0.0,44.2,Sunny,Rainwear & Umbrellas,872.01,32,2023,7,Jul,8,Saturday,1,Summer
2023-07-09,31.8,0.0,51.5,Sunny,Cold Beverages & Ice Cream,2025.26,223,2023,7,Jul,9,Sunday,1,Summer
2023-07-09,31.8,0.0,51.5,Sunny,Heating & Winter Apparel,412.55,6,2023,7,Jul,9,Sunday,1,Summer
2023-07-09,31.8,0.0,51.5,Sunny,Hot Beverages & Soups,576.7,50,2023,7,Jul,9,Sunday,1,Summer
2023-07-09,31.8,0.0,51.5,Sunny,Outdoor & Camping Gear,2398.71,30,2023,7,Jul,9,Sunday,1,Summer
2023-07-09,31.8,0.0,51.5,Sunny,Rainwear & Umbrellas,617.56,23,2023,7,Jul,9,Sunday,1,Summer
2023-07-10,29.8,12.4,59.2,Rainy,Cold Beverages & Ice Cream,1082.99,121,2023,7,Jul,10,Monday,0,Summer
2023-07-10,29.8,12.4,59.2,Rainy,Heating & Winter Apparel,322.95,5,2023,7,Jul,10,Monday,0,Summer
2023-07-10,29.8,12.4,59.2,Rainy,Hot Beverages & Soups,403.19,36,2023,7,Jul,10,Monday,0,Summer
2023-07-10,29.8,12.4,59.2,Rainy,Outdoor & Camping Gear,411.59,5,2023,7,Jul,10,Monday,0,Summer
2023-07-10,29.8,12.4,59.2,Rainy,Rainwear & Umbrellas,49060.52,1643,2023,7,Jul,10,Monday,0,Summer
2023-07-11,29.6,0.0,55.6,Sunny,Cold Beverages & Ice Cream,1425.27,160,2023,7,Jul,11,Tuesday,0,Summer
2023-07-11,29.6,0.0,55.6,Sunny,Heating & Winter Apparel,334.28,5,2023,7,Jul,11,Tuesday,0,Summer
2023-07-11,29.6,0.0,55.6,Sunny,Hot Beverages & Soups,176.98,14,2023,7,Jul,11,Tuesday,0,Summer
2023-07-11,29.6,0.0,55.6,Sunny,Outdoor & Camping Gear,2209.66,28,2023,7,Jul,11,Tuesday,0,Summer
2023-07-11,29.6,0.0,55.6,Sunny,Rainwear & Umbrellas,682.52,23,2023,7,Jul,11,Tuesday,0,Summer
2023-07-12,29.7,0.0,46.4,Sunny,Cold Beverages & Ice Cream,1472.7,171,2023,7,Jul,12,Wednesday,0,Summer
2023-07-12,29.7,0.0,46.4,Sunny,Heating & Winter Apparel,340.75,5,2023,7,Jul,12,Wednesday,0,Summer
2023-07-12,29.7,0.0,46.4,Sunny,Hot Beverages & Soups,381.99,34,2023,7,Jul,12,Wednesday,0,Summer
2023-07-12,29.7,0.0,46.4,Sunny,Outdoor & Camping Gear,4057.18,50,2023,7,Jul,12,Wednesday,0,Summer
2023-07-12,29.7,0.0,46.4,Sunny,Rainwear & Umbrellas,682.87,25,2023,7,Jul,12,Wednesday,0,Summer
2023-07-13,32.1,10.0,56.2,Rainy,Cold Beverages & Ice Cream,1009.15,114,2023,7,Jul,13,Thursday,0,Summer
2023-07-13,32.1,10.0,56.2,Rainy,Heating & Winter Apparel,321.31,5,2023,7,Jul,13,Thursday,0,Summer
2023-07-13,32.1,10.0,56.2,Rainy,Hot Beverages & Soups,336.44,30,2023,7,Jul,13,Thursday,0,Summer
2023-07-13,32.1,10.0,56.2,Rainy,Outdoor & Camping Gear,777.37,9,2023,7,Jul,13,Thursday,0,Summer
2023-07-13,32.1,10.0,56.2,Rainy,Rainwear & Umbrellas,34606.29,1265,2023,7,Jul,13,Thursday,0,Summer
2023-07-14,29.8,11.5,53.4,Rainy,Cold Beverages & Ice Cream,991.67,122,2023,7,Jul,14,Friday,0,Summer
2023-07-14,29.8,11.5,53.4,Rainy,Heating & Winter Apparel,819.95,13,2023,7,Jul,14,Friday,0,Summer
2023-07-14,29.8,11.5,53.4,Rainy,Hot Beverages & Soups,481.57,38,2023,7,Jul,14,Friday,0,Summer
2023-07-14,29.8,11.5,53.4,Rainy,Outdoor & Camping Gear,2398.08,27,2023,7,Jul,14,Friday,0,Summer
2023-07-14,29.8,11.5,53.4,Rainy,Rainwear & Umbrellas,39800.84,1507,2023,7,Jul,14,Friday,0,Summer
2023-07-15,31.8,0.0,54.1,Sunny,Cold Beverages & Ice Cream,2131.13,244,2023,7,Jul,15,Saturday,1,Summer
2023-07-15,31.8,0.0,54.1,Sunny,Heating & Winter Apparel,320.94,5,2023,7,Jul,15,Saturday,1,Summer
2023-07-15,31.8,0.0,54.1,Sunny,Hot Beverages & Soups,351.39,31,2023,7,Jul,15,Saturday,1,Summer
2023-07-15,31.8,0.0,54.1,Sunny,Outdoor & Camping Gear,3206.47,39,2023,7,Jul,15,Saturday,1,Summer
2023-07-15,31.8,0.0,54.1,Sunny,Rainwear & Umbrellas,729.87,25,2023,7,Jul,15,Saturday,1,Summer
2023-07-16,36.8,15.9,65.6,Rainy,Cold Beverages & Ice Cream,1787.13,197,2023,7,Jul,16,Sunday,1,Summer
2023-07-16,36.8,15.9,65.6,Rainy,Heating & Winter Apparel,299.96,5,2023,7,Jul,16,Sunday,1,Summer
2023-07-16,36.8,15.9,65.6,Rainy,Hot Beverages & Soups,484.99,41,2023,7,Jul,16,Sunday,1,Summer
2023-07-16,36.8,15.9,65.6,Rainy,Outdoor & Camping Gear,424.43,5,2023,7,Jul,16,Sunday,1,Summer
2023-07-16,36.8,15.9,65.6,Rainy,Rainwear & Umbrellas,69994.68,2478,2023,7,Jul,16,Sunday,1,Summer
2023-07-17,33.4,0.0,52.0,Sunny,Cold Beverages & Ice Cream,1802.47,206,2023,7,Jul,17,Monday,0,Summer
2023-07-17,33.4,0.0,52.0,Sunny,Heating & Winter Apparel,337.83,5,2023,7,Jul,17,Monday,0,Summer
2023-07-17,33.4,0.0,52.0,Sunny,Hot Beverages & Soups,183.66,16,2023,7,Jul,17,Monday,0,Summer
2023-07-17,33.4,0.0,52.0,Sunny,Outdoor & Camping Gear,578.44,7,2023,7,Jul,17,Monday,0,Summer
2023-07-17,33.4,0.0,52.0,Sunny,Rainwear & Umbrellas,1011.19,34,2023,7,Jul,17,Monday,0,Summer
2023-07-18,30.1,0.0,57.1,Sunny,Cold Beverages & Ice Cream,1283.07,161,2023,7,Jul,18,Tuesday,0,Summer
2023-07-18,30.1,0.0,57.1,Sunny,Heating & Winter Apparel,322.6,5,2023,7,Jul,18,Tuesday,0,Summer
2023-07-18,30.1,0.0,57.1,Sunny,Hot Beverages & Soups,244.3,22,2023,7,Jul,18,Tuesday,0,Summer
2023-07-18,30.1,0.0,57.1,Sunny,Outdoor & Camping Gear,3801.13,44,2023,7,Jul,18,Tuesday,0,Summer
2023-07-18,30.1,0.0,57.1,Sunny,Rainwear & Umbrellas,670.17,24,2023,7,Jul,18,Tuesday,0,Summer
2023-07-19,34.4,0.0,48.7,Sunny,Cold Beverages & Ice Cream,1740.37,221,2023,7,Jul,19,Wednesday,0,Summer
2023-07-19,34.4,0.0,48.7,Sunny,Heating & Winter Apparel,1004.37,15,2023,7,Jul,19,Wednesday,0,Summer
2023-07-19,34.4,0.0,48.7,Sunny,Hot Beverages & Soups,63.77,5,2023,7,Jul,19,Wednesday,0,Summer
2023-07-19,34.4,0.0,48.7,Sunny,Outdoor & Camping Gear,2299.05,26,2023,7,Jul,19,Wednesday,0,Summer
2023-07-19,34.4,0.0,48.7,Sunny,Rainwear & Umbrellas,945.88,32,2023,7,Jul,19,Wednesday,0,Summer
2023-07-20,29.8,0.0,55.5,Sunny,Cold Beverages & Ice Cream,1354.25,159,2023,7,Jul,20,Thursday,0,Summer
2023-07-20,29.8,0.0,55.5,Sunny,Heating & Winter Apparel,521.64,8,2023,7,Jul,20,Thursday,0,Summer
2023-07-20,29.8,0.0,55.5,Sunny,Hot Beverages & Soups,508.63,42,2023,7,Jul,20,Thursday,0,Summer
2023-07-20,29.8,0.0,55.5,Sunny,Outdoor & Camping Gear,4434.05,51,2023,7,Jul,20,Thursday,0,Summer
2023-07-20,29.8,0.0,55.5,Sunny,Rainwear & Umbrellas,630.19,22,2023,7,Jul,20,Thursday,0,Summer
2023-07-21,25.3,10.4,53.9,Rainy,Cold Beverages & Ice Cream,953.39,117,2023,7,Jul,21,Friday,0,Summer
2023-07-21,25.3,2.0,53.9,Rainy,Heating & Winter Apparel,302.67,5,2023,7,Jul,21,Friday,0,Summer
2023-07-21,25.3,2.0,53.9,Rainy,Hot Beverages & Soups,485.88,44,2023,7,Jul,21,Friday,0,Summer
2023-07-21,25.3,2.0,53.9,Rainy,Outdoor & Camping Gear,5319.43,64,2023,7,Jul,21,Friday,0,Summer
2023-07-21,25.3,2.0,53.9,Rainy,Rainwear & Umbrellas,6113.3,203,2023,7,Jul,21,Friday,0,Summer
2023-07-22,28.1,0.0,44.3,Sunny,Cold Beverages & Ice Cream,1632.27,184,2023,7,Jul,22,Saturday,1,Summer
2023-07-22,28.1,0.0,44.3,Sunny,Heating & Winter Apparel,691.19,10,2023,7,Jul,22,Saturday,1,Summer
2023-07-22,28.1,0.0,44.3,Sunny,Hot Beverages & Soups,444.98,36,2023,7,Jul,22,Saturday,1,Summer
2023-07-22,28.1,0.0,44.3,Sunny,Outdoor & Camping Gear,5663.16,69,2023,7,Jul,22,Saturday,1,Summer
2023-07-22,28.1,0.0,44.3,Sunny,Rainwear & Umbrellas,501.68,18,2023,7,Jul,22,Saturday,1,Summer
2023-07-23,25.7,0.0,53.5,Sunny,Cold Beverages & Ice Cream,1225.43,156,2023,7,Jul,23,Sunday,1,Summer
2023-07-23,25.7,0.0,53.5,Sunny,Heating & Winter Apparel,480.44,7,2023,7,Jul,23,Sunday,1,Summer
2023-07-23,25.7,0.0,53.5,Sunny,Hot Beverages & Soups,381.23,34,2023,7,Jul,23,Sunday,1,Summer
2023-07-23,25.7,0.0,53.5,Sunny,Outdoor & Camping Gear,7845.73,93,2023,7,Jul,23,Sunday,1,Summer
2023-07-23,25.7,0.0,53.5,Sunny,Rainwear & Umbrellas,446.12,15,2023,7,Jul,23,Sunday,1,Summer
2023-07-24,29.9,31.5,64.2,Rainy,Cold Beverages & Ice Cream,977.45,109,2023,7,Jul,24,Monday,0,Summer
2023-07-24,29.9,31.5,64.2,Rainy,Heating & Winter Apparel,745.09,11,2023,7,Jul,24,Monday,0,Summer
2023-07-24,29.9,31.5,64.2,Rainy,Hot Beverages & Soups,512.3,45,2023,7,Jul,24,Monday,0,Summer
2023-07-24,29.9,31.5,64.2,Rainy,Outdoor & Camping Gear,393.71,5,2023,7,Jul,24,Monday,0,Summer
2023-07-24,29.9,31.5,64.2,Rainy,Rainwear & Umbrellas,148693.88,5249,2023,7,Jul,24,Monday,0,Summer
2023-07-25,30.9,14.8,74.7,Rainy,Cold Beverages & Ice Cream,968.25,122,2023,7,Jul,25,Tuesday,0,Summer
2023-07-25,30.9,14.8,74.7,Rainy,Heating & Winter Apparel,584.94,9,2023,7,Jul,25,Tuesday,0,Summer
2023-07-25,30.9,14.8,74.7,Rainy,Hot Beverages & Soups,321.45,25,2023,7,Jul,25,Tuesday,0,Summer
2023-07-25,30.9,14.8,74.7,Rainy,Outdoor & Camping Gear,455.33,5,2023,7,Jul,25,Tuesday,0,Summer
2023-07-25,30.9,14.8,74.7,Rainy,Rainwear & Umbrellas,54020.33,2051,2023,7,Jul,25,Tuesday,0,Summer
2023-07-26,35.5,0.0,45.8,Sunny,Cold Beverages & Ice Cream,2065.61,244,2023,7,Jul,26,Wednesday,0,Summer
2023-07-26,35.5,0.0,45.8,Sunny,Heating & Winter Apparel,747.64,11,2023,7,Jul,26,Wednesday,0,Summer
2023-07-26,35.5,0.0,45.8,Sunny,Hot Beverages & Soups,299.37,26,2023,7,Jul,26,Wednesday,0,Summer
2023-07-26,35.5,0.0,45.8,Sunny,Outdoor & Camping Gear,882.84,11,2023,7,Jul,26,Wednesday,0,Summer
2023-07-26,35.5,0.0,45.8,Sunny,Rainwear & Umbrellas,572.61,19,2023,7,Jul,26,Wednesday,0,Summer
2023-07-27,31.7,0.0,53.7,Sunny,Cold Beverages & Ice Cream,1524.24,188,2023,7,Jul,27,Thursday,0,Summer
2023-07-27,31.7,0.0,53.7,Sunny,Heating & Winter Apparel,310.44,5,2023,7,Jul,27,Thursday,0,Summer
2023-07-27,31.7,0.0,53.7,Sunny,Hot Beverages & Soups,278.51,23,2023,7,Jul,27,Thursday,0,Summer
2023-07-27,31.7,0.0,53.7,Sunny,Outdoor & Camping Gear,3127.16,37,2023,7,Jul,27,Thursday,0,Summer
2023-07-27,31.7,0.0,53.7,Sunny,Rainwear & Umbrellas,522.79,20,2023,7,Jul,27,Thursday,0,Summer
2023-07-28,30.1,0.0,50.1,Sunny,Cold Beverages & Ice Cream,1630.37,179,2023,7,Jul,28,Friday,0,Summer
2023-07-28,30.1,0.0,50.1,Sunny,Heating & Winter Apparel,336.65,5,2023,7,Jul,28,Friday,0,Summer
2023-07-28,30.1,0.0,50.1,Sunny,Hot Beverages & Soups,228.94,20,2023,7,Jul,28,Friday,0,Summer
2023-07-28,30.1,0.0,50.1,Sunny,Outdoor & Camping Gear,3557.26,40,2023,7,Jul,28,Friday,0,Summer
2023-07-28,30.1,0.0,50.1,Sunny,Rainwear & Umbrellas,763.96,28,2023,7,Jul,28,Friday,0,Summer
2023-07-29,33.0,7.1,45.6,Rainy,Cold Beverages & Ice Cream,1467.78,163,2023,7,Jul,29,Saturday,1,Summer
2023-07-29,33.0,7.1,45.6,Rainy,Heating & Winter Apparel,682.16,11,2023,7,Jul,29,Saturday,1,Summer
2023-07-29,33.0,7.1,45.6,Rainy,Hot Beverages & Soups,520.32,45,2023,7,Jul,29,Saturday,1,Summer
2023-07-29,33.0,7.1,45.6,Rainy,Outdoor & Camping Gear,1033.38,13,2023,7,Jul,29,Saturday,1,Summer
2023-07-29,33.0,10.4,45.6,Rainy,Rainwear & Umbrellas,26422.61,921,2023,7,Jul,29,Saturday,1,Summer
2023-07-30,24.5,0.0,40.1,Sunny,Cold Beverages & Ice Cream,1212.85,153,2023,7,Jul,30,Sunday,1,Summer
2023-07-30,24.5,0.0,40.1,Sunny,Heating & Winter Apparel,555.42,9,2023,7,Jul,30,Sunday,1,Summer
2023-07-30,24.5,0.0,40.1,Sunny,Hot Beverages & Soups,390.67,34,2023,7,Jul,30,Sunday,1,Summer
2023-07-30,24.5,0.0,40.1,Sunny,Outdoor & Camping Gear,7059.18,79,2023,7,Jul,30,Sunday,1,Summer
2023-07-30,24.5,0.0,40.1,Sunny,Rainwear & Umbrellas,585.72,22,2023,7,Jul,30,Sunday,1,Summer
2023-07-31,31.3,3.1,56.6,Rainy,Cold Beverages & Ice Cream,1542.47,182,2023,7,Jul,31,Monday,0,Summer
2023-07-31,31.3,3.1,56.6,Rainy,Heating & Winter Apparel,341.34,5,2023,7,Jul,31,Monday,0,Summer
2023-07-31,31.3,3.1,56.6,Rainy,Hot Beverages & Soups,367.86,33,2023,7,Jul,31,Monday,0,Summer
2023-07-31,31.3,3.1,56.6,Rainy,Outdoor & Camping Gear,2212.98,25,2023,7,Jul,31,Monday,0,Summer
2023-07-31,31.3,3.1,56.6,Rainy,Rainwear & Umbrellas,8723.15,307,2023,7,Jul,31,Monday,0,Summer
2023-08-01,32.7,0.0,59.2,Sunny,Cold Beverages & Ice Cream,1666.59,188,2023,8,Aug,1,Tuesday,0,Summer
2023-08-01,32.7,0.0,59.2,Sunny,Heating & Winter Apparel,420.92,6,2023,8,Aug,1,Tuesday,0,Summer
2023-08-01,32.7,0.0,59.2,Sunny,Hot Beverages & Soups,346.69,27,2023,8,Aug,1,Tuesday,0,Summer
2023-08-01,32.7,0.0,59.2,Sunny,Outdoor & Camping Gear,3068.84,35,2023,8,Aug,1,Tuesday,0,Summer
2023-08-01,32.7,0.0,59.2,Sunny,Rainwear & Umbrellas,717.0,26,2023,8,Aug,1,Tuesday,0,Summer
2023-08-02,26.3,0.0,46.9,Sunny,Cold Beverages & Ice Cream,999.08,123,2023,8,Aug,2,Wednesday,0,Summer
2023-08-02,26.3,0.0,46.9,Sunny,Heating & Winter Apparel,474.09,7,2023,8,Aug,2,Wednesday,0,Summer
2023-08-02,26.3,0.0,46.9,Sunny,Hot Beverages & Soups,210.83,17,2023,8,Aug,2,Wednesday,0,Summer
2023-08-02,26.3,0.0,46.9,Sunny,Outdoor & Camping Gear,4570.21,56,2023,8,Aug,2,Wednesday,0,Summer
2023-08-02,26.3,0.0,46.9,Sunny,Rainwear & Umbrellas,750.53,26,2023,8,Aug,2,Wednesday,0,Summer
2023-08-03,33.6,0.0,38.0,Sunny,Cold Beverages & Ice Cream,1793.39,199,2023,8,Aug,3,Thursday,0,Summer
2023-08-03,33.6,0.0,38.0,Sunny,Heating & Winter Apparel,319.59,5,2023,8,Aug,3,Thursday,0,Summer
2023-08-03,33.6,0.0,38.0,Sunny,Hot Beverages & Soups,390.36,31,2023,8,Aug,3,Thursday,0,Summer
2023-08-03,33.6,0.0,38.0,Sunny,Outdoor & Camping Gear,2477.83,31,2023,8,Aug,3,Thursday,0,Summer
2023-08-03,33.6,0.0,38.0,Sunny,Rainwear & Umbrellas,773.97,26,2023,8,Aug,3,Thursday,0,Summer
2023-08-04,31.3,45.8,77.3,Stormy,Cold Beverages & Ice Cream,886.63,111,2023,8,Aug,4,Friday,0,Summer
2023-08-04,31.3,45.8,77.3,Stormy,Heating & Winter Apparel,915.92,15,2023,8,Aug,4,Friday,0,Summer
2023-08-04,31.3,45.8,77.3,Stormy,Hot Beverages & Soups,314.68,25,2023,8,Aug,4,Friday,0,Summer
2023-08-04,31.3,45.8,77.3,Stormy,Outdoor & Camping Gear,408.61,5,2023,8,Aug,4,Friday,0,Summer
2023-08-04,31.3,45.8,77.3,Stormy,Rainwear & Umbrellas,225064.36,8367,2023,8,Aug,4,Friday,0,Summer
2023-08-05,29.1,0.0,44.5,Sunny,Cold Beverages & Ice Cream,1611.74,200,2023,8,Aug,5,Saturday,1,Summer
2023-08-05,29.1,0.0,44.5,Sunny,Heating & Winter Apparel,334.76,5,2023,8,Aug,5,Saturday,1,Summer
2023-08-05,29.1,0.0,44.5,Sunny,Hot Beverages & Soups,494.66,43,2023,8,Aug,5,Saturday,1,Summer
2023-08-05,29.1,0.0,44.5,Sunny,Outdoor & Camping Gear,3602.77,45,2023,8,Aug,5,Saturday,1,Summer
2023-08-05,29.1,0.0,44.5,Sunny,Rainwear & Umbrellas,475.27,17,2023,8,Aug,5,Saturday,1,Summer
2023-08-06,32.0,14.5,54.6,Rainy,Cold Beverages & Ice Cream,1441.09,161,2023,8,Aug,6,Sunday,1,Summer
2023-08-06,32.0,14.5,54.6,Rainy,Heating & Winter Apparel,305.81,5,2023,8,Aug,6,Sunday,1,Summer
2023-08-06,32.0,14.5,54.6,Rainy,Hot Beverages & Soups,512.99,43,2023,8,Aug,6,Sunday,1,Summer
2023-08-06,32.0,14.5,54.6,Rainy,Outdoor & Camping Gear,655.96,8,2023,8,Aug,6,Sunday,1,Summer
2023-08-06,32.0,14.5,54.6,Rainy,Rainwear & Umbrellas,61775.4,2202,2023,8,Aug,6,Sunday,1,Summer
2023-08-07,36.5,0.0,51.6,Sunny,Cold Beverages & Ice Cream,2069.87,236,2023,8,Aug,7,Monday,0,Summer
2023-08-07,36.5,0.0,51.6,Sunny,Heating & Winter Apparel,313.86,5,2023,8,Aug,7,Monday,0,Summer
2023-08-07,36.5,0.0,51.6,Sunny,Hot Beverages & Soups,430.2,38,2023,8,Aug,7,Monday,0,Summer
2023-08-07,36.5,0.0,51.6,Sunny,Outdoor & Camping Gear,954.11,12,2023,8,Aug,7,Monday,0,Summer
2023-08-07,36.5,0.0,51.6,Sunny,Rainwear & Umbrellas,263.86,10,2023,8,Aug,7,Monday,0,Summer
2023-08-08,30.6,0.0,49.6,Sunny,Cold Beverages & Ice Cream,1490.79,178,2023,8,Aug,8,Tuesday,0,Summer
2023-08-08,30.6,0.0,49.6,Sunny,Heating & Winter Apparel,562.27,9,2023,8,Aug,8,Tuesday,0,Summer
2023-08-08,30.6,0.0,49.6,Sunny,Hot Beverages & Soups,383.94,33,2023,8,Aug,8,Tuesday,0,Summer
2023-08-08,30.6,0.0,49.6,Sunny,Outdoor & Camping Gear,2465.22,28,2023,8,Aug,8,Tuesday,0,Summer
2023-08-08,30.6,0.0,49.6,Sunny,Rainwear & Umbrellas,535.03,18,2023,8,Aug,8,Tuesday,0,Summer
2023-08-09,30.7,11.3,51.9,Rainy,Cold Beverages & Ice Cream,1056.59,122,2023,8,Aug,9,Wednesday,0,Summer
2023-08-09,30.7,11.3,51.9,Rainy,Heating & Winter Apparel,586.5,9,2023,8,Aug,9,Wednesday,0,Summer
2023-08-09,30.7,11.3,51.9,Rainy,Hot Beverages & Soups,523.52,45,2023,8,Aug,9,Wednesday,0,Summer
2023-08-09,30.7,11.3,51.9,Rainy,Outdoor & Camping Gear,553.74,7,2023,8,Aug,9,Wednesday,0,Summer
2023-08-09,30.7,11.3,51.9,Rainy,Rainwear & Umbrellas,42217.48,1474,2023,8,Aug,9,Wednesday,0,Summer
2023-08-10,28.6,0.0,54.6,Sunny,Cold Beverages & Ice Cream,1540.17,169,2023,8,Aug,10,Thursday,0,Summer
2023-08-10,28.6,0.0,54.6,Sunny,Heating & Winter Apparel,299.7,5,2023,8,Aug,10,Thursday,0,Summer
2023-08-10,28.6,0.0,54.6,Sunny,Hot Beverages & Soups,179.59,15,2023,8,Aug,10,Thursday,0,Summer
2023-08-10,28.6,0.0,54.6,Sunny,Outdoor & Camping Gear,3592.5,44,2023,8,Aug,10,Thursday,0,Summer
2023-08-10,28.6,0.0,54.6,Sunny,Rainwear & Umbrellas,970.28,37,2023,8,Aug,10,Thursday,0,Summer
2023-08-11,27.4,5.2,59.0,Rainy,Cold Beverages & Ice Cream,801.73,99,2023,8,Aug,11,Friday,0,Summer
2023-08-11,27.4,5.2,59.0,Rainy,Heating & Winter Apparel,528.05,8,2023,8,Aug,11,Friday,0,Summer
2023-08-11,27.4,5.2,59.0,Rainy,Hot Beverages & Soups,531.41,42,2023,8,Aug,11,Friday,0,Summer
2023-08-11,27.4,5.2,59.0,Rainy,Outdoor & Camping Gear,3068.55,35,2023,8,Aug,11,Friday,0,Summer
2023-08-11,27.4,5.2,59.0,Rainy,Rainwear & Umbrellas,15672.92,579,2023,8,Aug,11,Friday,0,Summer
2023-08-12,32.0,0.0,47.2,Sunny,Cold Beverages & Ice Cream,2124.52,238,2023,8,Aug,12,Saturday,1,Summer
2023-08-12,32.0,0.0,47.2,Sunny,Heating & Winter Apparel,489.98,8,2023,8,Aug,12,Saturday,1,Summer
2023-08-12,32.0,0.0,47.2,Sunny,Hot Beverages & Soups,317.92,26,2023,8,Aug,12,Saturday,1,Summer
2023-08-12,32.0,0.0,47.2,Sunny,Outdoor & Camping Gear,4446.12,49,2023,8,Aug,12,Saturday,1,Summer
2023-08-12,32.0,0.0,47.2,Sunny,Rainwear & Umbrellas,741.12,27,2023,8,Aug,12,Saturday,1,Summer
2023-08-13,27.2,0.0,52.2,Sunny,Cold Beverages & Ice Cream,1480.76,172,2023,8,Aug,13,Sunday,1,Summer
2023-08-13,27.2,0.0,52.2,Sunny,Heating & Winter Apparel,369.6,6,2023,8,Aug,13,Sunday,1,Summer
2023-08-13,27.2,0.0,52.2,Sunny,Hot Beverages & Soups,374.2,30,2023,8,Aug,13,Sunday,1,Summer
2023-08-13,27.2,0.0,52.2,Sunny,Outdoor & Camping Gear,6657.88,79,2023,8,Aug,13,Sunday,1,Summer
2023-08-13,27.2,0.0,52.2,Sunny,Rainwear & Umbrellas,969.04,33,2023,8,Aug,13,Sunday,1,Summer
2023-08-14,29.7,0.0,53.7,Sunny,Cold Beverages & Ice Cream,1372.16,170,2023,8,Aug,14,Monday,0,Summer
2023-08-14,29.7,0.0,53.7,Sunny,Heating & Winter Apparel,308.54,5,2023,8,Aug,14,Monday,0,Summer
2023-08-14,29.7,0.0,53.7,Sunny,Hot Beverages & Soups,177.84,16,2023,8,Aug,14,Monday,0,Summer
2023-08-14,29.7,0.0,53.7,Sunny,Outdoor & Camping Gear,3878.58,49,2023,8,Aug,14,Monday,0,Summer
2023-08-14,29.7,0.0,53.7,Sunny,Rainwear & Umbrellas,416.73,14,2023,8,Aug,14,Monday,0,Summer
2023-08-15,28.0,0.0,53.8,Sunny,Cold Beverages & Ice Cream,1329.02,152,2023,8,Aug,15,Tuesday,0,Summer
2023-08-15,28.0,0.0,53.8,Sunny,Heating & Winter Apparel,311.41,5,2023,8,Aug,15,Tuesday,0,Summer
2023-08-15,28.0,0.0,53.8,Sunny,Hot Beverages & Soups,266.58,21,2023,8,Aug,15,Tuesday,0,Summer
2023-08-15,28.0,0.0,53.8,Sunny,Outdoor & Camping Gear,3810.19,47,2023,8,Aug,15,Tuesday,0,Summer
2023-08-15,28.0,0.0,53.8,Sunny,Rainwear & Umbrellas,898.8,34,2023,8,Aug,15,Tuesday,0,Summer
2023-08-16,30.6,83.3,98.5,Stormy,Cold Beverages & Ice Cream,1139.32,126,2023,8,Aug,16,Wednesday,0,Summer
2023-08-16,30.6,83.3,98.5,Stormy,Heating & Winter Apparel,329.02,5,2023,8,Aug,16,Wednesday,0,Summer
2023-08-16,30.6,83.3,98.5,Stormy,Hot Beverages & Soups,181.38,14,2023,8,Aug,16,Wednesday,0,Summer
2023-08-16,30.6,83.3,98.5,Stormy,Outdoor & Camping Gear,608.96,7,2023,8,Aug,16,Wednesday,0,Summer
2023-08-16,30.6,83.3,98.5,Stormy,Rainwear & Umbrellas,486113.91,17638,2023,8,Aug,16,Wednesday,0,Summer
2023-08-17,30.1,0.0,59.5,Sunny,Cold Beverages & Ice Cream,1481.6,163,2023,8,Aug,17,Thursday,0,Summer
2023-08-17,30.1,0.0,59.5,Sunny,Heating & Winter Apparel,330.18,5,2023,8,Aug,17,Thursday,0,Summer
2023-08-17,30.1,0.0,59.5,Sunny,Hot Beverages & Soups,157.13,13,2023,8,Aug,17,Thursday,0,Summer
2023-08-17,30.1,0.0,59.5,Sunny,Outdoor & Camping Gear,3234.23,40,2023,8,Aug,17,Thursday,0,Summer
2023-08-17,30.1,0.0,59.5,Sunny,Rainwear & Umbrellas,729.72,25,2023,8,Aug,17,Thursday,0,Summer
2023-08-18,31.9,0.0,53.2,Sunny,Cold Beverages & Ice Cream,1703.56,190,2023,8,Aug,18,Friday,0,Summer
2023-08-18,31.9,0.0,53.2,Sunny,Heating & Winter Apparel,317.78,5,2023,8,Aug,18,Friday,0,Summer
2023-08-18,31.9,0.0,53.2,Sunny,Hot Beverages & Soups,265.34,23,2023,8,Aug,18,Friday,0,Summer
2023-08-18,31.9,0.0,53.2,Sunny,Outdoor & Camping Gear,2060.6,26,2023,8,Aug,18,Friday,0,Summer
2023-08-18,31.9,0.0,53.2,Sunny,Rainwear & Umbrellas,550.63,21,2023,8,Aug,18,Friday,0,Summer
2023-08-19,27.5,0.0,48.3,Sunny,Cold Beverages & Ice Cream,1654.59,184,2023,8,Aug,19,Saturday,1,Summer
2023-08-19,27.5,0.0,48.3,Sunny,Heating & Winter Apparel,399.48,6,2023,8,Aug,19,Saturday,1,Summer
2023-08-19,27.5,0.0,48.3,Sunny,Hot Beverages & Soups,443.85,37,2023,8,Aug,19,Saturday,1,Summer
2023-08-19,27.5,0.0,48.3,Sunny,Outdoor & Camping Gear,5797.43,73,2023,8,Aug,19,Saturday,1,Summer
2023-08-19,27.5,0.0,48.3,Sunny,Rainwear & Umbrellas,716.22,26,2023,8,Aug,19,Saturday,1,Summer
2023-08-20,28.0,0.0,48.1,Sunny,Cold Beverages & Ice Cream,1831.36,202,2023,8,Aug,20,Sunday,1,Summer
2023-08-20,28.0,0.0,48.1,Sunny,Heating & Winter Apparel,339.17,5,2023,8,Aug,20,Sunday,1,Summer
2023-08-20,28.0,0.0,48.1,Sunny,Hot Beverages & Soups,353.57,30,2023,8,Aug,20,Sunday,1,Summer
2023-08-20,28.0,0.0,48.1,Sunny,Outdoor & Camping Gear,7965.74,89,2023,8,Aug,20,Sunday,1,Summer
2023-08-20,28.0,0.0,48.1,Sunny,Rainwear & Umbrellas,814.26,27,2023,8,Aug,20,Sunday,1,Summer
2023-08-21,25.9,4.2,50.9,Rainy,Cold Beverages & Ice Cream,1079.9,132,2023,8,Aug,21,Monday,0,Summer
2023-08-21,25.9,4.2,50.9,Rainy,Heating & Winter Apparel,333.18,5,2023,8,Aug,21,Monday,0,Summer
2023-08-21,25.9,4.2,50.9,Rainy,Hot Beverages & Soups,428.08,37,2023,8,Aug,21,Monday,0,Summer
2023-08-21,25.9,4.2,50.9,Rainy,Outdoor & Camping Gear,3814.97,46,2023,8,Aug,21,Monday,0,Summer
2023-08-21,25.9,4.2,50.9,Rainy,Rainwear & Umbrellas,12107.7,443,2023,8,Aug,21,Monday,0,Summer
2023-08-22,27.3,0.0,55.4,Sunny,Cold Beverages & Ice Cream,1258.87,141,2023,8,Aug,22,Tuesday,0,Summer
2023-08-22,27.3,0.0,55.4,Sunny,Heating & Winter Apparel,428.42,7,2023,8,Aug,22,Tuesday,0,Summer
2023-08-22,27.3,0.0,55.4,Sunny,Hot Beverages & Soups,229.42,18,2023,8,Aug,22,Tuesday,0,Summer
2023-08-22,27.3,0.0,55.4,Sunny,Outdoor & Camping Gear,3531.51,43,2023,8,Aug,22,Tuesday,0,Summer
2023-08-22,27.3,0.0,55.4,Sunny,Rainwear & Umbrellas,788.46,27,2023,8,Aug,22,Tuesday,0,Summer
2023-08-23,29.5,0.0,46.4,Sunny,Cold Beverages & Ice Cream,1107.6,141,2023,8,Aug,23,Wednesday,0,Summer
2023-08-23,29.5,0.0,46.4,Sunny,Heating & Winter Apparel,346.39,5,2023,8,Aug,23,Wednesday,0,Summer
2023-08-23,29.5,0.0,46.4,Sunny,Hot Beverages & Soups,313.08,28,2023,8,Aug,23,Wednesday,0,Summer
2023-08-23,29.5,0.0,46.4,Sunny,Outdoor & Camping Gear,3070.67,38,2023,8,Aug,23,Wednesday,0,Summer
2023-08-23,29.5,0.0,46.4,Sunny,Rainwear & Umbrellas,478.98,18,2023,8,Aug,23,Wednesday,0,Summer
2023-08-24,30.4,7.4,52.1,Rainy,Cold Beverages & Ice Cream,1112.06,129,2023,8,Aug,24,Thursday,0,Summer
2023-08-24,30.4,7.4,52.1,Rainy,Heating & Winter Apparel,323.63,5,2023,8,Aug,24,Thursday,0,Summer
2023-08-24,30.4,7.4,52.1,Rainy,Hot Beverages & Soups,286.73,25,2023,8,Aug,24,Thursday,0,Summer
2023-08-24,30.4,7.4,52.1,Rainy,Outdoor & Camping Gear,2260.49,27,2023,8,Aug,24,Thursday,0,Summer
2023-08-24,30.4,7.4,52.1,Rainy,Rainwear & Umbrellas,25882.12,879,2023,8,Aug,24,Thursday,0,Summer
2023-08-25,25.5,0.0,58.9,Sunny,Cold Beverages & Ice Cream,1150.16,130,2023,8,Aug,25,Friday,0,Summer
2023-08-25,25.5,0.0,58.9,Sunny,Heating & Winter Apparel,306.6,5,2023,8,Aug,25,Friday,0,Summer
2023-08-25,25.5,0.0,58.9,Sunny,Hot Beverages & Soups,412.0,36,2023,8,Aug,25,Friday,0,Summer
2023-08-25,25.5,0.0,58.9,Sunny,Outdoor & Camping Gear,5361.12,59,2023,8,Aug,25,Friday,0,Summer
2023-08-25,25.5,0.0,58.9,Sunny,Rainwear & Umbrellas,592.29,21,2023,8,Aug,25,Friday,0,Summer
2023-08-26,30.4,13.4,60.0,Rainy,Cold Beverages & Ice Cream,1237.55,155,2023,8,Aug,26,Saturday,1,Summer
2023-08-26,30.4,13.4,60.0,Rainy,Heating & Winter Apparel,322.66,5,2023,8,Aug,26,Saturday,1,Summer
2023-08-26,30.4,13.4,60.0,Rainy,Hot Beverages & Soups,653.29,56,2023,8,Aug,26,Saturday,1,Summer
2023-08-26,30.4,13.4,60.0,Rainy,Outdoor & Camping Gear,822.79,9,2023,8,Aug,26,Saturday,1,Summer
2023-08-26,30.4,13.4,60.0,Rainy,Rainwear & Umbrellas,58488.16,1993,2023,8,Aug,26,Saturday,1,Summer
2023-08-27,31.6,0.0,57.4,Sunny,Cold Beverages & Ice Cream,2041.34,231,2023,8,Aug,27,Sunday,1,Summer
2023-08-27,31.6,0.0,57.4,Sunny,Heating & Winter Apparel,937.5,14,2023,8,Aug,27,Sunday,1,Summer
2023-08-27,31.6,0.0,54.2,Sunny,Hot Beverages & Soups,424.49,36,2023,8,Aug,27,Sunday,1,Summer
2023-08-27,31.6,0.0,57.4,Sunny,Outdoor & Camping Gear,4206.92,46,2023,8,Aug,27,Sunday,1,Summer
2023-08-27,31.6,0.0,57.4,Sunny,Rainwear & Umbrellas,746.34,27,2023,8,Aug,27,Sunday,1,Summer
2023-08-28,28.9,0.0,55.8,Sunny,Cold Beverages & Ice Cream,1428.8,162,2023,8,Aug,28,Monday,0,Summer
2023-08-28,28.9,0.0,55.8,Sunny,Heating & Winter Apparel,487.59,8,2023,8,Aug,28,Monday,0,Summer
2023-08-28,28.9,0.0,55.8,Sunny,Hot Beverages & Soups,347.93,30,2023,8,Aug,28,Monday,0,Summer
2023-08-28,28.9,0.0,55.8,Sunny,Outdoor & Camping Gear,3434.15,40,2023,8,Aug,28,Monday,0,Summer
2023-08-28,28.9,0.0,55.8,Sunny,Rainwear & Umbrellas,839.77,31,2023,8,Aug,28,Monday,0,Summer
2023-08-29,32.8,0.0,41.4,Sunny,Cold Beverages & Ice Cream,1762.77,197,2023,8,Aug,29,Tuesday,0,Summer
2023-08-29,32.8,0.0,41.4,Sunny,Heating & Winter Apparel,350.27,5,2023,8,Aug,29,Tuesday,0,Summer
2023-08-29,32.8,0.0,41.4,Sunny,Hot Beverages & Soups,181.21,15,2023,8,Aug,29,Tuesday,0,Summer
2023-08-29,32.8,0.0,41.4,Sunny,Outdoor & Camping Gear,1264.98,16,2023,8,Aug,29,Tuesday,0,Summer
2023-08-29,32.8,0.0,41.4,Sunny,Rainwear & Umbrellas,729.69,27,2023,8,Aug,29,Tuesday,0,Summer
2023-08-30,25.2,27.8,69.5,Rainy,Cold Beverages & Ice Cream,657.66,79,2023,8,Aug,30,Wednesday,0,Summer
2023-08-30,25.2,27.8,69.5,Rainy,Heating & Winter Apparel,376.27,6,2023,8,Aug,30,Wednesday,0,Summer
2023-08-30,25.2,27.8,69.5,Rainy,Hot Beverages & Soups,466.65,38,2023,8,Aug,30,Wednesday,0,Summer
2023-08-30,25.2,27.8,69.5,Rainy,Outdoor & Camping Gear,437.96,5,2023,8,Aug,30,Wednesday,0,Summer
2023-08-30,25.2,27.8,69.5,Rainy,Rainwear & Umbrellas,130650.41,4501,2023,8,Aug,30,Wednesday,0,Summer
2023-08-31,23.8,17.6,70.6,Rainy,Cold Beverages & Ice Cream,487.27,62,2023,8,Aug,31,Thursday,0,Summer
2023-08-31,23.8,17.6,70.6,Rainy,Heating & Winter Apparel,334.71,5,2023,8,Aug,31,Thursday,0,Summer
2023-08-31,23.8,17.6,70.6,Rainy,Hot Beverages & Soups,453.61,38,2023,8,Aug,31,Thursday,0,Summer
2023-08-31,23.8,17.6,70.6,Rainy,Outdoor & Camping Gear,395.12,5,2023,8,Aug,31,Thursday,0,Summer
2023-08-31,23.8,17.6,70.6,Rainy,Rainwear & Umbrellas,73335.06,2536,2023,8,Aug,31,Thursday,0,Summer
2023-09-01,22.1,0.0,45.4,Sunny,Cold Beverages & Ice Cream,649.65,74,2023,9,Sep,1,Friday,0,Fall
2023-09-01,22.1,0.0,45.4,Sunny,Heating & Winter Apparel,307.14,5,2023,9,Sep,1,Friday,0,Fall
2023-09-01,22.1,0.0,45.4,Sunny,Hot Beverages & Soups,663.94,55,2023,9,Sep,1,Friday,0,Fall
2023-09-01,22.1,0.0,45.4,Sunny,Outdoor & Camping Gear,4184.45,48,2023,9,Sep,1,Friday,0,Fall
2023-09-01,22.1,0.0,45.4,Sunny,Rainwear & Umbrellas,886.94,31,2023,9,Sep,1,Friday,0,Fall
2023-09-02,31.1,0.0,52.5,Sunny,Cold Beverages & Ice Cream,1955.15,225,2023,9,Sep,2,Saturday,1,Fall
2023-09-02,31.1,0.0,52.5,Sunny,Heating & Winter Apparel,426.41,7,2023,9,Sep,2,Saturday,1,Fall
2023-09-02,31.1,0.0,52.5,Sunny,Hot Beverages & Soups,329.6,29,2023,9,Sep,2,Saturday,1,Fall
2023-09-02,31.1,0.0,52.5,Sunny,Outdoor & Camping Gear,4234.12,54,2023,9,Sep,2,Saturday,1,Fall
2023-09-02,31.1,0.0,52.5,Sunny,Rainwear & Umbrellas,961.94,33,2023,9,Sep,2,Saturday,1,Fall
2023-09-03,28.6,0.0,50.5,Sunny,Cold Beverages & Ice Cream,1567.1,198,2023,9,Sep,3,Sunday,1,Fall
2023-09-03,28.6,0.0,50.5,Sunny,Heating & Winter Apparel,661.28,11,2023,9,Sep,3,Sunday,1,Fall
2023-09-03,28.6,0.0,50.5,Sunny,Hot Beverages & Soups,323.81,27,2023,9,Sep,3,Sunday,1,Fall
2023-09-03,28.6,0.0,50.5,Sunny,Outdoor & Camping Gear,5153.15,64,2023,9,Sep,3,Sunday,1,Fall
2023-09-03,28.6,0.0,50.5,Sunny,Rainwear & Umbrellas,444.89,15,2023,9,Sep,3,Sunday,1,Fall
2023-09-04,26.4,0.0,40.2,Sunny,Cold Beverages & Ice Cream,1109.37,127,2023,9,Sep,4,Monday,0,Fall
2023-09-04,26.4,0.0,40.2,Sunny,Heating & Winter Apparel,344.51,5,2023,9,Sep,4,Monday,0,Fall
2023-09-04,26.4,0.0,40.2,Sunny,Hot Beverages & Soups,267.65,22,2023,9,Sep,4,Monday,0,Fall
2023-09-04,26.4,0.0,40.2,Sunny,Outdoor & Camping Gear,4619.25,56,2023,9,Sep,4,Monday,0,Fall
2023-09-04,26.4,0.0,40.2,Sunny,Rainwear & Umbrellas,757.08,29,2023,9,Sep,4,Monday,0,Fall
2023-09-05,27.2,0.0,52.1,Sunny,Cold Beverages & Ice Cream,1253.0,149,2023,9,Sep,5,Tuesday,0,Fall
2023-09-05,27.2,0.0,52.1,Sunny,Heating & Winter Apparel,525.41,8,2023,9,Sep,5,Tuesday,0,Fall
2023-09-05,27.2,0.0,52.1,Sunny,Hot Beverages & Soups,107.29,9,2023,9,Sep,5,Tuesday,0,Fall
2023-09-05,27.2,0.0,52.1,Sunny,Outdoor & Camping Gear,5770.13,68,2023,9,Sep,5,Tuesday,0,Fall
2023-09-05,27.2,0.0,52.1,Sunny,Rainwear & Umbrellas,468.61,18,2023,9,Sep,5,Tuesday,0,Fall
2023-09-06,23.1,1.9,48.8,Rainy,Cold Beverages & Ice Cream,938.7,111,2023,9,Sep,6,Wednesday,0,Fall
2023-09-06,23.1,1.9,48.8,Rainy,Heating & Winter Apparel,972.03,14,2023,9,Sep,6,Wednesday,0,Fall
2023-09-06,23.1,1.9,48.8,Rainy,Hot Beverages & Soups,554.35,44,2023,9,Sep,6,Wednesday,0,Fall
2023-09-06,23.1,1.9,48.8,Rainy,Outdoor & Camping Gear,5037.74,56,2023,9,Sep,6,Wednesday,0,Fall
2023-09-06,23.1,1.9,48.8,Rainy,Rainwear & Umbrellas,5380.82,183,2023,9,Sep,6,Wednesday,0,Fall
2023-09-07,32.9,0.0,41.5,Sunny,Cold Beverages & Ice Cream,1604.38,201,2023,9,Sep,7,Thursday,0,Fall
2023-09-07,32.9,0.0,41.5,Sunny,Heating & Winter Apparel,325.95,5,2023,9,Sep,7,Thursday,0,Fall
2023-09-07,32.9,0.0,41.5,Sunny,Hot Beverages & Soups,358.22,32,2023,9,Sep,7,Thursday,0,Fall
2023-09-07,32.9,0.0,41.5,Sunny,Outdoor & Camping Gear,1667.07,19,2023,9,Sep,7,Thursday,0,Fall
2023-09-07,32.9,0.0,41.5,Sunny,Rainwear & Umbrellas,614.87,22,2023,9,Sep,7,Thursday,0,Fall
2023-09-08,26.3,0.0,51.7,Sunny,Cold Beverages & Ice Cream,1151.51,135,2023,9,Sep,8,Friday,0,Fall
2023-09-08,26.3,0.0,51.7,Sunny,Heating & Winter Apparel,486.2,7,2023,9,Sep,8,Friday,0,Fall
2023-09-08,26.3,0.0,51.7,Sunny,Hot Beverages & Soups,386.99,35,2023,9,Sep,8,Friday,0,Fall
2023-09-08,26.3,0.0,51.7,Sunny,Outdoor & Camping Gear,4699.14,52,2023,9,Sep,8,Friday,0,Fall
2023-09-08,26.3,0.0,51.7,Sunny,Rainwear & Umbrellas,1082.24,42,2023,9,Sep,8,Friday,0,Fall
2023-09-09,26.0,0.0,39.2,Sunny,Cold Beverages & Ice Cream,1305.5,162,2023,9,Sep,9,Saturday,1,Fall
2023-09-09,26.0,0.0,39.2,Sunny,Heating & Winter Apparel,350.77,5,2023,9,Sep,9,Saturday,1,Fall
2023-09-09,26.0,0.0,39.2,Sunny,Hot Beverages & Soups,213.99,17,2023,9,Sep,9,Saturday,1,Fall
2023-09-09,26.0,0.0,39.2,Sunny,Outdoor & Camping Gear,6457.28,82,2023,9,Sep,9,Saturday,1,Fall
2023-09-09,26.0,0.0,39.2,Sunny,Rainwear & Umbrellas,943.1,36,2023,9,Sep,9,Saturday,1,Fall
2023-09-10,27.6,0.0,46.8,Sunny,Cold Beverages & Ice Cream,1566.6,197,2023,9,Sep,10,Sunday,1,Fall
2023-09-10,27.6,0.0,46.8,Sunny,Heating & Winter Apparel,491.02,8,2023,9,Sep,10,Sunday,1,Fall
2023-09-10,27.6,0.0,46.8,Sunny,Hot Beverages & Soups,378.84,30,2023,9,Sep,10,Sunday,1,Fall
2023-09-10,27.6,0.0,46.8,Sunny,Outdoor & Camping Gear,6560.44,72,2023,9,Sep,10,Sunday,1,Fall
2023-09-10,27.6,0.0,46.8,Sunny,Rainwear & Umbrellas,1000.3,34,2023,9,Sep,10,Sunday,1,Fall
2023-09-11,26.7,0.0,68.1,Sunny,Cold Beverages & Ice Cream,1207.78,135,2023,9,Sep,11,Monday,0,Fall
2023-09-11,26.7,0.0,68.1,Sunny,Heating & Winter Apparel,320.96,5,2023,9,Sep,11,Monday,0,Fall
2023-09-11,26.7,0.0,68.1,Sunny,Hot Beverages & Soups,215.08,18,2023,9,Sep,11,Monday,0,Fall
2023-09-11,26.7,0.0,68.1,Sunny,Outdoor & Camping Gear,5648.5,62,2023,9,Sep,11,Monday,0,Fall
2023-09-11,26.7,0.0,68.1,Sunny,Rainwear & Umbrellas,747.55,28,2023,9,Sep,11,Monday,0,Fall
2023-09-12,25.8,0.0,56.1,Sunny,Cold Beverages & Ice Cream,869.8,108,2023,9,Sep,12,Tuesday,0,Fall
2023-09-12,25.8,0.0,56.1,Sunny,Heating & Winter Apparel,345.45,5,2023,9,Sep,12,Tuesday,0,Fall
2023-09-12,25.8,0.0,56.1,Sunny,Hot Beverages & Soups,194.33,17,2023,9,Sep,12,Tuesday,0,Fall
2023-09-12,25.8,0.0,56.1,Sunny,Outdoor & Camping Gear,6101.6,71,2023,9,Sep,12,Tuesday,0,Fall
2023-09-12,25.8,0.0,56.1,Sunny,Rainwear & Umbrellas,558.56,21,2023,9,Sep,12,Tuesday,0,Fall
2023-09-13,22.8,76.7,97.2,Stormy,Cold Beverages & Ice Cream,680.78,78,2023,9,Sep,13,Wednesday,0,Fall
2023-09-13,22.8,76.7,97.2,Stormy,Heating & Winter Apparel,479.45,8,2023,9,Sep,13,Wednesday,0,Fall
2023-09-13,22.8,76.7,97.2,Stormy,Hot Beverages & Soups,797.5,67,2023,9,Sep,13,Wednesday,0,Fall
2023-09-13,22.8,76.7,97.2,Stormy,Outdoor & Camping Gear,976.56,11,2023,9,Sep,13,Wednesday,0,Fall
2023-09-13,22.8,76.7,97.2,Stormy,Rainwear & Umbrellas,471158.67,15911,2023,9,Sep,13,Wednesday,0,Fall
2023-09-14,26.1,0.0,60.9,Sunny,Cold Beverages & Ice Cream,998.2,123,2023,9,Sep,14,Thursday,0,Fall
2023-09-14,26.1,0.0,60.9,Sunny,Heating & Winter Apparel,364.05,6,2023,9,Sep,14,Thursday,0,Fall
2023-09-14,26.1,0.0,60.9,Sunny,Hot Beverages & Soups,331.46,30,2023,9,Sep,14,Thursday,0,Fall
2023-09-14,26.1,0.0,60.9,Sunny,Outdoor & Camping Gear,4700.01,54,2023,9,Sep,14,Thursday,0,Fall
2023-09-14,26.1,0.0,60.9,Sunny,Rainwear & Umbrellas,784.15,28,2023,9,Sep,14,Thursday,0,Fall
2023-09-15,29.9,0.0,43.8,Sunny,Cold Beverages & Ice Cream,1471.8,169,2023,9,Sep,15,Friday,0,Fall
2023-09-15,29.9,0.0,43.8,Sunny,Heating & Winter Apparel,772.27,12,2023,9,Sep,15,Friday,0,Fall
2023-09-15,29.9,0.0,43.8,Sunny,Hot Beverages & Soups,158.48,14,2023,9,Sep,15,Friday,0,Fall
2023-09-15,29.9,0.0,43.8,Sunny,Outdoor & Camping Gear,2926.12,36,2023,9,Sep,15,Friday,0,Fall
2023-09-15,29.9,0.0,43.8,Sunny,Rainwear & Umbrellas,563.42,21,2023,9,Sep,15,Friday,0,Fall
2023-09-16,28.2,0.0,47.3,Sunny,Cold Beverages & Ice Cream,1588.68,179,2023,9,Sep,16,Saturday,1,Fall
2023-09-16,28.2,0.0,54.2,Sunny,Heating & Winter Apparel,350.32,5,2023,9,Sep,16,Saturday,1,Fall
2023-09-16,28.2,0.0,47.3,Sunny,Hot Beverages & Soups,289.48,26,2023,9,Sep,16,Saturday,1,Fall
2023-09-16,28.2,0.0,47.3,Sunny,Outdoor & Camping Gear,6028.42,70,2023,9,Sep,16,Saturday,1,Fall
2023-09-16,28.2,0.0,47.3,Sunny,Rainwear & Umbrellas,861.1,29,2023,9,Sep,16,Saturday,1,Fall
2023-09-17,28.7,15.6,53.4,Rainy,Cold Beverages & Ice Cream,1040.67,125,2023,9,Sep,17,Sunday,1,Fall
2023-09-17,28.7,15.6,53.4,Rainy,Heating & Winter Apparel,308.51,5,2023,9,Sep,17,Sunday,1,Fall
2023-09-17,28.7,15.6,53.4,Rainy,Hot Beverages & Soups,568.89,49,2023,9,Sep,17,Sunday,1,Fall
2023-09-17,28.7,15.6,53.4,Rainy,Outdoor & Camping Gear,430.34,5,2023,9,Sep,17,Sunday,1,Fall
2023-09-17,28.7,15.6,53.4,Rainy,Rainwear & Umbrellas,72463.58,2410,2023,9,Sep,17,Sunday,1,Fall
2023-09-18,22.6,4.3,57.6,Rainy,Cold Beverages & Ice Cream,745.37,93,2023,9,Sep,18,Monday,0,Fall
2023-09-18,22.6,4.3,57.6,Rainy,Heating & Winter Apparel,303.9,5,2023,9,Sep,18,Monday,0,Fall
2023-09-18,22.6,4.3,57.6,Rainy,Hot Beverages & Soups,586.93,50,2023,9,Sep,18,Monday,0,Fall
2023-09-18,22.6,4.3,57.6,Rainy,Outdoor & Camping Gear,3070.48,37,2023,9,Sep,18,Monday,0,Fall
2023-09-18,22.6,4.3,57.6,Rainy,Rainwear & Umbrellas,12010.29,456,2023,9,Sep,18,Monday,0,Fall
2023-09-19,21.0,0.0,62.7,Sunny,Cold Beverages & Ice Cream,710.98,86,2023,9,Sep,19,Tuesday,0,Fall
2023-09-19,21.0,0.0,62.7,Sunny,Heating & Winter Apparel,339.02,5,2023,9,Sep,19,Tuesday,0,Fall
2023-09-19,21.0,0.0,62.7,Sunny,Hot Beverages & Soups,687.03,54,2023,9,Sep,19,Tuesday,0,Fall
2023-09-19,21.0,0.0,62.7,Sunny,Outdoor & Camping Gear,6100.62,77,2023,9,Sep,19,Tuesday,0,Fall
2023-09-19,21.0,0.0,62.7,Sunny,Rainwear & Umbrellas,828.73,28,2023,9,Sep,19,Tuesday,0,Fall
2023-09-20,23.3,14.0,55.5,Rainy,Cold Beverages & Ice Cream,611.6,67,2023,9,Sep,20,Wednesday,0,Fall
2023-09-20,23.3,14.0,55.5,Rainy,Heating & Winter Apparel,342.88,5,2023,9,Sep,20,Wednesday,0,Fall
2023-09-20,23.3,14.0,55.5,Rainy,Hot Beverages & Soups,719.0,58,2023,9,Sep,20,Wednesday,0,Fall
2023-09-20,23.3,14.0,55.5,Rainy,Outdoor & Camping Gear,1341.31,15,2023,9,Sep,20,Wednesday,0,Fall
2023-09-20,23.3,14.0,55.5,Rainy,Rainwear & Umbrellas,56059.07,1922,2023,9,Sep,20,Wednesday,0,Fall
2023-09-21,23.6,0.0,39.4,Sunny,Cold Beverages & Ice Cream,739.63,94,2023,9,Sep,21,Thursday,0,Fall
2023-09-21,23.6,0.0,39.4,Sunny,Heating & Winter Apparel,399.05,6,2023,9,Sep,21,Thursday,0,Fall
2023-09-21,23.6,0.0,39.4,Sunny,Hot Beverages & Soups,603.31,47,2023,9,Sep,21,Thursday,0,Fall
2023-09-21,23.6,0.0,39.4,Sunny,Outdoor & Camping Gear,6532.15,73,2023,9,Sep,21,Thursday,0,Fall
2023-09-21,23.6,0.0,39.4,Sunny,Rainwear & Umbrellas,369.99,14,2023,9,Sep,21,Thursday,0,Fall
2023-09-22,26.3,0.0,58.8,Sunny,Cold Beverages & Ice Cream,1131.22,136,2023,9,Sep,22,Friday,0,Fall
2023-09-22,26.3,0.0,58.8,Sunny,Heating & Winter Apparel,326.54,5,2023,9,Sep,22,Friday,0,Fall
2023-09-22,26.3,0.0,58.8,Sunny,Hot Beverages & Soups,301.28,25,2023,9,Sep,22,Friday,0,Fall
2023-09-22,26.3,0.0,58.8,Sunny,Outdoor & Camping Gear,4802.35,54,2023,9,Sep,22,Friday,0,Fall
2023-09-22,26.3,0.0,58.8,Sunny,Rainwear & Umbrellas,1136.64,38,2023,9,Sep,22,Friday,0,Fall
2023-09-23,18.3,0.0,65.0,Sunny,Cold Beverages & Ice Cream,757.39,90,2023,9,Sep,23,Saturday,1,Fall
2023-09-23,18.3,0.0,65.0,Sunny,Heating & Winter Apparel,795.09,12,2023,9,Sep,23,Saturday,1,Fall
2023-09-23,18.3,0.0,65.0,Sunny,Hot Beverages & Soups,1149.96,95,2023,9,Sep,23,Saturday,1,Fall
2023-09-23,18.3,0.0,65.0,Sunny,Outdoor & Camping Gear,8221.06,95,2023,9,Sep,23,Saturday,1,Fall
2023-09-23,18.3,0.0,65.0,Sunny,Rainwear & Umbrellas,803.01,30,2023,9,Sep,23,Saturday,1,Fall
2023-09-24,27.1,0.0,38.4,Sunny,Cold Beverages & Ice Cream,1672.28,183,2023,9,Sep,24,Sunday,1,Fall
2023-09-24,27.1,0.0,38.4,Sunny,Heating & Winter Apparel,654.85,10,2023,9,Sep,24,Sunday,1,Fall
2023-09-24,27.1,0.0,38.4,Sunny,Hot Beverages & Soups,527.86,47,2023,9,Sep,24,Sunday,1,Fall
2023-09-24,27.1,0.0,38.4,Sunny,Outdoor & Camping Gear,6535.91,83,2023,9,Sep,24,Sunday,1,Fall
2023-09-24,27.1,0.0,38.4,Sunny,Rainwear & Umbrellas,823.95,30,2023,9,Sep,24,Sunday,1,Fall
2023-09-25,22.1,0.0,56.4,Sunny,Cold Beverages & Ice Cream,892.65,106,2023,9,Sep,25,Monday,0,Fall
2023-09-25,22.1,0.0,56.4,Sunny,Heating & Winter Apparel,319.81,5,2023,9,Sep,25,Monday,0,Fall
2023-09-25,22.1,0.0,56.4,Sunny,Hot Beverages & Soups,504.22,41,2023,9,Sep,25,Monday,0,Fall
2023-09-25,22.1,0.0,56.4,Sunny,Outdoor & Camping Gear,4890.96,61,2023,9,Sep,25,Monday,0,Fall
2023-09-25,22.1,0.0,56.4,Sunny,Rainwear & Umbrellas,470.24,17,2023,9,Sep,25,Monday,0,Fall
2023-09-26,21.2,2.0,56.5,Rainy,Cold Beverages & Ice Cream,858.41,95,2023,9,Sep,26,Tuesday,0,Fall
2023-09-26,21.2,2.0,56.5,Rainy,Heating & Winter Apparel,318.36,5,2023,9,Sep,26,Tuesday,0,Fall
2023-09-26,21.2,2.0,56.5,Rainy,Hot Beverages & Soups,1004.37,78,2023,9,Sep,26,Tuesday,0,Fall
2023-09-26,21.2,2.0,56.5,Rainy,Outdoor & Camping Gear,5393.17,59,2023,9,Sep,26,Tuesday,0,Fall
2023-09-26,21.2,2.0,56.5,Rainy,Rainwear & Umbrellas,5649.18,190,2023,9,Sep,26,Tuesday,0,Fall
2023-09-27,19.3,23.7,64.8,Rainy,Cold Beverages & Ice Cream,263.19,33,2023,9,Sep,27,Wednesday,0,Fall
2023-09-27,19.3,23.7,64.8,Rainy,Heating & Winter Apparel,346.11,5,2023,9,Sep,27,Wednesday,0,Fall
2023-09-27,19.3,23.7,64.8,Rainy,Hot Beverages & Soups,1059.22,85,2023,9,Sep,27,Wednesday,0,Fall
2023-09-27,19.3,23.7,64.8,Rainy,Outdoor & Camping Gear,1374.03,15,2023,9,Sep,27,Wednesday,0,Fall
2023-09-27,19.3,23.7,64.8,Rainy,Rainwear & Umbrellas,95484.12,3681,2023,9,Sep,27,Wednesday,0,Fall
2023-09-28,17.3,0.0,46.2,Sunny,Cold Beverages & Ice Cream,379.09,44,2023,9,Sep,28,Thursday,0,Fall
2023-09-28,17.3,0.0,46.2,Sunny,Heating & Winter Apparel,346.57,5,2023,9,Sep,28,Thursday,0,Fall
2023-09-28,17.3,0.0,46.2,Sunny,Hot Beverages & Soups,1061.67,82,2023,9,Sep,28,Thursday,0,Fall
2023-09-28,17.3,0.0,46.2,Sunny,Outdoor & Camping Gear,4693.01,55,2023,9,Sep,28,Thursday,0,Fall
2023-09-28,17.3,0.0,46.2,Sunny,Rainwear & Umbrellas,601.41,23,2023,9,Sep,28,Thursday,0,Fall
2023-09-29,24.0,0.0,59.0,Sunny,Cold Beverages & Ice Cream,896.68,107,2023,9,Sep,29,Friday,0,Fall
2023-09-29,24.0,0.0,59.0,Sunny,Heating & Winter Apparel,540.49,8,2023,9,Sep,29,Friday,0,Fall
2023-09-29,24.0,0.0,59.0,Sunny,Hot Beverages & Soups,402.51,36,2023,9,Sep,29,Friday,0,Fall
2023-09-29,24.0,0.0,59.0,Sunny,Outdoor & Camping Gear,5349.46,66,2023,9,Sep,29,Friday,0,Fall
2023-09-29,24.0,0.0,59.0,Sunny,Rainwear & Umbrellas,649.04,22,2023,9,Sep,29,Friday,0,Fall
2023-09-30,21.7,0.0,54.7,Sunny,Cold Beverages & Ice Cream,876.73,108,2023,9,Sep,30,Saturday,1,Fall
2023-09-30,21.7,0.0,54.7,Sunny,Heating & Winter Apparel,337.93,5,2023,9,Sep,30,Saturday,1,Fall
2023-09-30,21.7,0.0,54.7,Sunny,Hot Beverages & Soups,754.57,64,2023,9,Sep,30,Saturday,1,Fall
2023-09-30,21.7,0.0,54.7,Sunny,Outdoor & Camping Gear,6999.92,83,2023,9,Sep,30,Saturday,1,Fall
2023-09-30,21.7,0.0,54.7,Sunny,Rainwear & Umbrellas,729.8,25,2023,9,Sep,30,Saturday,1,Fall
2023-10-01,17.7,0.0,56.8,Sunny,Cold Beverages & Ice Cream,566.62,67,2023,10,Oct,1,Sunday,1,Fall
2023-10-01,17.7,0.0,56.8,Sunny,Heating & Winter Apparel,311.02,5,2023,10,Oct,1,Sunday,1,Fall
2023-10-01,17.7,0.0,56.8,Sunny,Hot Beverages & Soups,1235.76,97,2023,10,Oct,1,Sunday,1,Fall
2023-10-01,17.7,0.0,56.8,Sunny,Outdoor & Camping Gear,7363.27,81,2023,10,Oct,1,Sunday,1,Fall
2023-10-01,17.7,0.0,56.8,Sunny,Rainwear & Umbrellas,886.14,31,2023,10,Oct,1,Sunday,1,Fall
2023-10-02,17.5,0.0,51.2,Sunny,Cold Beverages & Ice Cream,493.01,59,2023,10,Oct,2,Monday,0,Fall
2023-10-02,17.5,0.0,51.2,Sunny,Heating & Winter Apparel,344.6,5,2023,10,Oct,2,Monday,0,Fall
2023-10-02,17.5,0.0,51.2,Sunny,Hot Beverages & Soups,931.71,78,2023,10,Oct,2,Monday,0,Fall
2023-10-02,17.5,0.0,51.2,Sunny,Outdoor & Camping Gear,6188.68,68,2023,10,Oct,2,Monday,0,Fall
2023-10-02,17.5,0.0,51.2,Sunny,Rainwear & Umbrellas,510.75,17,2023,10,Oct,2,Monday,0,Fall
2023-10-03,19.9,0.0,49.0,Sunny,Cold Beverages & Ice Cream,613.68,74,2023,10,Oct,3,Tuesday,0,Fall
2023-10-03,19.9,0.0,49.0,Sunny,Heating & Winter Apparel,736.47,12,2023,10,Oct,3,Tuesday,0,Fall
2023-10-03,19.9,0.0,49.0,Sunny,Hot Beverages & Soups,590.39,50,2023,10,Oct,3,Tuesday,0,Fall
2023-10-03,19.9,0.0,49.0,Sunny,Outdoor & Camping Gear,5460.62,64,2023,10,Oct,3,Tuesday,0,Fall
2023-10-03,19.9,0.0,49.0,Sunny,Rainwear & Umbrellas,861.35,31,2023,10,Oct,3,Tuesday,0,Fall
2023-10-04,25.3,0.0,36.1,Sunny,Cold Beverages & Ice Cream,1055.51,122,2023,10,Oct,4,Wednesday,0,Fall
2023-10-04,25.3,0.0,36.1,Sunny,Heating & Winter Apparel,384.8,6,2023,10,Oct,4,Wednesday,0,Fall
2023-10-04,25.3,0.0,36.1,Sunny,Hot Beverages & Soups,385.05,33,2023,10,Oct,4,Wednesday,0,Fall
2023-10-04,25.3,0.0,36.1,Sunny,Outdoor & Camping Gear,4432.02,54,2023,10,Oct,4,Wednesday,0,Fall
2023-10-04,25.3,0.0,36.1,Sunny,Rainwear & Umbrellas,599.15,22,2023,10,Oct,4,Wednesday,0,Fall
2023-10-05,19.7,7.0,57.4,Rainy,Cold Beverages & Ice Cream,440.41,51,2023,10,Oct,5,Thursday,0,Fall
2023-10-05,19.7,7.0,57.4,Rainy,Heating & Winter Apparel,320.17,5,2023,10,Oct,5,Thursday,0,Fall
2023-10-05,19.7,7.0,57.4,Rainy,Hot Beverages & Soups,824.7,68,2023,10,Oct,5,Thursday,0,Fall
2023-10-05,19.7,7.0,57.4,Rainy,Outdoor & Camping Gear,3718.97,42,2023,10,Oct,5,Thursday,0,Fall
2023-10-05,19.7,7.0,57.4,Rainy,Rainwear & Umbrellas,21429.68,814,2023,10,Oct,5,Thursday,0,Fall
2023-10-06,16.0,0.0,65.2,Sunny,Cold Beverages & Ice Cream,441.9,52,2023,10,Oct,6,Friday,0,Fall
2023-10-06,16.0,0.0,65.2,Sunny,Heating & Winter Apparel,322.46,5,2023,10,Oct,6,Friday,0,Fall
2023-10-06,16.0,0.0,65.2,Sunny,Hot Beverages & Soups,1178.71,106,2023,10,Oct,6,Friday,0,Fall
2023-10-06,16.0,0.0,65.2,Sunny,Outdoor & Camping Gear,4472.82,50,2023,10,Oct,6,Friday,0,Fall
2023-10-06,16.0,0.0,65.2,Sunny,Rainwear & Umbrellas,782.79,27,2023,10,Oct,6,Friday,0,Fall
2023-10-07,19.3,0.0,48.7,Sunny,Cold Beverages & Ice Cream,754.17,90,2023,10,Oct,7,Saturday,1,Fall
2023-10-07,19.3,0.0,48.7,Sunny,Heating & Winter Apparel,310.42,5,2023,10,Oct,7,Saturday,1,Fall
2023-10-07,19.3,0.0,48.7,Sunny,Hot Beverages & Soups,979.8,86,2023,10,Oct,7,Saturday,1,Fall
2023-10-07,19.3,0.0,48.7,Sunny,Outdoor & Camping Gear,7953.84,96,2023,10,Oct,7,Saturday,1,Fall
2023-10-07,19.3,0.0,48.7,Sunny,Rainwear & Umbrellas,798.62,27,2023,10,Oct,7,Saturday,1,Fall
2023-10-08,19.0,75.3,93.6,Stormy,Cold Beverages & Ice Cream,466.15,55,2023,10,Oct,8,Sunday,1,Fall
2023-10-08,19.0,75.3,93.6,Stormy,Heating & Winter Apparel,337.16,5,2023,10,Oct,8,Sunday,1,Fall
2023-10-08,19.0,75.3,93.6,Stormy,Hot Beverages & Soups,1362.1,115,2023,10,Oct,8,Sunday,1,Fall
2023-10-08,19.0,75.3,93.6,Stormy,Outdoor & Camping Gear,1270.72,16,2023,10,Oct,8,Sunday,1,Fall
2023-10-08,19.0,75.3,93.6,Stormy,Rainwear & Umbrellas,500287.15,17103,2023,10,Oct,8,Sunday,1,Fall
2023-10-09,12.0,0.0,60.2,Sunny,Cold Beverages & Ice Cream,125.38,14,2023,10,Oct,9,Monday,0,Fall
2023-10-09,12.0,0.0,60.2,Sunny,Heating & Winter Apparel,995.45,15,2023,10,Oct,9,Monday,0,Fall
2023-10-09,12.0,0.0,60.2,Sunny,Hot Beverages & Soups,1822.86,142,2023,10,Oct,9,Monday,0,Fall
2023-10-09,12.0,0.0,60.2,Sunny,Outdoor & Camping Gear,2393.39,27,2023,10,Oct,9,Monday,0,Fall
2023-10-09,12.0,0.0,60.2,Sunny,Rainwear & Umbrellas,593.5,22,2023,10,Oct,9,Monday,0,Fall
2023-10-10,19.2,0.0,58.6,Sunny,Cold Beverages & Ice Cream,630.41,74,2023,10,Oct,10,Tuesday,0,Fall
2023-10-10,19.2,0.0,58.6,Sunny,Heating & Winter Apparel,811.47,13,2023,10,Oct,10,Tuesday,0,Fall
2023-10-10,19.2,0.0,58.6,Sunny,Hot Beverages & Soups,759.32,60,2023,10,Oct,10,Tuesday,0,Fall
2023-10-10,19.2,0.0,58.6,Sunny,Outdoor & Camping Gear,6046.02,67,2023,10,Oct,10,Tuesday,0,Fall
2023-10-10,19.2,0.0,58.6,Sunny,Rainwear & Umbrellas,978.99,34,2023,10,Oct,10,Tuesday,0,Fall
2023-10-11,18.5,0.0,51.0,Sunny,Cold Beverages & Ice Cream,653.74,77,2023,10,Oct,11,Wednesday,0,Fall
2023-10-11,18.5,0.0,51.0,Sunny,Heating & Winter Apparel,313.39,5,2023,10,Oct,11,Wednesday,0,Fall
2023-10-11,18.5,0.0,51.0,Sunny,Hot Beverages & Soups,854.07,67,2023,10,Oct,11,Wednesday,0,Fall
2023-10-11,18.5,0.0,51.0,Sunny,Outdoor & Camping Gear,4394.8,52,2023,10,Oct,11,Wednesday,0,Fall
2023-10-11,18.5,0.0,51.0,Sunny,Rainwear & Umbrellas,505.61,17,2023,10,Oct,11,Wednesday,0,Fall
2023-10-12,20.8,0.0,51.6,Sunny,Cold Beverages & Ice Cream,731.82,84,2023,10,Oct,12,Thursday,0,Fall
2023-10-12,20.8,0.0,51.6,Sunny,Heating & Winter Apparel,335.36,5,2023,10,Oct,12,Thursday,0,Fall
2023-10-12,20.8,0.0,51.6,Sunny,Hot Beverages & Soups,631.0,51,2023,10,Oct,12,Thursday,0,Fall
2023-10-12,20.8,0.0,51.6,Sunny,Outdoor & Camping Gear,5444.54,65,2023,10,Oct,12,Thursday,0,Fall
2023-10-12,20.8,0.0,51.6,Sunny,Rainwear & Umbrellas,796.87,28,2023,10,Oct,12,Thursday,0,Fall
2023-10-13,23.8,11.7,62.0,Rainy,Cold Beverages & Ice Cream,664.88,75,2023,10,Oct,13,Friday,0,Fall
2023-10-13,23.8,11.7,62.0,Rainy,Heating & Winter Apparel,654.81,10,2023,10,Oct,13,Friday,0,Fall
2023-10-13,23.8,11.7,62.0,Rainy,Hot Beverages & Soups,849.68,68,2023,10,Oct,13,Friday,0,Fall
2023-10-13,23.8,11.7,62.0,Rainy,Outdoor & Camping Gear,1623.33,18,2023,10,Oct,13,Friday,0,Fall
2023-10-13,23.8,11.7,62.0,Rainy,Rainwear & Umbrellas,42167.35,1547,2023,10,Oct,13,Friday,0,Fall
2023-10-14,21.6,0.0,52.5,Sunny,Cold Beverages & Ice Cream,933.46,115,2023,10,Oct,14,Saturday,1,Fall
2023-10-14,21.6,0.0,52.5,Sunny,Heating & Winter Apparel,620.58,10,2023,10,Oct,14,Saturday,1,Fall
2023-10-14,21.6,0.0,52.5,Sunny,Hot Beverages & Soups,569.44,46,2023,10,Oct,14,Saturday,1,Fall
2023-10-14,21.6,0.0,52.5,Sunny,Outdoor & Camping Gear,8838.49,101,2023,10,Oct,14,Saturday,1,Fall
2023-10-14,21.6,0.0,52.5,Sunny,Rainwear & Umbrellas,864.64,31,2023,10,Oct,14,Saturday,1,Fall
2023-10-15,17.5,0.0,61.7,Sunny,Cold Beverages & Ice Cream,547.1,64,2023,10,Oct,15,Sunday,1,Fall
2023-10-15,17.5,0.0,61.7,Sunny,Heating & Winter Apparel,344.53,5,2023,10,Oct,15,Sunday,1,Fall
2023-10-15,17.5,0.0,61.7,Sunny,Hot Beverages & Soups,1209.45,107,2023,10,Oct,15,Sunday,1,Fall
2023-10-15,17.5,0.0,61.7,Sunny,Outdoor & Camping Gear,7135.85,82,2023,10,Oct,15,Sunday,1,Fall
2023-10-15,17.5,0.0,61.7,Sunny,Rainwear & Umbrellas,564.75,20,2023,10,Oct,15,Sunday,1,Fall
2023-10-16,14.9,4.4,74.9,Rainy,Cold Beverages & Ice Cream,111.55,14,2023,10,Oct,16,Monday,0,Fall
2023-10-16,14.9,4.4,74.9,Rainy,Heating & Winter Apparel,652.57,10,2023,10,Oct,16,Monday,0,Fall
2023-10-16,14.9,4.4,74.9,Rainy,Hot Beverages & Soups,1411.03,127,2023,10,Oct,16,Monday,0,Fall
2023-10-16,14.9,4.4,74.9,Rainy,Outdoor & Camping Gear,2521.86,28,2023,10,Oct,16,Monday,0,Fall
2023-10-16,14.9,4.4,74.9,Rainy,Rainwear & Umbrellas,12577.72,473,2023,10,Oct,16,Monday,0,Fall
2023-10-17,25.0,2.4,42.7,Rainy,Cold Beverages & Ice Cream,981.93,122,2023,10,Oct,17,Tuesday,0,Fall
2023-10-17,25.0,2.4,42.7,Rainy,Heating & Winter Apparel,314.73,5,2023,10,Oct,17,Tuesday,0,Fall
2023-10-17,25.0,2.4,42.7,Rainy,Hot Beverages & Soups,327.69,28,2023,10,Oct,17,Tuesday,0,Fall
2023-10-17,25.0,2.4,42.7,Rainy,Outdoor & Camping Gear,4548.06,51,2023,10,Oct,17,Tuesday,0,Fall
2023-10-17,25.0,2.4,42.7,Rainy,Rainwear & Umbrellas,6387.54,240,2023,10,Oct,17,Tuesday,0,Fall
2023-10-18,17.7,10.1,69.7,Rainy,Cold Beverages & Ice Cream,343.97,43,2023,10,Oct,18,Wednesday,0,Fall
2023-10-18,17.7,10.1,69.7,Rainy,Heating & Winter Apparel,346.54,5,2023,10,Oct,18,Wednesday,0,Fall
2023-10-18,17.7,10.1,69.7,Rainy,Hot Beverages & Soups,1153.99,94,2023,10,Oct,18,Wednesday,0,Fall
2023-10-18,17.7,10.1,69.7,Rainy,Outdoor & Camping Gear,1634.04,19,2023,10,Oct,18,Wednesday,0,Fall
2023-10-18,17.7,10.1,69.7,Rainy,Rainwear & Umbrellas,38736.12,1282,2023,10,Oct,18,Wednesday,0,Fall
2023-10-19,17.4,0.0,55.9,Sunny,Cold Beverages & Ice Cream,727.68,86,2023,10,Oct,19,Thursday,0,Fall
2023-10-19,17.4,0.0,55.9,Sunny,Heating & Winter Apparel,305.98,5,2023,10,Oct,19,Thursday,0,Fall
2023-10-19,17.4,0.0,55.9,Sunny,Hot Beverages & Soups,959.17,83,2023,10,Oct,19,Thursday,0,Fall
2023-10-19,17.4,0.0,55.9,Sunny,Outdoor & Camping Gear,4541.39,53,2023,10,Oct,19,Thursday,0,Fall
2023-10-19,17.4,0.0,55.9,Sunny,Rainwear & Umbrellas,623.89,24,2023,10,Oct,19,Thursday,0,Fall
2023-10-20,17.0,0.0,64.4,Sunny,Cold Beverages & Ice Cream,299.92,33,2023,10,Oct,20,Friday,0,Fall
2023-10-20,17.0,0.0,64.4,Sunny,Heating & Winter Apparel,329.15,5,2023,10,Oct,20,Friday,0,Fall
2023-10-20,17.0,0.0,64.4,Sunny,Hot Beverages & Soups,1021.36,91,2023,10,Oct,20,Friday,0,Fall
2023-10-20,17.0,0.0,64.4,Sunny,Outdoor & Camping Gear,5208.06,58,2023,10,Oct,20,Friday,0,Fall
2023-10-20,17.0,0.0,64.4,Sunny,Rainwear & Umbrellas,410.23,15,2023,10,Oct,20,Friday,0,Fall
2023-10-21,17.4,17.6,71.4,Rainy,Cold Beverages & Ice Cream,481.67,53,2023,10,Oct,21,Saturday,1,Fall
2023-10-21,17.4,17.6,71.4,Rainy,Heating & Winter Apparel,329.87,5,2023,10,Oct,21,Saturday,1,Fall
2023-10-21,17.4,17.6,71.4,Rainy,Hot Beverages & Soups,1728.75,134,2023,10,Oct,21,Saturday,1,Fall
2023-10-21,17.4,17.6,71.4,Rainy,Outdoor & Camping Gear,1976.07,25,2023,10,Oct,21,Saturday,1,Fall
2023-10-21,17.4,17.6,71.4,Rainy,Rainwear & Umbrellas,72514.69,2806,2023,10,Oct,21,Saturday,1,Fall
2023-10-22,16.2,5.0,59.4,Rainy,Cold Beverages & Ice Cream,499.3,56,2023,10,Oct,22,Sunday,1,Fall
2023-10-22,16.2,5.0,59.4,Rainy,Heating & Winter Apparel,311.7,5,2023,10,Oct,22,Sunday,1,Fall
2023-10-22,16.2,5.0,59.4,Rainy,Hot Beverages & Soups,1674.06,141,2023,10,Oct,22,Sunday,1,Fall
2023-10-22,16.2,5.0,59.4,Rainy,Outdoor & Camping Gear,3759.01,41,2023,10,Oct,22,Sunday,1,Fall
2023-10-22,16.2,5.0,59.4,Rainy,Rainwear & Umbrellas,16740.84,602,2023,10,Oct,22,Sunday,1,Fall
2023-10-23,14.8,0.0,61.2,Sunny,Cold Beverages & Ice Cream,333.47,39,2023,10,Oct,23,Monday,0,Fall
2023-10-23,14.8,0.0,61.2,Sunny,Heating & Winter Apparel,344.98,5,2023,10,Oct,23,Monday,0,Fall
2023-10-23,14.8,0.0,61.2,Sunny,Hot Beverages & Soups,1033.95,87,2023,10,Oct,23,Monday,0,Fall
2023-10-23,14.8,0.0,61.2,Sunny,Outdoor & Camping Gear,4842.36,55,2023,10,Oct,23,Monday,0,Fall
2023-10-23,14.8,0.0,61.2,Sunny,Rainwear & Umbrellas,712.29,25,2023,10,Oct,23,Monday,0,Fall
2023-10-24,14.7,0.0,53.8,Sunny,Cold Beverages & Ice Cream,258.84,33,2023,10,Oct,24,Tuesday,0,Fall
2023-10-24,14.7,0.0,53.8,Sunny,Heating & Winter Apparel,616.43,9,2023,10,Oct,24,Tuesday,0,Fall
2023-10-24,14.7,0.0,53.8,Sunny,Hot Beverages & Soups,1230.4,105,2023,10,Oct,24,Tuesday,0,Fall
2023-10-24,14.7,0.0,53.8,Sunny,Outdoor & Camping Gear,3663.31,43,2023,10,Oct,24,Tuesday,0,Fall
2023-10-24,14.7,0.0,53.8,Sunny,Rainwear & Umbrellas,667.56,24,2023,10,Oct,24,Tuesday,0,Fall
2023-10-25,15.9,0.0,50.8,Sunny,Cold Beverages & Ice Cream,282.35,36,2023,10,Oct,25,Wednesday,0,Fall
2023-10-25,15.9,0.0,50.8,Sunny,Heating & Winter Apparel,347.16,5,2023,10,Oct,25,Wednesday,0,Fall
2023-10-25,15.9,0.0,50.8,Sunny,Hot Beverages & Soups,1160.22,97,2023,10,Oct,25,Wednesday,0,Fall
2023-10-25,15.9,0.0,50.8,Sunny,Outdoor & Camping Gear,5737.0,65,2023,10,Oct,25,Wednesday,0,Fall
2023-10-25,15.9,0.0,50.8,Sunny,Rainwear & Umbrellas,467.7,16,2023,10,Oct,25,Wednesday,0,Fall
2023-10-26,14.2,4.6,64.8,Rainy,Cold Beverages & Ice Cream,295.39,35,2023,10,Oct,26,Thursday,0,Fall
2023-10-26,14.2,4.6,64.8,Rainy,Heating & Winter Apparel,576.24,9,2023,10,Oct,26,Thursday,0,Fall
2023-10-26,14.2,4.6,64.8,Rainy,Hot Beverages & Soups,1850.07,150,2023,10,Oct,26,Thursday,0,Fall
2023-10-26,14.2,4.6,64.8,Rainy,Outdoor & Camping Gear,1937.73,24,2023,10,Oct,26,Thursday,0,Fall
2023-10-26,14.2,4.6,64.8,Rainy,Rainwear & Umbrellas,13004.79,487,2023,10,Oct,26,Thursday,0,Fall
2023-10-27,13.5,0.0,51.3,Sunny,Cold Beverages & Ice Cream,107.35,12,2023,10,Oct,27,Friday,0,Fall
2023-10-27,13.5,0.0,51.3,Sunny,Heating & Winter Apparel,317.86,5,2023,10,Oct,27,Friday,0,Fall
2023-10-27,13.5,0.0,51.3,Sunny,Hot Beverages & Soups,1380.98,112,2023,10,Oct,27,Friday,0,Fall
2023-10-27,13.5,0.0,51.3,Sunny,Outdoor & Camping Gear,862.25,10,2023,10,Oct,27,Friday,0,Fall
2023-10-27,13.5,0.0,51.3,Sunny,Rainwear & Umbrellas,697.62,26,2023,10,Oct,27,Friday,0,Fall
2023-10-28,15.6,0.0,60.1,Sunny,Cold Beverages & Ice Cream,266.66,34,2023,10,Oct,28,Saturday,1,Fall
2023-10-28,15.6,0.0,60.1,Sunny,Heating & Winter Apparel,325.4,5,2023,10,Oct,28,Saturday,1,Fall
2023-10-28,15.6,0.0,60.1,Sunny,Hot Beverages & Soups,1093.21,99,2023,10,Oct,28,Saturday,1,Fall
2023-10-28,15.6,0.0,60.1,Sunny,Outdoor & Camping Gear,4959.58,62,2023,10,Oct,28,Saturday,1,Fall
2023-10-28,15.6,0.0,60.1,Sunny,Rainwear & Umbrellas,787.05,29,2023,10,Oct,28,Saturday,1,Fall
2023-10-29,14.4,0.0,56.6,Sunny,Cold Beverages & Ice Cream,481.31,54,2023,10,Oct,29,Sunday,1,Fall
2023-10-29,14.4,0.0,56.6,Sunny,Heating & Winter Apparel,338.53,5,2023,10,Oct,29,Sunday,1,Fall
2023-10-29,14.4,0.0,56.6,Sunny,Hot Beverages & Soups,1643.28,138,2023,10,Oct,29,Sunday,1,Fall
2023-10-29,14.4,0.0,56.6,Sunny,Outdoor & Camping Gear,5176.76,59,2023,10,Oct,29,Sunday,1,Fall
2023-10-29,14.4,0.0,56.6,Sunny,Rainwear & Umbrellas,968.66,35,2023,10,Oct,29,Sunday,1,Fall
2023-10-30,19.1,18.8,51.6,Rainy,Cold Beverages & Ice Cream,233.68,29,2023,10,Oct,30,Monday,0,Fall
2023-10-30,19.1,18.8,51.6,Rainy,Heating & Winter Apparel,381.54,6,2023,10,Oct,30,Monday,0,Fall
2023-10-30,19.1,18.8,51.6,Rainy,Hot Beverages & Soups,961.82,82,2023,10,Oct,30,Monday,0,Fall
2023-10-30,19.1,18.8,51.6,Rainy,Outdoor & Camping Gear,1689.06,19,2023,10,Oct,30,Monday,0,Fall
2023-10-30,19.1,18.8,51.6,Rainy,Rainwear & Umbrellas,73972.93,2761,2023,10,Oct,30,Monday,0,Fall
2023-10-31,7.2,30.6,75.5,Rainy,Cold Beverages & Ice Cream,50.18,6,2023,10,Oct,31,Tuesday,0,Fall
2023-10-31,7.2,30.6,75.5,Rainy,Heating & Winter Apparel,2943.95,44,2023,10,Oct,31,Tuesday,0,Fall
2023-10-31,7.2,30.6,75.5,Rainy,Hot Beverages & Soups,2718.51,215,2023,10,Oct,31,Tuesday,0,Fall
2023-10-31,7.2,30.6,75.5,Rainy,Outdoor & Camping Gear,591.98,7,2023,10,Oct,31,Tuesday,0,Fall
2023-10-31,7.2,30.6,75.5,Rainy,Rainwear & Umbrellas,135004.95,5068,2023,10,Oct,31,Tuesday,0,Fall
2023-11-01,17.5,0.0,57.4,Sunny,Cold Beverages & Ice Cream,577.51,67,2023,11,Nov,1,Wednesday,0,Fall
2023-11-01,17.5,0.0,57.4,Sunny,Heating & Winter Apparel,334.14,5,2023,11,Nov,1,Wednesday,0,Fall
2023-11-01,17.5,0.0,57.4,Sunny,Hot Beverages & Soups,910.87,75,2023,11,Nov,1,Wednesday,0,Fall
2023-11-01,17.5,0.0,57.4,Sunny,Outdoor & Camping Gear,5199.65,66,2023,11,Nov,1,Wednesday,0,Fall
2023-11-01,17.5,0.0,57.4,Sunny,Rainwear & Umbrellas,763.05,29,2023,11,Nov,1,Wednesday,0,Fall
2023-11-02,17.7,6.9,57.0,Rainy,Cold Beverages & Ice Cream,226.56,27,2023,11,Nov,2,Thursday,0,Fall
2023-11-02,17.7,6.9,57.0,Rainy,Heating & Winter Apparel,347.41,5,2023,11,Nov,2,Thursday,0,Fall
2023-11-02,17.7,6.9,57.0,Rainy,Hot Beverages & Soups,1164.12,102,2023,11,Nov,2,Thursday,0,Fall
2023-11-02,17.7,6.9,57.0,Rainy,Outdoor & Camping Gear,1952.05,22,2023,11,Nov,2,Thursday,0,Fall
2023-11-02,17.7,6.9,57.0,Rainy,Rainwear & Umbrellas,23138.12,796,2023,11,Nov,2,Thursday,0,Fall
2023-11-03,8.2,10.4,53.4,Rainy,Cold Beverages & Ice Cream,52.52,6,2023,11,Nov,3,Friday,0,Fall
2023-11-03,8.2,17.0,53.4,Rainy,Heating & Winter Apparel,2855.45,41,2023,11,Nov,3,Friday,0,Fall
2023-11-03,8.2,17.0,53.4,Rainy,Hot Beverages & Soups,2446.87,205,2023,11,Nov,3,Friday,0,Fall
2023-11-03,8.2,17.0,53.4,Rainy,Outdoor & Camping Gear,396.12,5,2023,11,Nov,3,Friday,0,Fall
2023-11-03,8.2,17.0,53.4,Rainy,Rainwear & Umbrellas,67250.26,2433,2023,11,Nov,3,Friday,0,Fall
2023-11-04,12.9,0.0,65.6,Sunny,Cold Beverages & Ice Cream,304.43,36,2023,11,Nov,4,Saturday,1,Fall
2023-11-04,12.9,0.0,65.6,Sunny,Heating & Winter Apparel,430.29,7,2023,11,Nov,4,Saturday,1,Fall
2023-11-04,12.9,0.0,65.6,Sunny,Hot Beverages & Soups,1626.65,145,2023,11,Nov,4,Saturday,1,Fall
2023-11-04,12.9,0.0,65.6,Sunny,Outdoor & Camping Gear,3210.51,41,2023,11,Nov,4,Saturday,1,Fall
2023-11-04,12.9,0.0,65.6,Sunny,Rainwear & Umbrellas,714.89,27,2023,11,Nov,4,Saturday,1,Fall
2023-11-05,12.6,0.0,58.3,Sunny,Cold Beverages & Ice Cream,229.81,29,2023,11,Nov,5,Sunday,1,Fall
2023-11-05,12.6,0.0,58.3,Sunny,Heating & Winter Apparel,812.22,13,2023,11,Nov,5,Sunday,1,Fall
2023-11-05,12.6,0.0,58.3,Sunny,Hot Beverages & Soups,1876.38,149,2023,11,Nov,5,Sunday,1,Fall
2023-11-05,12.6,0.0,58.3,Sunny,Outdoor & Camping Gear,3244.85,41,2023,11,Nov,5,Sunday,1,Fall
2023-11-05,12.6,0.0,58.3,Sunny,Rainwear & Umbrellas,611.32,22,2023,11,Nov,5,Sunday,1,Fall
2023-11-06,9.5,0.0,61.3,Sunny,Cold Beverages & Ice Cream,233.36,27,2023,11,Nov,6,Monday,0,Fall
2023-11-06,9.5,0.0,61.3,Sunny,Heating & Winter Apparel,2492.49,36,2023,11,Nov,6,Monday,0,Fall
2023-11-06,9.5,0.0,61.3,Sunny,Hot Beverages & Soups,1674.59,142,2023,11,Nov,6,Monday,0,Fall
2023-11-06,9.5,0.0,61.3,Sunny,Outdoor & Camping Gear,1234.94,14,2023,11,Nov,6,Monday,0,Fall
2023-11-06,9.5,0.0,61.3,Sunny,Rainwear & Umbrellas,712.13,26,2023,11,Nov,6,Monday,0,Fall
2023-11-07,11.0,5.2,58.1,Rainy,Cold Beverages & Ice Cream,108.87,12,2023,11,Nov,7,Tuesday,0,Fall
2023-11-07,11.0,5.2,58.1,Rainy,Heating & Winter Apparel,1100.18,18,2023,11,Nov,7,Tuesday,0,Fall
2023-11-07,11.0,5.2,58.1,Rainy,Hot Beverages & Soups,2079.02,180,2023,11,Nov,7,Tuesday,0,Fall
2023-11-07,11.0,5.2,58.1,Rainy,Outdoor & Camping Gear,672.68,8,2023,11,Nov,7,Tuesday,0,Fall
2023-11-07,11.0,5.2,58.1,Rainy,Rainwear & Umbrellas,17761.76,593,2023,11,Nov,7,Tuesday,0,Fall
2023-11-08,9.9,0.0,61.7,Sunny,Cold Beverages & Ice Cream,339.45,41,2023,11,Nov,8,Wednesday,0,Fall
2023-11-08,9.9,0.0,61.7,Sunny,Heating & Winter Apparel,1457.94,23,2023,11,Nov,8,Wednesday,0,Fall
2023-11-08,9.9,0.0,61.7,Sunny,Hot Beverages & Soups,1531.33,137,2023,11,Nov,8,Wednesday,0,Fall
2023-11-08,9.9,0.0,61.7,Sunny,Outdoor & Camping Gear,2204.83,26,2023,11,Nov,8,Wednesday,0,Fall
2023-11-08,9.9,0.0,61.7,Sunny,Rainwear & Umbrellas,641.71,22,2023,11,Nov,8,Wednesday,0,Fall
2023-11-09,17.7,18.9,79.3,Rainy,Cold Beverages & Ice Cream,280.25,35,2023,11,Nov,9,Thursday,0,Fall
2023-11-09,17.7,18.9,79.3,Rainy,Heating & Winter Apparel,329.75,5,2023,11,Nov,9,Thursday,0,Fall
2023-11-09,17.7,18.9,79.3,Rainy,Hot Beverages & Soups,1045.55,90,2023,11,Nov,9,Thursday,0,Fall
2023-11-09,17.7,18.9,79.3,Rainy,Outdoor & Camping Gear,909.93,11,2023,11,Nov,9,Thursday,0,Fall
2023-11-09,17.7,18.9,79.3,Rainy,Rainwear & Umbrellas,78445.44,2770,2023,11,Nov,9,Thursday,0,Fall
2023-11-10,15.2,14.5,60.8,Rainy,Cold Beverages & Ice Cream,286.61,32,2023,11,Nov,10,Friday,0,Fall
2023-11-10,15.2,14.5,60.8,Rainy,Heating & Winter Apparel,339.36,5,2023,11,Nov,10,Friday,0,Fall
2023-11-10,15.2,14.5,60.8,Rainy,Hot Beverages & Soups,1599.24,131,2023,11,Nov,10,Friday,0,Fall
2023-11-10,15.2,14.5,60.8,Rainy,Outdoor & Camping Gear,450.67,5,2023,11,Nov,10,Friday,0,Fall
2023-11-10,15.2,14.5,60.8,Rainy,Rainwear & Umbrellas,58583.09,2006,2023,11,Nov,10,Friday,0,Fall
2023-11-11,15.9,0.0,66.7,Sunny,Cold Beverages & Ice Cream,403.54,48,2023,11,Nov,11,Saturday,1,Fall
2023-11-11,15.9,0.0,66.7,Sunny,Heating & Winter Apparel,301.2,5,2023,11,Nov,11,Saturday,1,Fall
2023-11-11,15.9,0.0,66.7,Sunny,Hot Beverages & Soups,1280.73,105,2023,11,Nov,11,Saturday,1,Fall
2023-11-11,15.9,0.0,66.7,Sunny,Outdoor & Camping Gear,4824.88,60,2023,11,Nov,11,Saturday,1,Fall
2023-11-11,15.9,0.0,54.2,Sunny,Rainwear & Umbrellas,514.07,17,2023,11,Nov,11,Saturday,1,Fall
2023-11-12,14.2,26.4,76.3,Rainy,Cold Beverages & Ice Cream,356.36,44,2023,11,Nov,12,Sunday,1,Fall
2023-11-12,14.2,26.4,76.3,Rainy,Heating & Winter Apparel,838.61,13,2023,11,Nov,12,Sunday,1,Fall
2023-11-12,14.2,26.4,76.3,Rainy,Hot Beverages & Soups,2363.63,191,2023,11,Nov,12,Sunday,1,Fall
2023-11-12,14.2,26.4,76.3,Rainy,Outdoor & Camping Gear,1283.39,14,2023,11,Nov,12,Sunday,1,Fall
2023-11-12,14.2,26.4,76.3,Rainy,Rainwear & Umbrellas,126406.25,4630,2023,11,Nov,12,Sunday,1,Fall
2023-11-13,8.8,0.0,53.0,Sunny,Cold Beverages & Ice Cream,44.49,5,2023,11,Nov,13,Monday,0,Fall
2023-11-13,8.8,0.0,53.0,Sunny,Heating & Winter Apparel,2301.34,34,2023,11,Nov,13,Monday,0,Fall
2023-11-13,8.8,0.0,53.0,Sunny,Hot Beverages & Soups,1914.86,151,2023,11,Nov,13,Monday,0,Fall
2023-11-13,8.8,0.0,53.0,Sunny,Outdoor & Camping Gear,418.11,5,2023,11,Nov,13,Monday,0,Fall
2023-11-13,8.8,0.0,53.0,Sunny,Rainwear & Umbrellas,929.0,31,2023,11,Nov,13,Monday,0,Fall
2023-11-14,10.3,0.0,72.5,Cloudy,Cold Beverages & Ice Cream,39.45,5,2023,11,Nov,14,Tuesday,0,Fall
2023-11-14,10.3,0.0,72.5,Cloudy,Heating & Winter Apparel,1247.92,19,2023,11,Nov,14,Tuesday,0,Fall
2023-11-14,10.3,0.0,72.5,Cloudy,Hot Beverages & Soups,1692.13,137,2023,11,Nov,14,Tuesday,0,Fall
2023-11-14,10.3,0.0,72.5,Cloudy,Outdoor & Camping Gear,772.67,9,2023,11,Nov,14,Tuesday,0,Fall
2023-11-14,10.3,0.0,72.5,Cloudy,Rainwear & Umbrellas,698.53,24,2023,11,Nov,14,Tuesday,0,Fall
2023-11-15,12.9,4.8,62.7,Rainy,Cold Beverages & Ice Cream,153.1,18,2023,11,Nov,15,Wednesday,0,Fall
2023-11-15,12.9,4.8,62.7,Rainy,Heating & Winter Apparel,751.59,12,2023,11,Nov,15,Wednesday,0,Fall
2023-11-15,12.9,4.8,62.7,Rainy,Hot Beverages & Soups,2039.81,161,2023,11,Nov,15,Wednesday,0,Fall
2023-11-15,12.9,4.8,62.7,Rainy,Outdoor & Camping Gear,1401.0,16,2023,11,Nov,15,Wednesday,0,Fall
2023-11-15,12.9,4.8,62.7,Rainy,Rainwear & Umbrellas,14614.89,521,2023,11,Nov,15,Wednesday,0,Fall
2023-11-16,8.0,17.4,74.7,Rainy,Cold Beverages & Ice Cream,45.09,5,2023,11,Nov,16,Thursday,0,Fall
2023-11-16,8.0,17.4,74.7,Rainy,Heating & Winter Apparel,2659.65,39,2023,11,Nov,16,Thursday,0,Fall
2023-11-16,8.0,17.4,74.7,Rainy,Hot Beverages & Soups,2394.56,206,2023,11,Nov,16,Thursday,0,Fall
2023-11-16,8.0,17.4,74.7,Rainy,Outdoor & Camping Gear,1391.65,16,2023,11,Nov,16,Thursday,0,Fall
2023-11-16,8.0,17.4,74.7,Rainy,Rainwear & Umbrellas,68804.01,2511,2023,11,Nov,16,Thursday,0,Fall
2023-11-17,13.2,0.0,55.2,Sunny,Cold Beverages & Ice Cream,300.31,36,2023,11,Nov,17,Friday,0,Fall
2023-11-17,13.2,0.0,55.2,Sunny,Heating & Winter Apparel,796.78,13,2023,11,Nov,17,Friday,0,Fall
2023-11-17,13.2,0.0,55.2,Sunny,Hot Beverages & Soups,1408.54,119,2023,11,Nov,17,Friday,0,Fall
2023-11-17,13.2,0.0,55.2,Sunny,Outdoor & Camping Gear,3789.43,44,2023,11,Nov,17,Friday,0,Fall
2023-11-17,13.2,0.0,55.2,Sunny,Rainwear & Umbrellas,675.73,24,2023,11,Nov,17,Friday,0,Fall
2023-11-18,10.3,5.1,56.2,Rainy,Cold Beverages & Ice Cream,42.47,5,2023,11,Nov,18,Saturday,1,Fall
2023-11-18,10.3,5.1,56.2,Rainy,Heating & Winter Apparel,1669.39,25,2023,11,Nov,18,Saturday,1,Fall
2023-11-18,10.3,5.1,56.2,Rainy,Hot Beverages & Soups,2783.72,219,2023,11,Nov,18,Saturday,1,Fall
2023-11-18,10.3,5.1,56.2,Rainy,Outdoor & Camping Gear,1607.7,19,2023,11,Nov,18,Saturday,1,Fall
2023-11-18,10.3,5.1,56.2,Rainy,Rainwear & Umbrellas,18354.88,617,2023,11,Nov,18,Saturday,1,Fall
2023-11-19,9.8,5.7,63.1,Rainy,Cold Beverages & Ice Cream,113.98,14,2023,11,Nov,19,Sunday,1,Fall
2023-11-19,9.8,5.7,63.1,Rainy,Heating & Winter Apparel,1803.06,30,2023,11,Nov,19,Sunday,1,Fall
2023-11-19,9.8,5.7,63.1,Rainy,Hot Beverages & Soups,2594.82,229,2023,11,Nov,19,Sunday,1,Fall
2023-11-19,9.8,5.7,63.1,Rainy,Outdoor & Camping Gear,1138.93,13,2023,11,Nov,19,Sunday,1,Fall
2023-11-19,9.8,5.7,63.1,Rainy,Rainwear & Umbrellas,18451.63,705,2023,11,Nov,19,Sunday,1,Fall
2023-11-20,12.6,0.0,67.4,Sunny,Cold Beverages & Ice Cream,136.58,15,2023,11,Nov,20,Monday,0,Fall
2023-11-20,12.6,0.0,67.4,Sunny,Heating & Winter Apparel,506.9,8,2023,11,Nov,20,Monday,0,Fall
2023-11-20,12.6,0.0,67.4,Sunny,Hot Beverages & Soups,1501.29,117,2023,11,Nov,20,Monday,0,Fall
2023-11-20,12.6,0.0,67.4,Sunny,Outdoor & Camping Gear,1999.19,22,2023,11,Nov,20,Monday,0,Fall
2023-11-20,12.6,0.0,67.4,Sunny,Rainwear & Umbrellas,724.79,28,2023,11,Nov,20,Monday,0,Fall
2023-11-21,11.7,8.0,60.7,Rainy,Cold Beverages & Ice Cream,103.02,13,2023,11,Nov,21,Tuesday,0,Fall
2023-11-21,11.7,8.0,60.7,Rainy,Heating & Winter Apparel,818.38,12,2023,11,Nov,21,Tuesday,0,Fall
2023-11-21,11.7,8.0,60.7,Rainy,Hot Beverages & Soups,2125.71,178,2023,11,Nov,21,Tuesday,0,Fall
2023-11-21,11.7,8.0,60.7,Rainy,Outdoor & Camping Gear,795.62,10,2023,11,Nov,21,Tuesday,0,Fall
2023-11-21,11.7,8.0,60.7,Rainy,Rainwear & Umbrellas,26379.91,960,2023,11,Nov,21,Tuesday,0,Fall
2023-11-22,9.3,0.0,58.3,Sunny,Cold Beverages & Ice Cream,99.43,12,2023,11,Nov,22,Wednesday,0,Fall
2023-11-22,9.3,0.0,58.3,Sunny,Heating & Winter Apparel,1246.67,19,2023,11,Nov,22,Wednesday,0,Fall
2023-11-22,9.3,0.0,58.3,Sunny,Hot Beverages & Soups,1526.03,133,2023,11,Nov,22,Wednesday,0,Fall
2023-11-22,9.3,0.0,58.3,Sunny,Outdoor & Camping Gear,2674.15,31,2023,11,Nov,22,Wednesday,0,Fall
2023-11-22,9.3,0.0,58.3,Sunny,Rainwear & Umbrellas,578.61,21,2023,11,Nov,22,Wednesday,0,Fall
2023-11-23,13.3,0.0,66.3,Sunny,Cold Beverages & Ice Cream,244.45,28,2023,11,Nov,23,Thursday,0,Fall
2023-11-23,13.3,0.0,66.3,Sunny,Heating & Winter Apparel,544.75,9,2023,11,Nov,23,Thursday,0,Fall
2023-11-23,13.3,0.0,66.3,Sunny,Hot Beverages & Soups,1215.43,109,2023,11,Nov,23,Thursday,0,Fall
2023-11-23,13.3,0.0,66.3,Sunny,Outdoor & Camping Gear,3878.86,43,2023,11,Nov,23,Thursday,0,Fall
2023-11-23,13.3,0.0,66.3,Sunny,Rainwear & Umbrellas,585.09,22,2023,11,Nov,23,Thursday,0,Fall
2023-11-24,6.9,0.0,57.5,Sunny,Cold Beverages & Ice Cream,208.52,26,2023,11,Nov,24,Friday,0,Fall
2023-11-24,6.9,0.0,57.5,Sunny,Heating & Winter Apparel,3385.98,49,2023,11,Nov,24,Friday,0,Fall
2023-11-24,6.9,0.0,57.5,Sunny,Hot Beverages & Soups,1838.92,147,2023,11,Nov,24,Friday,0,Fall
2023-11-24,6.9,0.0,57.5,Sunny,Outdoor & Camping Gear,811.47,10,2023,11,Nov,24,Friday,0,Fall
2023-11-24,6.9,0.0,57.5,Sunny,Rainwear & Umbrellas,696.55,27,2023,11,Nov,24,Friday,0,Fall
2023-11-25,11.5,20.1,74.0,Rainy,Cold Beverages & Ice Cream,197.44,25,2023,11,Nov,25,Saturday,1,Fall
2023-11-25,11.5,20.1,74.0,Rainy,Heating & Winter Apparel,1462.11,22,2023,11,Nov,25,Saturday,1,Fall
2023-11-25,11.5,20.1,62.7,Rainy,Hot Beverages & Soups,2443.87,220,2023,11,Nov,25,Saturday,1,Fall
2023-11-25,11.5,20.1,74.0,Rainy,Outdoor & Camping Gear,409.59,5,2023,11,Nov,25,Saturday,1,Fall
2023-11-25,11.5,20.1,74.0,Rainy,Rainwear & Umbrellas,93048.88,3316,2023,11,Nov,25,Saturday,1,Fall
2023-11-26,11.2,4.0,66.0,Rainy,Cold Beverages & Ice Cream,281.71,34,2023,11,Nov,26,Sunday,1,Fall
2023-11-26,11.2,4.0,66.0,Rainy,Heating & Winter Apparel,2105.83,30,2023,11,Nov,26,Sunday,1,Fall
2023-11-26,11.2,4.0,66.0,Rainy,Hot Beverages & Soups,2449.02,212,2023,11,Nov,26,Sunday,1,Fall
2023-11-26,11.2,4.0,66.0,Rainy,Outdoor & Camping Gear,1669.44,19,2023,11,Nov,26,Sunday,1,Fall
2023-11-26,11.2,4.0,66.0,Rainy,Rainwear & Umbrellas,13449.76,457,2023,11,Nov,26,Sunday,1,Fall
2023-11-27,8.5,0.0,57.5,Sunny,Cold Beverages & Ice Cream,43.93,5,2023,11,Nov,27,Monday,0,Fall
2023-11-27,8.5,0.0,57.5,Sunny,Heating & Winter Apparel,1684.09,27,2023,11,Nov,27,Monday,0,Fall
2023-11-27,8.5,0.0,57.5,Sunny,Hot Beverages & Soups,1901.03,150,2023,11,Nov,27,Monday,0,Fall
2023-11-27,8.5,0.0,57.5,Sunny,Outdoor & Camping Gear,1136.92,13,2023,11,Nov,27,Monday,0,Fall
2023-11-27,8.5,0.0,57.5,Sunny,Rainwear & Umbrellas,630.75,21,2023,11,Nov,27,Monday,0,Fall
2023-11-28,10.1,0.0,60.2,Sunny,Cold Beverages & Ice Cream,41.37,5,2023,11,Nov,28,Tuesday,0,Fall
2023-11-28,10.1,0.0,60.2,Sunny,Heating & Winter Apparel,1699.39,25,2023,11,Nov,28,Tuesday,0,Fall
2023-11-28,10.1,0.0,60.2,Sunny,Hot Beverages & Soups,1652.39,139,2023,11,Nov,28,Tuesday,0,Fall
2023-11-28,10.1,0.0,60.2,Sunny,Outdoor & Camping Gear,2467.82,30,2023,11,Nov,28,Tuesday,0,Fall
2023-11-28,10.1,0.0,60.2,Sunny,Rainwear & Umbrellas,251.73,9,2023,11,Nov,28,Tuesday,0,Fall
2023-11-29,5.6,2.6,65.9,Rainy,Cold Beverages & Ice Cream,40.25,5,2023,11,Nov,29,Wednesday,0,Fall
2023-11-29,5.6,2.6,65.9,Rainy,Heating & Winter Apparel,4175.77,64,2023,11,Nov,29,Wednesday,0,Fall
2023-11-29,5.6,2.6,65.9,Rainy,Hot Beverages & Soups,2022.91,174,2023,11,Nov,29,Wednesday,0,Fall
2023-11-29,5.6,2.6,65.9,Rainy,Outdoor & Camping Gear,410.69,5,2023,11,Nov,29,Wednesday,0,Fall
2023-11-29,5.6,2.6,65.9,Rainy,Rainwear & Umbrellas,7595.75,253,2023,11,Nov,29,Wednesday,0,Fall
2023-11-30,11.5,0.0,55.0,Sunny,Cold Beverages & Ice Cream,212.97,25,2023,11,Nov,30,Thursday,0,Fall
2023-11-30,11.5,0.0,55.0,Sunny,Heating & Winter Apparel,1090.15,18,2023,11,Nov,30,Thursday,0,Fall
2023-11-30,11.5,0.0,55.0,Sunny,Hot Beverages & Soups,1305.11,118,2023,11,Nov,30,Thursday,0,Fall
2023-11-30,11.5,0.0,55.0,Sunny,Outdoor & Camping Gear,3082.26,38,2023,11,Nov,30,Thursday,0,Fall
2023-11-30,11.5,0.0,55.0,Sunny,Rainwear & Umbrellas,560.97,20,2023,11,Nov,30,Thursday,0,Fall
2023-12-01,8.2,14.4,73.6,Rainy,Cold Beverages & Ice Cream,49.24,6,2023,12,Dec,1,Friday,0,Winter
2023-12-01,8.2,14.4,73.6,Rainy,Heating & Winter Apparel,2572.58,40,2023,12,Dec,1,Friday,0,Winter
2023-12-01,8.2,14.4,73.6,Rainy,Hot Beverages & Soups,2306.35,196,2023,12,Dec,1,Friday,0,Winter
2023-12-01,8.2,14.4,73.6,Rainy,Outdoor & Camping Gear,1364.75,16,2023,12,Dec,1,Friday,0,Winter
2023-12-01,8.2,14.4,73.6,Rainy,Rainwear & Umbrellas,58350.04,1983,2023,12,Dec,1,Friday,0,Winter
2023-12-02,7.1,6.3,59.9,Rainy,Cold Beverages & Ice Cream,50.19,6,2023,12,Dec,2,Saturday,1,Winter
2023-12-02,7.1,6.3,59.9,Rainy,Heating & Winter Apparel,3745.1,62,2023,12,Dec,2,Saturday,1,Winter
2023-12-02,7.1,6.3,59.9,Rainy,Hot Beverages & Soups,3242.41,258,2023,12,Dec,2,Saturday,1,Winter
2023-12-02,7.1,6.3,59.9,Rainy,Outdoor & Camping Gear,905.51,10,2023,12,Dec,2,Saturday,1,Winter
2023-12-02,7.1,6.3,59.9,Rainy,Rainwear & Umbrellas,20716.0,792,2023,12,Dec,2,Saturday,1,Winter
2023-12-03,11.4,0.0,53.3,Sunny,Cold Beverages & Ice Cream,213.4,25,2023,12,Dec,3,Sunday,1,Winter
2023-12-03,11.4,0.0,53.3,Sunny,Heating & Winter Apparel,1332.36,19,2023,12,Dec,3,Sunday,1,Winter
2023-12-03,11.4,0.0,53.3,Sunny,Hot Beverages & Soups,1841.3,164,2023,12,Dec,3,Sunday,1,Winter
2023-12-03,11.4,0.0,53.3,Sunny,Outdoor & Camping Gear,3911.66,43,2023,12,Dec,3,Sunday,1,Winter
2023-12-03,11.4,0.0,53.3,Sunny,Rainwear & Umbrellas,751.44,28,2023,12,Dec,3,Sunday,1,Winter
2023-12-04,6.3,13.2,58.3,Rainy,Cold Beverages & Ice Cream,144.54,16,2023,12,Dec,4,Monday,0,Winter
2023-12-04,6.3,13.2,58.3,Rainy,Heating & Winter Apparel,2698.11,41,2023,12,Dec,4,Monday,0,Winter
2023-12-04,6.3,13.2,58.3,Rainy,Hot Beverages & Soups,2507.72,220,2023,12,Dec,4,Monday,0,Winter
2023-12-04,6.3,13.2,58.3,Rainy,Outdoor & Camping Gear,398.04,5,2023,12,Dec,4,Monday,0,Winter
2023-12-04,6.3,13.2,58.3,Rainy,Rainwear & Umbrellas,49829.16,1790,2023,12,Dec,4,Monday,0,Winter
2023-12-05,4.2,0.0,57.2,Sunny,Cold Beverages & Ice Cream,42.08,5,2023,12,Dec,5,Tuesday,0,Winter
2023-12-05,4.2,0.0,57.2,Sunny,Heating & Winter Apparel,4767.84,70,2023,12,Dec,5,Tuesday,0,Winter
2023-12-05,4.2,0.0,57.2,Sunny,Hot Beverages & Soups,2201.26,171,2023,12,Dec,5,Tuesday,0,Winter
2023-12-05,4.2,0.0,57.2,Sunny,Outdoor & Camping Gear,572.23,7,2023,12,Dec,5,Tuesday,0,Winter
2023-12-05,4.2,0.0,57.2,Sunny,Rainwear & Umbrellas,1058.33,40,2023,12,Dec,5,Tuesday,0,Winter
2023-12-06,3.6,12.0,63.3,Rainy,Cold Beverages & Ice Cream,44.25,5,2023,12,Dec,6,Wednesday,0,Winter
2023-12-06,3.6,12.0,63.3,Rainy,Heating & Winter Apparel,5171.71,80,2023,12,Dec,6,Wednesday,0,Winter
2023-12-06,3.6,12.0,63.3,Rainy,Hot Beverages & Soups,3141.4,256,2023,12,Dec,6,Wednesday,0,Winter
2023-12-06,3.6,12.0,63.3,Rainy,Outdoor & Camping Gear,436.49,5,2023,12,Dec,6,Wednesday,0,Winter
2023-12-06,3.6,12.0,63.3,Rainy,Rainwear & Umbrellas,45558.26,1591,2023,12,Dec,6,Wednesday,0,Winter
2023-12-07,9.5,5.6,59.4,Rainy,Cold Beverages & Ice Cream,165.03,19,2023,12,Dec,7,Thursday,0,Winter
2023-12-07,9.5,5.6,59.4,Rainy,Heating & Winter Apparel,2102.16,33,2023,12,Dec,7,Thursday,0,Winter
2023-12-07,9.5,5.6,59.4,Rainy,Hot Beverages & Soups,2212.52,181,2023,12,Dec,7,Thursday,0,Winter
2023-12-07,9.5,5.6,62.7,Rainy,Outdoor & Camping Gear,442.16,5,2023,12,Dec,7,Thursday,0,Winter
2023-12-07,9.5,5.6,59.4,Rainy,Rainwear & Umbrellas,16727.97,624,2023,12,Dec,7,Thursday,0,Winter
2023-12-08,4.1,6.4,68.7,Rainy,Cold Beverages & Ice Cream,43.52,5,2023,12,Dec,8,Friday,0,Winter
2023-12-08,4.1,6.4,68.7,Rainy,Heating & Winter Apparel,5263.35,75,2023,12,Dec,8,Friday,0,Winter
2023-12-08,4.1,6.4,68.7,Rainy,Hot Beverages & Soups,2884.05,246,2023,12,Dec,8,Friday,0,Winter
2023-12-08,4.1,6.4,68.7,Rainy,Outdoor & Camping Gear,438.34,5,2023,12,Dec,8,Friday,0,Winter
2023-12-08,4.1,6.4,68.7,Rainy,Rainwear & Umbrellas,21726.18,747,2023,12,Dec,8,Friday,0,Winter
2023-12-09,12.5,0.0,46.0,Sunny,Cold Beverages & Ice Cream,306.88,37,2023,12,Dec,9,Saturday,1,Winter
2023-12-09,12.5,0.0,46.0,Sunny,Heating & Winter Apparel,994.58,15,2023,12,Dec,9,Saturday,1,Winter
2023-12-09,12.5,0.0,46.0,Sunny,Hot Beverages & Soups,1842.75,149,2023,12,Dec,9,Saturday,1,Winter
2023-12-09,12.5,0.0,46.0,Sunny,Outdoor & Camping Gear,3652.75,45,2023,12,Dec,9,Saturday,1,Winter
2023-12-09,12.5,0.0,46.0,Sunny,Rainwear & Umbrellas,871.03,32,2023,12,Dec,9,Saturday,1,Winter
2023-12-10,1.6,11.2,56.0,Rainy,Cold Beverages & Ice Cream,41.7,5,2023,12,Dec,10,Sunday,1,Winter
2023-12-10,1.6,11.2,56.0,Rainy,Heating & Winter Apparel,7431.21,124,2023,12,Dec,10,Sunday,1,Winter
2023-12-10,1.6,11.2,56.0,Rainy,Hot Beverages & Soups,4278.79,348,2023,12,Dec,10,Sunday,1,Winter
2023-12-10,1.6,11.2,56.0,Rainy,Outdoor & Camping Gear,448.82,5,2023,12,Dec,10,Sunday,1,Winter
2023-12-10,1.6,11.2,56.0,Rainy,Rainwear & Umbrellas,48070.61,1606,2023,12,Dec,10,Sunday,1,Winter
2023-12-11,12.1,0.0,52.5,Sunny,Cold Beverages & Ice Cream,217.43,27,2023,12,Dec,11,Monday,0,Winter
2023-12-11,12.1,0.0,52.5,Sunny,Heating & Winter Apparel,997.51,15,2023,12,Dec,11,Monday,0,Winter
2023-12-11,12.1,0.0,52.5,Sunny,Hot Beverages & Soups,1520.67,125,2023,12,Dec,11,Monday,0,Winter
2023-12-11,12.1,0.0,52.5,Sunny,Outdoor & Camping Gear,2314.61,27,2023,12,Dec,11,Monday,0,Winter
2023-12-11,12.1,0.0,52.5,Sunny,Rainwear & Umbrellas,585.33,20,2023,12,Dec,11,Monday,0,Winter
2023-12-12,7.8,0.0,62.1,Sunny,Cold Beverages & Ice Cream,45.47,5,2023,12,Dec,12,Tuesday,0,Winter
2023-12-12,7.8,0.0,62.1,Sunny,Heating & Winter Apparel,2302.67,38,2023,12,Dec,12,Tuesday,0,Winter
2023-12-12,7.8,0.0,62.1,Sunny,Hot Beverages & Soups,1861.34,153,2023,12,Dec,12,Tuesday,0,Winter
2023-12-12,7.8,0.0,62.1,Sunny,Outdoor & Camping Gear,1887.61,24,2023,12,Dec,12,Tuesday,0,Winter
2023-12-12,7.8,0.0,62.1,Sunny,Rainwear & Umbrellas,766.99,26,2023,12,Dec,12,Tuesday,0,Winter
2023-12-13,6.8,0.0,61.4,Sunny,Cold Beverages & Ice Cream,43.9,5,2023,12,Dec,13,Wednesday,0,Winter
2023-12-13,6.8,0.0,61.4,Sunny,Heating & Winter Apparel,3294.9,53,2023,12,Dec,13,Wednesday,0,Winter
2023-12-13,6.8,0.0,61.4,Sunny,Hot Beverages & Soups,1656.97,150,2023,12,Dec,13,Wednesday,0,Winter
2023-12-13,6.8,0.0,61.4,Sunny,Outdoor & Camping Gear,515.24,6,2023,12,Dec,13,Wednesday,0,Winter
2023-12-13,6.8,0.0,61.4,Sunny,Rainwear & Umbrellas,579.7,20,2023,12,Dec,13,Wednesday,0,Winter
2023-12-14,5.4,0.0,55.1,Sunny,Cold Beverages & Ice Cream,281.13,31,2023,12,Dec,14,Thursday,0,Winter
2023-12-14,5.4,0.0,55.1,Sunny,Heating & Winter Apparel,3859.98,64,2023,12,Dec,14,Thursday,0,Winter
2023-12-14,5.4,0.0,55.1,Sunny,Hot Beverages & Soups,2024.81,172,2023,12,Dec,14,Thursday,0,Winter
2023-12-14,5.4,0.0,55.1,Sunny,Outdoor & Camping Gear,1254.27,15,2023,12,Dec,14,Thursday,0,Winter
2023-12-14,5.4,0.0,55.1,Sunny,Rainwear & Umbrellas,837.56,28,2023,12,Dec,14,Thursday,0,Winter
2023-12-15,8.0,0.0,66.6,Sunny,Cold Beverages & Ice Cream,40.03,5,2023,12,Dec,15,Friday,0,Winter
2023-12-15,8.0,0.0,66.6,Sunny,Heating & Winter Apparel,2589.52,43,2023,12,Dec,15,Friday,0,Winter
2023-12-15,8.0,0.0,66.6,Sunny,Hot Beverages & Soups,1783.48,151,2023,12,Dec,15,Friday,0,Winter
2023-12-15,8.0,0.0,66.6,Sunny,Outdoor & Camping Gear,1866.27,22,2023,12,Dec,15,Friday,0,Winter
2023-12-15,8.0,0.0,66.6,Sunny,Rainwear & Umbrellas,638.32,24,2023,12,Dec,15,Friday,0,Winter
2023-12-16,6.6,17.1,66.4,Rainy,Cold Beverages & Ice Cream,149.59,17,2023,12,Dec,16,Saturday,1,Winter
2023-12-16,6.6,17.1,66.4,Rainy,Heating & Winter Apparel,3495.42,56,2023,12,Dec,16,Saturday,1,Winter
2023-12-16,6.6,17.1,66.4,Rainy,Hot Beverages & Soups,3524.75,279,2023,12,Dec,16,Saturday,1,Winter
2023-12-16,6.6,17.1,66.4,Rainy,Outdoor & Camping Gear,391.91,5,2023,12,Dec,16,Saturday,1,Winter
2023-12-16,6.6,17.1,66.4,Rainy,Rainwear & Umbrellas,73612.47,2706,2023,12,Dec,16,Saturday,1,Winter
2023-12-17,9.7,5.4,64.8,Rainy,Cold Beverages & Ice Cream,135.27,16,2023,12,Dec,17,Sunday,1,Winter
2023-12-17,9.7,5.4,64.8,Rainy,Heating & Winter Apparel,1763.28,27,2023,12,Dec,17,Sunday,1,Winter
2023-12-17,9.7,5.4,64.8,Rainy,Hot Beverages & Soups,2871.09,228,2023,12,Dec,17,Sunday,1,Winter
2023-12-17,9.7,5.4,64.8,Rainy,Outdoor & Camping Gear,445.55,5,2023,12,Dec,17,Sunday,1,Winter
2023-12-17,9.7,5.4,64.8,Rainy,Rainwear & Umbrellas,19901.95,666,2023,12,Dec,17,Sunday,1,Winter
2023-12-18,6.8,0.0,57.1,Sunny,Cold Beverages & Ice Cream,152.53,19,2023,12,Dec,18,Monday,0,Winter
2023-12-18,6.8,0.0,57.1,Sunny,Heating & Winter Apparel,3476.32,53,2023,12,Dec,18,Monday,0,Winter
2023-12-18,6.8,0.0,57.1,Sunny,Hot Beverages & Soups,2203.19,174,2023,12,Dec,18,Monday,0,Winter
2023-12-18,6.8,0.0,57.1,Sunny,Outdoor & Camping Gear,412.61,5,2023,12,Dec,18,Monday,0,Winter
2023-12-18,6.8,0.0,57.1,Sunny,Rainwear & Umbrellas,811.06,30,2023,12,Dec,18,Monday,0,Winter
2023-12-19,6.8,21.9,68.1,Rainy,Cold Beverages & Ice Cream,45.1,5,2023,12,Dec,19,Tuesday,0,Winter
2023-12-19,6.8,21.9,68.1,Rainy,Heating & Winter Apparel,2210.25,35,2023,12,Dec,19,Tuesday,0,Winter
2023-12-19,6.8,21.9,68.1,Rainy,Hot Beverages & Soups,2834.25,227,2023,12,Dec,19,Tuesday,0,Winter
2023-12-19,6.8,21.9,68.1,Rainy,Outdoor & Camping Gear,415.19,5,2023,12,Dec,19,Tuesday,0,Winter
2023-12-19,6.8,21.9,68.1,Rainy,Rainwear & Umbrellas,88146.43,3334,2023,12,Dec,19,Tuesday,0,Winter
2023-12-20,5.3,0.0,56.1,Sunny,Cold Beverages & Ice Cream,43.92,5,2023,12,Dec,20,Wednesday,0,Winter
2023-12-20,5.3,0.0,56.1,Sunny,Heating & Winter Apparel,4548.88,65,2023,12,Dec,20,Wednesday,0,Winter
2023-12-20,5.3,0.0,56.1,Sunny,Hot Beverages & Soups,2310.35,180,2023,12,Dec,20,Wednesday,0,Winter
2023-12-20,5.3,0.0,56.1,Sunny,Outdoor & Camping Gear,1259.4,14,2023,12,Dec,20,Wednesday,0,Winter
2023-12-20,5.3,0.0,56.1,Sunny,Rainwear & Umbrellas,964.55,37,2023,12,Dec,20,Wednesday,0,Winter
2023-12-21,6.0,5.6,68.2,Rainy,Cold Beverages & Ice Cream,43.15,5,2023,12,Dec,21,Thursday,0,Winter
2023-12-21,6.0,5.6,68.2,Rainy,Heating & Winter Apparel,3098.81,48,2023,12,Dec,21,Thursday,0,Winter
2023-12-21,6.0,5.6,68.2,Rainy,Hot Beverages & Soups,2498.92,224,2023,12,Dec,21,Thursday,0,Winter
2023-12-21,6.0,5.6,68.2,Rainy,Outdoor & Camping Gear,431.61,5,2023,12,Dec,21,Thursday,0,Winter
2023-12-21,6.0,5.6,68.2,Rainy,Rainwear & Umbrellas,18714.61,638,2023,12,Dec,21,Thursday,0,Winter
2023-12-22,7.0,11.1,69.0,Rainy,Cold Beverages & Ice Cream,41.22,5,2023,12,Dec,22,Friday,0,Winter
2023-12-22,7.0,11.1,69.0,Rainy,Heating & Winter Apparel,2525.7,39,2023,12,Dec,22,Friday,0,Winter
2023-12-22,7.0,11.1,69.0,Rainy,Hot Beverages & Soups,2364.36,199,2023,12,Dec,22,Friday,0,Winter
2023-12-22,7.0,11.1,69.0,Rainy,Outdoor & Camping Gear,458.23,5,2023,12,Dec,22,Friday,0,Winter
2023-12-22,7.0,11.1,69.0,Rainy,Rainwear & Umbrellas,38843.9,1448,2023,12,Dec,22,Friday,0,Winter
2023-12-23,1.2,0.0,68.0,Sunny,Cold Beverages & Ice Cream,98.98,11,2023,12,Dec,23,Saturday,1,Winter
2023-12-23,1.2,0.0,68.0,Sunny,Heating & Winter Apparel,9126.73,132,2023,12,Dec,23,Saturday,1,Winter
2023-12-23,1.2,0.0,68.0,Sunny,Hot Beverages & Soups,3177.61,252,2023,12,Dec,23,Saturday,1,Winter
2023-12-23,1.2,0.0,68.0,Sunny,Outdoor & Camping Gear,695.07,8,2023,12,Dec,23,Saturday,1,Winter
2023-12-23,1.2,0.0,68.0,Sunny,Rainwear & Umbrellas,767.55,28,2023,12,Dec,23,Saturday,1,Winter
2023-12-24,2.2,26.1,80.6,Rainy,Cold Beverages & Ice Cream,188.11,21,2023,12,Dec,24,Sunday,1,Winter
2023-12-24,2.2,26.1,80.6,Rainy,Heating & Winter Apparel,7858.03,120,2023,12,Dec,24,Sunday,1,Winter
2023-12-24,2.2,26.1,80.6,Rainy,Hot Beverages & Soups,3845.06,345,2023,12,Dec,24,Sunday,1,Winter
2023-12-24,2.2,26.1,80.6,Rainy,Outdoor & Camping Gear,766.05,9,2023,12,Dec,24,Sunday,1,Winter
2023-12-24,2.2,26.1,80.6,Rainy,Rainwear & Umbrellas,119224.49,4573,2023,12,Dec,24,Sunday,1,Winter
2023-12-25,7.9,0.0,48.6,Sunny,Cold Beverages & Ice Cream,45.58,5,2023,12,Dec,25,Monday,0,Winter
2023-12-25,7.9,0.0,48.6,Sunny,Heating & Winter Apparel,2953.11,43,2023,12,Dec,25,Monday,0,Winter
2023-12-25,7.9,0.0,48.6,Sunny,Hot Beverages & Soups,1785.61,156,2023,12,Dec,25,Monday,0,Winter
2023-12-25,7.9,0.0,48.6,Sunny,Outdoor & Camping Gear,1607.13,18,2023,12,Dec,25,Monday,0,Winter
2023-12-25,7.9,0.0,48.6,Sunny,Rainwear & Umbrellas,484.69,17,2023,12,Dec,25,Monday,0,Winter
2023-12-26,6.3,0.0,73.4,Cloudy,Cold Beverages & Ice Cream,52.53,6,2023,12,Dec,26,Tuesday,0,Winter
2023-12-26,6.3,0.0,73.4,Cloudy,Heating & Winter Apparel,3003.76,50,2023,12,Dec,26,Tuesday,0,Winter
2023-12-26,6.3,0.0,73.4,Cloudy,Hot Beverages & Soups,1931.56,161,2023,12,Dec,26,Tuesday,0,Winter
2023-12-26,6.3,0.0,73.4,Cloudy,Outdoor & Camping Gear,417.52,5,2023,12,Dec,26,Tuesday,0,Winter
2023-12-26,6.3,0.0,73.4,Cloudy,Rainwear & Umbrellas,717.22,26,2023,12,Dec,26,Tuesday,0,Winter
2023-12-27,5.2,25.0,78.8,Rainy,Cold Beverages & Ice Cream,142.18,18,2023,12,Dec,27,Wednesday,0,Winter
2023-12-27,5.2,25.0,78.8,Rainy,Heating & Winter Apparel,4210.6,65,2023,12,Dec,27,Wednesday,0,Winter
2023-12-27,5.2,25.0,78.8,Rainy,Hot Beverages & Soups,2928.0,228,2023,12,Dec,27,Wednesday,0,Winter
2023-12-27,5.2,25.0,78.8,Rainy,Outdoor & Camping Gear,416.78,5,2023,12,Dec,27,Wednesday,0,Winter
2023-12-27,5.2,25.0,78.8,Rainy,Rainwear & Umbrellas,113366.05,3946,2023,12,Dec,27,Wednesday,0,Winter
2023-12-28,5.7,0.0,63.3,Sunny,Cold Beverages & Ice Cream,44.39,5,2023,12,Dec,28,Thursday,0,Winter
2023-12-28,5.7,0.0,63.3,Sunny,Heating & Winter Apparel,3571.28,54,2023,12,Dec,28,Thursday,0,Winter
2023-12-28,5.7,0.0,63.3,Sunny,Hot Beverages & Soups,2092.06,164,2023,12,Dec,28,Thursday,0,Winter
2023-12-28,5.7,0.0,63.3,Sunny,Outdoor & Camping Gear,1421.54,18,2023,12,Dec,28,Thursday,0,Winter
2023-12-28,5.7,0.0,63.3,Sunny,Rainwear & Umbrellas,601.39,23,2023,12,Dec,28,Thursday,0,Winter
2023-12-29,6.5,0.0,57.2,Sunny,Cold Beverages & Ice Cream,39.14,5,2023,12,Dec,29,Friday,0,Winter
2023-12-29,6.5,0.0,57.2,Sunny,Heating & Winter Apparel,3581.88,59,2023,12,Dec,29,Friday,0,Winter
2023-12-29,6.5,0.0,57.2,Sunny,Hot Beverages & Soups,1862.92,165,2023,12,Dec,29,Friday,0,Winter
2023-12-29,6.5,0.0,57.2,Sunny,Outdoor & Camping Gear,766.78,9,2023,12,Dec,29,Friday,0,Winter
2023-12-29,6.5,0.0,57.2,Sunny,Rainwear & Umbrellas,938.66,32,2023,12,Dec,29,Friday,0,Winter
2023-12-30,4.0,0.0,67.8,Sunny,Cold Beverages & Ice Cream,143.04,18,2023,12,Dec,30,Saturday,1,Winter
2023-12-30,4.0,0.0,67.8,Sunny,Heating & Winter Apparel,5348.19,85,2023,12,Dec,30,Saturday,1,Winter
2023-12-30,4.0,0.0,67.8,Sunny,Hot Beverages & Soups,2701.75,234,2023,12,Dec,30,Saturday,1,Winter
2023-12-30,4.0,0.0,67.8,Sunny,Outdoor & Camping Gear,769.26,9,2023,12,Dec,30,Saturday,1,Winter
2023-12-30,4.0,0.0,67.8,Sunny,Rainwear & Umbrellas,717.24,25,2023,12,Dec,30,Saturday,1,Winter
2023-12-31,3.3,5.3,57.2,Rainy,Cold Beverages & Ice Cream,197.15,25,2023,12,Dec,31,Sunday,1,Winter
2023-12-31,3.3,5.3,57.2,Rainy,Heating & Winter Apparel,6694.61,110,2023,12,Dec,31,Sunday,1,Winter
2023-12-31,3.3,5.3,57.2,Rainy,Hot Beverages & Soups,4068.17,330,2023,12,Dec,31,Sunday,1,Winter
2023-12-31,3.3,5.3,57.2,Rainy,Outdoor & Camping Gear,411.86,5,2023,12,Dec,31,Sunday,1,Winter
2023-12-31,3.3,5.3,57.2,Rainy,Rainwear & Umbrellas,18646.91,651,2023,12,Dec,31,Sunday,1,Winter
2024-01-01,5.9,0.0,63.8,Sunny,Cold Beverages & Ice Cream,62.4,7,2024,1,Jan,1,Monday,0,Winter
2024-01-01,5.9,0.0,63.8,Sunny,Heating & Winter Apparel,3235.74,52,2024,1,Jan,1,Monday,0,Winter
2024-01-01,5.9,0.0,63.8,Sunny,Hot Beverages & Soups,2112.65,165,2024,1,Jan,1,Monday,0,Winter
2024-01-01,5.9,0.0,63.8,Sunny,Outdoor & Camping Gear,1157.69,13,2024,1,Jan,1,Monday,0,Winter
2024-01-01,5.9,0.0,63.8,Sunny,Rainwear & Umbrellas,668.57,25,2024,1,Jan,1,Monday,0,Winter
2024-01-02,2.6,0.0,47.6,Sunny,Cold Beverages & Ice Cream,42.6,5,2024,1,Jan,2,Tuesday,0,Winter
2024-01-02,2.6,0.0,47.6,Sunny,Heating & Winter Apparel,5599.82,91,2024,1,Jan,2,Tuesday,0,Winter
2024-01-02,2.6,0.0,47.6,Sunny,Hot Beverages & Soups,2262.92,190,2024,1,Jan,2,Tuesday,0,Winter
2024-01-02,2.6,0.0,47.6,Sunny,Outdoor & Camping Gear,727.77,9,2024,1,Jan,2,Tuesday,0,Winter
2024-01-02,2.6,0.0,47.6,Sunny,Rainwear & Umbrellas,652.85,22,2024,1,Jan,2,Tuesday,0,Winter
2024-01-03,6.4,21.1,77.8,Rainy,Cold Beverages & Ice Cream,43.59,5,2024,1,Jan,3,Wednesday,0,Winter
2024-01-03,6.4,21.1,77.8,Rainy,Heating & Winter Apparel,2940.52,46,2024,1,Jan,3,Wednesday,0,Winter
2024-01-03,6.4,21.1,77.8,Rainy,Hot Beverages & Soups,3040.9,242,2024,1,Jan,3,Wednesday,0,Winter
2024-01-03,6.4,21.1,77.8,Rainy,Outdoor & Camping Gear,398.53,5,2024,1,Jan,3,Wednesday,0,Winter
2024-01-03,6.4,21.1,77.8,Rainy,Rainwear & Umbrellas,89821.78,3182,2024,1,Jan,3,Wednesday,0,Winter
2024-01-04,0.5,20.7,68.4,Snowy,Cold Beverages & Ice Cream,39.86,5,2024,1,Jan,4,Thursday,0,Winter
2024-01-04,0.5,20.7,68.4,Snowy,Heating & Winter Apparel,7215.36,118,2024,1,Jan,4,Thursday,0,Winter
2024-01-04,0.5,20.7,68.4,Snowy,Hot Beverages & Soups,3565.81,292,2024,1,Jan,4,Thursday,0,Winter
2024-01-04,0.5,20.7,68.4,Snowy,Outdoor & Camping Gear,410.79,5,2024,1,Jan,4,Thursday,0,Winter
2024-01-04,0.5,20.7,68.4,Snowy,Rainwear & Umbrellas,90098.76,3114,2024,1,Jan,4,Thursday,0,Winter
2024-01-05,8.1,0.0,60.8,Sunny,Cold Beverages & Ice Cream,105.22,13,2024,1,Jan,5,Friday,0,Winter
2024-01-05,8.1,0.0,60.8,Sunny,Heating & Winter Apparel,2677.32,40,2024,1,Jan,5,Friday,0,Winter
2024-01-05,8.1,0.0,60.8,Sunny,Hot Beverages & Soups,1824.47,156,2024,1,Jan,5,Friday,0,Winter
2024-01-05,8.1,0.0,60.8,Sunny,Outdoor & Camping Gear,1226.98,15,2024,1,Jan,5,Friday,0,Winter
2024-01-05,8.1,0.0,60.8,Sunny,Rainwear & Umbrellas,733.73,25,2024,1,Jan,5,Friday,0,Winter
2024-01-06,6.5,0.0,68.4,Sunny,Cold Beverages & Ice Cream,43.73,5,2024,1,Jan,6,Saturday,1,Winter
2024-01-06,6.5,0.0,68.4,Sunny,Heating & Winter Apparel,3994.38,61,2024,1,Jan,6,Saturday,1,Winter
2024-01-06,6.5,0.0,68.4,Sunny,Hot Beverages & Soups,2764.46,222,2024,1,Jan,6,Saturday,1,Winter
2024-01-06,6.5,0.0,68.4,Sunny,Outdoor & Camping Gear,1400.81,17,2024,1,Jan,6,Saturday,1,Winter
2024-01-06,6.5,0.0,68.4,Sunny,Rainwear & Umbrellas,997.88,37,2024,1,Jan,6,Saturday,1,Winter
2024-01-07,5.8,0.0,65.2,Sunny,Cold Beverages & Ice Cream,44.83,5,2024,1,Jan,7,Sunday,1,Winter
2024-01-07,5.8,0.0,65.2,Sunny,Heating & Winter Apparel,4524.32,70,2024,1,Jan,7,Sunday,1,Winter
2024-01-07,5.8,0.0,65.2,Sunny,Hot Beverages & Soups,2504.73,199,2024,1,Jan,7,Sunday,1,Winter
2024-01-07,5.8,0.0,65.2,Sunny,Outdoor & Camping Gear,1816.05,21,2024,1,Jan,7,Sunday,1,Winter
2024-01-07,5.8,0.0,65.2,Sunny,Rainwear & Umbrellas,680.28,25,2024,1,Jan,7,Sunday,1,Winter
2024-01-08,7.8,0.0,67.0,Sunny,Cold Beverages & Ice Cream,45.75,5,2024,1,Jan,8,Monday,0,Winter
2024-01-08,7.8,0.0,67.0,Sunny,Heating & Winter Apparel,3249.22,47,2024,1,Jan,8,Monday,0,Winter
2024-01-08,7.8,0.0,67.0,Sunny,Hot Beverages & Soups,1619.14,146,2024,1,Jan,8,Monday,0,Winter
2024-01-08,7.8,0.0,67.0,Sunny,Outdoor & Camping Gear,756.34,9,2024,1,Jan,8,Monday,0,Winter
2024-01-08,7.8,0.0,67.0,Sunny,Rainwear & Umbrellas,990.25,35,2024,1,Jan,8,Monday,0,Winter
2024-01-09,9.7,0.0,65.6,Sunny,Cold Beverages & Ice Cream,45.49,5,2024,1,Jan,9,Tuesday,0,Winter
2024-01-09,9.7,0.0,65.6,Sunny,Heating & Winter Apparel,1868.89,30,2024,1,Jan,9,Tuesday,0,Winter
2024-01-09,9.7,0.0,65.6,Sunny,Hot Beverages & Soups,1649.78,131,2024,1,Jan,9,Tuesday,0,Winter
2024-01-09,9.7,0.0,65.6,Sunny,Outdoor & Camping Gear,1649.63,21,2024,1,Jan,9,Tuesday,0,Winter
2024-01-09,9.7,0.0,65.6,Sunny,Rainwear & Umbrellas,580.84,22,2024,1,Jan,9,Tuesday,0,Winter
2024-01-10,7.9,5.1,58.9,Rainy,Cold Beverages & Ice Cream,44.06,5,2024,1,Jan,10,Wednesday,0,Winter
2024-01-10,7.9,5.1,58.9,Rainy,Heating & Winter Apparel,2206.43,34,2024,1,Jan,10,Wednesday,0,Winter
2024-01-10,7.9,5.1,58.9,Rainy,Hot Beverages & Soups,2598.46,201,2024,1,Jan,10,Wednesday,0,Winter
2024-01-10,7.9,5.1,58.9,Rainy,Outdoor & Camping Gear,398.45,5,2024,1,Jan,10,Wednesday,0,Winter
2024-01-10,7.9,5.1,58.9,Rainy,Rainwear & Umbrellas,14824.93,552,2024,1,Jan,10,Wednesday,0,Winter
2024-01-11,-0.1,12.3,74.1,Snowy,Cold Beverages & Ice Cream,178.64,20,2024,1,Jan,11,Thursday,0,Winter
2024-01-11,-0.1,12.3,74.1,Snowy,Heating & Winter Apparel,8198.54,120,2024,1,Jan,11,Thursday,0,Winter
2024-01-11,-0.1,12.3,74.1,Snowy,Hot Beverages & Soups,3528.81,292,2024,1,Jan,11,Thursday,0,Winter
2024-01-11,-0.1,12.3,74.1,Snowy,Outdoor & Camping Gear,432.91,5,2024,1,Jan,11,Thursday,0,Winter
2024-01-11,-0.1,12.3,74.1,Snowy,Rainwear & Umbrellas,42575.34,1637,2024,1,Jan,11,Thursday,0,Winter
2024-01-12,1.4,0.0,50.4,Sunny,Cold Beverages & Ice Cream,135.89,15,2024,1,Jan,12,Friday,0,Winter
2024-01-12,1.4,0.0,50.4,Sunny,Heating & Winter Apparel,6103.47,102,2024,1,Jan,12,Friday,0,Winter
2024-01-12,1.4,0.0,50.4,Sunny,Hot Beverages & Soups,2469.77,203,2024,1,Jan,12,Friday,0,Winter
2024-01-12,1.4,0.0,50.4,Sunny,Outdoor & Camping Gear,626.63,8,2024,1,Jan,12,Friday,0,Winter
2024-01-12,1.4,0.0,50.4,Sunny,Rainwear & Umbrellas,895.75,30,2024,1,Jan,12,Friday,0,Winter
2024-01-13,3.3,0.0,56.4,Sunny,Cold Beverages & Ice Cream,168.97,19,2024,1,Jan,13,Saturday,1,Winter
2024-01-13,3.3,0.0,56.4,Sunny,Heating & Winter Apparel,6309.18,104,2024,1,Jan,13,Saturday,1,Winter
2024-01-13,3.3,0.0,56.4,Sunny,Hot Beverages & Soups,3155.11,246,2024,1,Jan,13,Saturday,1,Winter
2024-01-13,3.3,0.0,56.4,Sunny,Outdoor & Camping Gear,403.05,5,2024,1,Jan,13,Saturday,1,Winter
2024-01-13,3.3,0.0,56.4,Sunny,Rainwear & Umbrellas,745.22,25,2024,1,Jan,13,Saturday,1,Winter
2024-01-14,5.1,14.7,78.8,Rainy,Cold Beverages & Ice Cream,221.61,27,2024,1,Jan,14,Sunday,1,Winter
2024-01-14,5.1,14.7,78.8,Rainy,Heating & Winter Apparel,5060.3,79,2024,1,Jan,14,Sunday,1,Winter
2024-01-14,5.1,14.7,78.8,Rainy,Hot Beverages & Soups,3806.33,307,2024,1,Jan,14,Sunday,1,Winter
2024-01-14,5.1,14.7,78.8,Rainy,Outdoor & Camping Gear,399.11,5,2024,1,Jan,14,Sunday,1,Winter
2024-01-14,5.1,14.7,78.8,Rainy,Rainwear & Umbrellas,64057.31,2244,2024,1,Jan,14,Sunday,1,Winter
2024-01-15,6.4,0.0,57.1,Sunny,Cold Beverages & Ice Cream,39.4,5,2024,1,Jan,15,Monday,0,Winter
2024-01-15,6.4,0.0,57.1,Sunny,Heating & Winter Apparel,3171.44,47,2024,1,Jan,15,Monday,0,Winter
2024-01-15,6.4,0.0,57.1,Sunny,Hot Beverages & Soups,1849.99,152,2024,1,Jan,15,Monday,0,Winter
2024-01-15,6.4,0.0,57.1,Sunny,Outdoor & Camping Gear,636.41,8,2024,1,Jan,15,Monday,0,Winter
2024-01-15,6.4,0.0,57.1,Sunny,Rainwear & Umbrellas,599.71,20,2024,1,Jan,15,Monday,0,Winter
2024-01-16,3.0,18.2,60.7,Rainy,Cold Beverages & Ice Cream,150.59,18,2024,1,Jan,16,Tuesday,0,Winter
2024-01-16,3.0,18.2,60.7,Rainy,Heating & Winter Apparel,5690.47,82,2024,1,Jan,16,Tuesday,0,Winter
2024-01-16,3.0,18.2,60.7,Rainy,Hot Beverages & Soups,3256.2,262,2024,1,Jan,16,Tuesday,0,Winter
2024-01-16,3.0,18.2,60.7,Rainy,Outdoor & Camping Gear,444.33,5,2024,1,Jan,16,Tuesday,0,Winter
2024-01-16,3.0,18.2,60.7,Rainy,Rainwear & Umbrellas,72987.67,2652,2024,1,Jan,16,Tuesday,0,Winter
2024-01-17,5.5,0.0,73.1,Cloudy,Cold Beverages & Ice Cream,83.14,10,2024,1,Jan,17,Wednesday,0,Winter
2024-01-17,5.5,0.0,73.1,Cloudy,Heating & Winter Apparel,4070.79,61,2024,1,Jan,17,Wednesday,0,Winter
2024-01-17,5.5,0.0,73.1,Cloudy,Hot Beverages & Soups,1776.17,154,2024,1,Jan,17,Wednesday,0,Winter
2024-01-17,5.5,0.0,73.1,Cloudy,Outdoor & Camping Gear,1171.66,14,2024,1,Jan,17,Wednesday,0,Winter
2024-01-17,5.5,0.0,73.1,Cloudy,Rainwear & Umbrellas,553.56,20,2024,1,Jan,17,Wednesday,0,Winter
2024-01-18,2.9,0.0,64.7,Sunny,Cold Beverages & Ice Cream,93.07,11,2024,1,Jan,18,Thursday,0,Winter
2024-01-18,2.9,0.0,64.7,Sunny,Heating & Winter Apparel,5296.71,84,2024,1,Jan,18,Thursday,0,Winter
2024-01-18,2.9,0.0,64.7,Sunny,Hot Beverages & Soups,2231.27,200,2024,1,Jan,18,Thursday,0,Winter
2024-01-18,2.9,0.0,64.7,Sunny,Outdoor & Camping Gear,447.16,5,2024,1,Jan,18,Thursday,0,Winter
2024-01-18,2.9,0.0,64.7,Sunny,Rainwear & Umbrellas,838.03,32,2024,1,Jan,18,Thursday,0,Winter
2024-01-19,3.3,3.6,68.2,Rainy,Cold Beverages & Ice Cream,143.33,16,2024,1,Jan,19,Friday,0,Winter
2024-01-19,3.3,3.6,68.2,Rainy,Heating & Winter Apparel,5079.11,84,2024,1,Jan,19,Friday,0,Winter
2024-01-19,3.3,3.6,68.2,Rainy,Hot Beverages & Soups,3165.44,257,2024,1,Jan,19,Friday,0,Winter
2024-01-19,3.3,3.6,68.2,Rainy,Outdoor & Camping Gear,398.28,5,2024,1,Jan,19,Friday,0,Winter
2024-01-19,3.3,3.6,68.2,Rainy,Rainwear & Umbrellas,9506.16,368,2024,1,Jan,19,Friday,0,Winter
2024-01-20,1.1,90.5,98.5,Stormy,Cold Beverages & Ice Cream,40.03,5,2024,1,Jan,20,Saturday,1,Winter
2024-01-20,1.1,90.5,98.5,Stormy,Heating & Winter Apparel,8018.02,129,2024,1,Jan,20,Saturday,1,Winter
2024-01-20,1.1,90.5,98.5,Stormy,Hot Beverages & Soups,4400.03,360,2024,1,Jan,20,Saturday,1,Winter
2024-01-20,1.1,90.5,98.5,Stormy,Outdoor & Camping Gear,397.57,5,2024,1,Jan,20,Saturday,1,Winter
2024-01-20,1.1,90.5,98.5,Stormy,Rainwear & Umbrellas,607256.71,21513,2024,1,Jan,20,Saturday,1,Winter
2024-01-21,2.5,16.9,74.0,Rainy,Cold Beverages & Ice Cream,121.72,14,2024,1,Jan,21,Sunday,1,Winter
2024-01-21,2.5,16.9,74.0,Rainy,Heating & Winter Apparel,6707.49,106,2024,1,Jan,21,Sunday,1,Winter
2024-01-21,2.5,16.9,74.0,Rainy,Hot Beverages & Soups,3741.96,337,2024,1,Jan,21,Sunday,1,Winter
2024-01-21,2.5,16.9,74.0,Rainy,Outdoor & Camping Gear,521.91,6,2024,1,Jan,21,Sunday,1,Winter
2024-01-21,2.5,16.9,74.0,Rainy,Rainwear & Umbrellas,73165.24,2659,2024,1,Jan,21,Sunday,1,Winter
2024-01-22,1.3,0.0,63.4,Sunny,Cold Beverages & Ice Cream,41.42,5,2024,1,Jan,22,Monday,0,Winter
2024-01-22,1.3,0.0,63.4,Sunny,Heating & Winter Apparel,6117.06,100,2024,1,Jan,22,Monday,0,Winter
2024-01-22,1.3,0.0,63.4,Sunny,Hot Beverages & Soups,2494.24,198,2024,1,Jan,22,Monday,0,Winter
2024-01-22,1.3,0.0,63.4,Sunny,Outdoor & Camping Gear,450.86,5,2024,1,Jan,22,Monday,0,Winter
2024-01-22,1.3,0.0,63.4,Sunny,Rainwear & Umbrellas,608.68,23,2024,1,Jan,22,Monday,0,Winter
2024-01-23,2.4,0.0,55.9,Sunny,Cold Beverages & Ice Cream,65.57,8,2024,1,Jan,23,Tuesday,0,Winter
2024-01-23,2.4,0.0,55.9,Sunny,Heating & Winter Apparel,5432.0,90,2024,1,Jan,23,Tuesday,0,Winter
2024-01-23,2.4,0.0,55.9,Sunny,Hot Beverages & Soups,2317.2,191,2024,1,Jan,23,Tuesday,0,Winter
2024-01-23,2.4,0.0,55.9,Sunny,Outdoor & Camping Gear,400.59,5,2024,1,Jan,23,Tuesday,0,Winter
2024-01-23,2.4,0.0,55.9,Sunny,Rainwear & Umbrellas,315.14,12,2024,1,Jan,23,Tuesday,0,Winter
2024-01-24,8.1,22.6,72.5,Rainy,Cold Beverages & Ice Cream,43.24,5,2024,1,Jan,24,Wednesday,0,Winter
2024-01-24,8.1,22.6,72.5,Rainy,Heating & Winter Apparel,2366.13,39,2024,1,Jan,24,Wednesday,0,Winter
2024-01-24,8.1,22.6,72.5,Rainy,Hot Beverages & Soups,2431.96,197,2024,1,Jan,24,Wednesday,0,Winter
2024-01-24,8.1,22.6,72.5,Rainy,Outdoor & Camping Gear,430.08,5,2024,1,Jan,24,Wednesday,0,Winter
2024-01-24,8.1,22.6,72.5,Rainy,Rainwear & Umbrellas,100818.02,3482,2024,1,Jan,24,Wednesday,0,Winter
2024-01-25,2.5,0.0,51.4,Sunny,Cold Beverages & Ice Cream,42.91,5,2024,1,Jan,25,Thursday,0,Winter
2024-01-25,2.5,0.0,51.4,Sunny,Heating & Winter Apparel,6108.38,93,2024,1,Jan,25,Thursday,0,Winter
2024-01-25,2.5,0.0,51.4,Sunny,Hot Beverages & Soups,2191.73,190,2024,1,Jan,25,Thursday,0,Winter
2024-01-25,2.5,0.0,51.4,Sunny,Outdoor & Camping Gear,421.76,5,2024,1,Jan,25,Thursday,0,Winter
2024-01-25,2.5,0.0,51.4,Sunny,Rainwear & Umbrellas,677.5,25,2024,1,Jan,25,Thursday,0,Winter
2024-01-26,12.6,27.3,72.7,Rainy,Cold Beverages & Ice Cream,117.6,13,2024,1,Jan,26,Friday,0,Winter
2024-01-26,12.6,27.3,72.7,Rainy,Heating & Winter Apparel,783.55,13,2024,1,Jan,26,Friday,0,Winter
2024-01-26,12.6,27.3,72.7,Rainy,Hot Beverages & Soups,2053.13,161,2024,1,Jan,26,Friday,0,Winter
2024-01-26,12.6,27.3,72.7,Rainy,Outdoor & Camping Gear,415.86,5,2024,1,Jan,26,Friday,0,Winter
2024-01-26,12.6,27.3,72.7,Rainy,Rainwear & Umbrellas,124508.78,4393,2024,1,Jan,26,Friday,0,Winter
2024-01-27,6.7,0.0,65.9,Sunny,Cold Beverages & Ice Cream,239.54,27,2024,1,Jan,27,Saturday,1,Winter
2024-01-27,6.7,0.0,65.9,Sunny,Heating & Winter Apparel,3769.84,60,2024,1,Jan,27,Saturday,1,Winter
2024-01-27,6.7,0.0,65.9,Sunny,Hot Beverages & Soups,2356.15,208,2024,1,Jan,27,Saturday,1,Winter
2024-01-27,6.7,0.0,65.9,Sunny,Outdoor & Camping Gear,803.48,10,2024,1,Jan,27,Saturday,1,Winter
2024-01-27,6.7,0.0,65.9,Sunny,Rainwear & Umbrellas,545.8,19,2024,1,Jan,27,Saturday,1,Winter
2024-01-28,5.8,0.0,55.0,Sunny,Cold Beverages & Ice Cream,125.68,14,2024,1,Jan,28,Sunday,1,Winter
2024-01-28,5.8,0.0,55.0,Sunny,Heating & Winter Apparel,4727.71,72,2024,1,Jan,28,Sunday,1,Winter
2024-01-28,5.8,0.0,55.0,Sunny,Hot Beverages & Soups,2505.83,209,2024,1,Jan,28,Sunday,1,Winter
2024-01-28,5.8,0.0,55.0,Sunny,Outdoor & Camping Gear,735.2,9,2024,1,Jan,28,Sunday,1,Winter
2024-01-28,5.8,0.0,55.0,Sunny,Rainwear & Umbrellas,705.75,27,2024,1,Jan,28,Sunday,1,Winter
2024-01-29,3.0,7.0,77.9,Rainy,Cold Beverages & Ice Cream,39.34,5,2024,1,Jan,29,Monday,0,Winter
2024-01-29,3.0,7.0,77.9,Rainy,Heating & Winter Apparel,4625.78,75,2024,1,Jan,29,Monday,0,Winter
2024-01-29,3.0,7.0,77.9,Rainy,Hot Beverages & Soups,3109.54,253,2024,1,Jan,29,Monday,0,Winter
2024-01-29,3.0,7.0,77.9,Rainy,Outdoor & Camping Gear,1207.25,15,2024,1,Jan,29,Monday,0,Winter
2024-01-29,3.0,7.0,77.9,Rainy,Rainwear & Umbrellas,24099.56,808,2024,1,Jan,29,Monday,0,Winter
2024-01-30,7.4,0.0,49.9,Sunny,Cold Beverages & Ice Cream,79.56,9,2024,1,Jan,30,Tuesday,0,Winter
2024-01-30,7.4,0.0,49.9,Sunny,Heating & Winter Apparel,2632.54,42,2024,1,Jan,30,Tuesday,0,Winter
2024-01-30,7.4,0.0,49.9,Sunny,Hot Beverages & Soups,1897.12,162,2024,1,Jan,30,Tuesday,0,Winter
2024-01-30,7.4,0.0,49.9,Sunny,Outdoor & Camping Gear,1551.54,18,2024,1,Jan,30,Tuesday,0,Winter
2024-01-30,7.4,0.0,49.9,Sunny,Rainwear & Umbrellas,504.95,18,2024,1,Jan,30,Tuesday,0,Winter
2024-01-31,3.9,0.0,58.9,Sunny,Cold Beverages & Ice Cream,225.79,25,2024,1,Jan,31,Wednesday,0,Winter
2024-01-31,3.9,0.0,58.9,Sunny,Heating & Winter Apparel,4403.41,72,2024,1,Jan,31,Wednesday,0,Winter
2024-01-31,3.9,0.0,58.9,Sunny,Hot Beverages & Soups,1990.27,179,2024,1,Jan,31,Wednesday,0,Winter
2024-01-31,3.9,0.0,58.9,Sunny,Outdoor & Camping Gear,409.02,5,2024,1,Jan,31,Wednesday,0,Winter
2024-01-31,3.9,0.0,58.9,Sunny,Rainwear & Umbrellas,616.47,23,2024,1,Jan,31,Wednesday,0,Winter
2024-02-01,5.9,0.0,55.6,Sunny,Cold Beverages & Ice Cream,45.45,5,2024,2,Feb,1,Thursday,0,Winter
2024-02-01,5.9,0.0,55.6,Sunny,Heating & Winter Apparel,4041.36,59,2024,2,Feb,1,Thursday,0,Winter
2024-02-01,5.9,0.0,55.6,Sunny,Hot Beverages & Soups,1911.13,166,2024,2,Feb,1,Thursday,0,Winter
2024-02-01,5.9,0.0,55.6,Sunny,Outdoor & Camping Gear,955.5,12,2024,2,Feb,1,Thursday,0,Winter
2024-02-01,5.9,0.0,55.6,Sunny,Rainwear & Umbrellas,658.68,22,2024,2,Feb,1,Thursday,0,Winter
2024-02-02,12.8,0.0,55.9,Sunny,Cold Beverages & Ice Cream,94.63,11,2024,2,Feb,2,Friday,0,Winter
2024-02-02,12.8,0.0,55.9,Sunny,Heating & Winter Apparel,620.5,9,2024,2,Feb,2,Friday,0,Winter
2024-02-02,12.8,0.0,55.9,Sunny,Hot Beverages & Soups,1375.43,109,2024,2,Feb,2,Friday,0,Winter
2024-02-02,12.8,0.0,55.9,Sunny,Outdoor & Camping Gear,2768.91,34,2024,2,Feb,2,Friday,0,Winter
2024-02-02,12.8,0.0,55.9,Sunny,Rainwear & Umbrellas,807.79,27,2024,2,Feb,2,Friday,0,Winter
2024-02-03,5.4,0.0,69.0,Sunny,Cold Beverages & Ice Cream,88.33,11,2024,2,Feb,3,Saturday,1,Winter
2024-02-03,5.4,0.0,69.0,Sunny,Heating & Winter Apparel,4737.91,74,2024,2,Feb,3,Saturday,1,Winter
2024-02-03,5.4,0.0,69.0,Sunny,Hot Beverages & Soups,2513.82,214,2024,2,Feb,3,Saturday,1,Winter
2024-02-03,5.4,0.0,69.0,Sunny,Outdoor & Camping Gear,1021.12,13,2024,2,Feb,3,Saturday,1,Winter
2024-02-03,5.4,0.0,69.0,Sunny,Rainwear & Umbrellas,829.93,32,2024,2,Feb,3,Saturday,1,Winter
2024-02-04,9.0,0.0,52.2,Sunny,Cold Beverages & Ice Cream,80.55,10,2024,2,Feb,4,Sunday,1,Winter
2024-02-04,9.0,0.0,52.2,Sunny,Heating & Winter Apparel,2357.32,36,2024,2,Feb,4,Sunday,1,Winter
2024-02-04,9.0,0.0,52.2,Sunny,Hot Beverages & Soups,2039.79,177,2024,2,Feb,4,Sunday,1,Winter
2024-02-04,9.0,0.0,52.2,Sunny,Outdoor & Camping Gear,2414.02,28,2024,2,Feb,4,Sunday,1,Winter
2024-02-04,9.0,0.0,52.2,Sunny,Rainwear & Umbrellas,701.65,26,2024,2,Feb,4,Sunday,1,Winter
2024-02-05,3.9,3.6,60.0,Rainy,Cold Beverages & Ice Cream,40.72,5,2024,2,Feb,5,Monday,0,Winter
2024-02-05,3.9,3.6,60.0,Rainy,Heating & Winter Apparel,4418.81,72,2024,2,Feb,5,Monday,0,Winter
2024-02-05,3.9,3.6,60.0,Rainy,Hot Beverages & Soups,3143.08,251,2024,2,Feb,5,Monday,0,Winter
2024-02-05,3.9,3.6,60.0,Rainy,Outdoor & Camping Gear,412.73,5,2024,2,Feb,5,Monday,0,Winter
2024-02-05,3.9,3.6,60.0,Rainy,Rainwear & Umbrellas,11523.12,384,2024,2,Feb,5,Monday,0,Winter
2024-02-06,5.8,7.4,68.9,Rainy,Cold Beverages & Ice Cream,93.27,11,2024,2,Feb,6,Tuesday,0,Winter
2024-02-06,5.8,7.4,68.9,Rainy,Heating & Winter Apparel,3877.13,61,2024,2,Feb,6,Tuesday,0,Winter
2024-02-06,5.8,7.4,68.9,Rainy,Hot Beverages & Soups,2837.04,235,2024,2,Feb,6,Tuesday,0,Winter
2024-02-06,5.8,7.4,68.9,Rainy,Outdoor & Camping Gear,430.02,5,2024,2,Feb,6,Tuesday,0,Winter
2024-02-06,5.8,7.4,68.9,Rainy,Rainwear & Umbrellas,25759.28,879,2024,2,Feb,6,Tuesday,0,Winter
2024-02-07,11.0,12.2,66.3,Rainy,Cold Beverages & Ice Cream,42.81,5,2024,2,Feb,7,Wednesday,0,Winter
2024-02-07,11.0,12.2,66.3,Rainy,Heating & Winter Apparel,1228.5,19,2024,2,Feb,7,Wednesday,0,Winter
2024-02-07,11.0,12.2,66.3,Rainy,Hot Beverages & Soups,1900.3,153,2024,2,Feb,7,Wednesday,0,Winter
2024-02-07,11.0,12.2,66.3,Rainy,Outdoor & Camping Gear,1527.22,17,2024,2,Feb,7,Wednesday,0,Winter
2024-02-07,11.0,12.2,66.3,Rainy,Rainwear & Umbrellas,48116.3,1619,2024,2,Feb,7,Wednesday,0,Winter
2024-02-08,4.3,14.1,70.8,Rainy,Cold Beverages & Ice Cream,40.18,5,2024,2,Feb,8,Thursday,0,Winter
2024-02-08,4.3,14.1,70.8,Rainy,Heating & Winter Apparel,5030.61,77,2024,2,Feb,8,Thursday,0,Winter
2024-02-08,4.3,14.1,70.8,Rainy,Hot Beverages & Soups,3075.59,250,2024,2,Feb,8,Thursday,0,Winter
2024-02-08,4.3,14.1,70.8,Rainy,Outdoor & Camping Gear,1372.92,15,2024,2,Feb,8,Thursday,0,Winter
2024-02-08,4.3,14.1,70.8,Rainy,Rainwear & Umbrellas,52827.36,1939,2024,2,Feb,8,Thursday,0,Winter
2024-02-09,11.3,0.0,51.4,Sunny,Cold Beverages & Ice Cream,86.48,10,2024,2,Feb,9,Friday,0,Winter
2024-02-09,11.3,0.0,51.4,Sunny,Heating & Winter Apparel,1080.78,16,2024,2,Feb,9,Friday,0,Winter
2024-02-09,11.3,0.0,51.4,Sunny,Hot Beverages & Soups,1553.62,128,2024,2,Feb,9,Friday,0,Winter
2024-02-09,11.3,0.0,51.4,Sunny,Outdoor & Camping Gear,2198.84,25,2024,2,Feb,9,Friday,0,Winter
2024-02-09,11.3,0.0,51.4,Sunny,Rainwear & Umbrellas,719.07,24,2024,2,Feb,9,Friday,0,Winter
2024-02-10,8.3,0.0,58.4,Sunny,Cold Beverages & Ice Cream,71.13,9,2024,2,Feb,10,Saturday,1,Winter
2024-02-10,8.3,0.0,58.4,Sunny,Heating & Winter Apparel,3129.7,46,2024,2,Feb,10,Saturday,1,Winter
2024-02-10,8.3,0.0,58.4,Sunny,Hot Beverages & Soups,2095.37,174,2024,2,Feb,10,Saturday,1,Winter
2024-02-10,8.3,0.0,58.4,Sunny,Outdoor & Camping Gear,1419.9,17,2024,2,Feb,10,Saturday,1,Winter
2024-02-10,8.3,0.0,58.4,Sunny,Rainwear & Umbrellas,654.27,24,2024,2,Feb,10,Saturday,1,Winter
2024-02-11,4.8,30.3,87.3,Rainy,Cold Beverages & Ice Cream,64.2,7,2024,2,Feb,11,Sunday,1,Winter
2024-02-11,4.8,30.3,87.3,Rainy,Heating & Winter Apparel,5435.75,81,2024,2,Feb,11,Sunday,1,Winter
2024-02-11,4.8,30.3,87.3,Rainy,Hot Beverages & Soups,3725.49,301,2024,2,Feb,11,Sunday,1,Winter
2024-02-11,4.8,30.3,87.3,Rainy,Outdoor & Camping Gear,850.73,10,2024,2,Feb,11,Sunday,1,Winter
2024-02-11,4.8,30.3,87.3,Rainy,Rainwear & Umbrellas,144506.34,5504,2024,2,Feb,11,Sunday,1,Winter
2024-02-12,8.2,0.0,48.5,Sunny,Cold Beverages & Ice Cream,45.05,5,2024,2,Feb,12,Monday,0,Winter
2024-02-12,8.2,0.0,48.5,Sunny,Heating & Winter Apparel,1705.57,25,2024,2,Feb,12,Monday,0,Winter
2024-02-12,8.2,0.0,48.5,Sunny,Hot Beverages & Soups,1871.89,157,2024,2,Feb,12,Monday,0,Winter
2024-02-12,8.2,0.0,48.5,Sunny,Outdoor & Camping Gear,884.04,10,2024,2,Feb,12,Monday,0,Winter
2024-02-12,8.2,0.0,48.5,Sunny,Rainwear & Umbrellas,746.06,27,2024,2,Feb,12,Monday,0,Winter
2024-02-13,9.3,0.0,53.9,Sunny,Cold Beverages & Ice Cream,163.68,19,2024,2,Feb,13,Tuesday,0,Winter
2024-02-13,9.3,0.0,53.9,Sunny,Heating & Winter Apparel,2289.9,33,2024,2,Feb,13,Tuesday,0,Winter
2024-02-13,9.3,0.0,53.9,Sunny,Hot Beverages & Soups,1709.74,134,2024,2,Feb,13,Tuesday,0,Winter
2024-02-13,9.3,0.0,53.9,Sunny,Outdoor & Camping Gear,1216.53,14,2024,2,Feb,13,Tuesday,0,Winter
2024-02-13,9.3,0.0,53.9,Sunny,Rainwear & Umbrellas,596.13,23,2024,2,Feb,13,Tuesday,0,Winter
2024-02-14,8.4,0.0,47.0,Sunny,Cold Beverages & Ice Cream,97.46,11,2024,2,Feb,14,Wednesday,0,Winter
2024-02-14,8.4,0.0,47.0,Sunny,Heating & Winter Apparel,2175.14,31,2024,2,Feb,14,Wednesday,0,Winter
2024-02-14,8.4,0.0,47.0,Sunny,Hot Beverages & Soups,1736.74,139,2024,2,Feb,14,Wednesday,0,Winter
2024-02-14,8.4,0.0,47.0,Sunny,Outdoor & Camping Gear,1434.21,16,2024,2,Feb,14,Wednesday,0,Winter
2024-02-14,8.4,0.0,47.0,Sunny,Rainwear & Umbrellas,1107.84,38,2024,2,Feb,14,Wednesday,0,Winter
2024-02-15,2.4,0.0,64.7,Sunny,Cold Beverages & Ice Cream,176.63,21,2024,2,Feb,15,Thursday,0,Winter
2024-02-15,2.4,0.0,64.7,Sunny,Heating & Winter Apparel,5572.39,92,2024,2,Feb,15,Thursday,0,Winter
2024-02-15,2.4,0.0,64.7,Sunny,Hot Beverages & Soups,2245.78,199,2024,2,Feb,15,Thursday,0,Winter
2024-02-15,2.4,0.0,64.7,Sunny,Outdoor & Camping Gear,437.82,5,2024,2,Feb,15,Thursday,0,Winter
2024-02-15,2.4,0.0,64.7,Sunny,Rainwear & Umbrellas,604.99,23,2024,2,Feb,15,Thursday,0,Winter
2024-02-16,4.9,0.0,68.2,Sunny,Cold Beverages & Ice Cream,68.78,8,2024,2,Feb,16,Friday,0,Winter
2024-02-16,4.9,0.0,68.2,Sunny,Heating & Winter Apparel,4116.94,66,2024,2,Feb,16,Friday,0,Winter
2024-02-16,4.9,0.0,68.2,Sunny,Hot Beverages & Soups,2269.03,176,2024,2,Feb,16,Friday,0,Winter
2024-02-16,4.9,0.0,68.2,Sunny,Outdoor & Camping Gear,443.94,5,2024,2,Feb,16,Friday,0,Winter
2024-02-16,4.9,0.0,68.2,Sunny,Rainwear & Umbrellas,548.15,21,2024,2,Feb,16,Friday,0,Winter
2024-02-17,6.3,7.2,63.2,Rainy,Cold Beverages & Ice Cream,40.76,5,2024,2,Feb,17,Saturday,1,Winter
2024-02-17,6.3,7.2,63.2,Rainy,Heating & Winter Apparel,4420.51,66,2024,2,Feb,17,Saturday,1,Winter
2024-02-17,6.3,7.2,63.2,Rainy,Hot Beverages & Soups,3584.88,282,2024,2,Feb,17,Saturday,1,Winter
2024-02-17,6.3,7.2,63.2,Rainy,Outdoor & Camping Gear,431.48,5,2024,2,Feb,17,Saturday,1,Winter
2024-02-17,6.3,7.2,63.2,Rainy,Rainwear & Umbrellas,26989.99,942,2024,2,Feb,17,Saturday,1,Winter
2024-02-18,7.0,0.0,52.9,Sunny,Cold Beverages & Ice Cream,183.05,20,2024,2,Feb,18,Sunday,1,Winter
2024-02-18,7.0,0.0,52.9,Sunny,Heating & Winter Apparel,3478.84,58,2024,2,Feb,18,Sunday,1,Winter
2024-02-18,7.0,0.0,52.9,Sunny,Hot Beverages & Soups,2373.63,198,2024,2,Feb,18,Sunday,1,Winter
2024-02-18,7.0,0.0,52.9,Sunny,Outdoor & Camping Gear,434.89,5,2024,2,Feb,18,Sunday,1,Winter
2024-02-18,7.0,0.0,52.9,Sunny,Rainwear & Umbrellas,680.35,23,2024,2,Feb,18,Sunday,1,Winter
2024-02-19,9.0,0.0,52.3,Sunny,Cold Beverages & Ice Cream,44.39,5,2024,2,Feb,19,Monday,0,Winter
2024-02-19,9.0,0.0,52.3,Sunny,Heating & Winter Apparel,1582.85,25,2024,2,Feb,19,Monday,0,Winter
2024-02-19,9.0,0.0,52.3,Sunny,Hot Beverages & Soups,1772.86,141,2024,2,Feb,19,Monday,0,Winter
2024-02-19,9.0,0.0,52.3,Sunny,Outdoor & Camping Gear,1057.25,13,2024,2,Feb,19,Monday,0,Winter
2024-02-19,9.0,0.0,52.3,Sunny,Rainwear & Umbrellas,311.62,12,2024,2,Feb,19,Monday,0,Winter
2024-02-20,7.9,10.3,63.8,Rainy,Cold Beverages & Ice Cream,40.69,5,2024,2,Feb,20,Tuesday,0,Winter
2024-02-20,7.9,10.3,63.8,Rainy,Heating & Winter Apparel,2741.59,43,2024,2,Feb,20,Tuesday,0,Winter
2024-02-20,7.9,10.3,63.8,Rainy,Hot Beverages & Soups,2501.5,198,2024,2,Feb,20,Tuesday,0,Winter
2024-02-20,7.9,10.3,63.8,Rainy,Outdoor & Camping Gear,765.82,9,2024,2,Feb,20,Tuesday,0,Winter
2024-02-20,7.9,10.3,63.8,Rainy,Rainwear & Umbrellas,35958.1,1310,2024,2,Feb,20,Tuesday,0,Winter
2024-02-21,3.8,0.0,58.7,Sunny,Cold Beverages & Ice Cream,81.5,9,2024,2,Feb,21,Wednesday,0,Winter
2024-02-21,3.8,0.0,58.7,Sunny,Heating & Winter Apparel,5013.0,72,2024,2,Feb,21,Wednesday,0,Winter
2024-02-21,3.8,0.0,58.7,Sunny,Hot Beverages & Soups,2565.22,200,2024,2,Feb,21,Wednesday,0,Winter
2024-02-21,3.8,0.0,58.7,Sunny,Outdoor & Camping Gear,434.58,5,2024,2,Feb,21,Wednesday,0,Winter
2024-02-21,3.8,0.0,58.7,Sunny,Rainwear & Umbrellas,656.17,22,2024,2,Feb,21,Wednesday,0,Winter
2024-02-22,8.7,0.0,64.6,Sunny,Cold Beverages & Ice Cream,56.57,7,2024,2,Feb,22,Thursday,0,Winter
2024-02-22,8.7,0.0,64.6,Sunny,Heating & Winter Apparel,1932.81,28,2024,2,Feb,22,Thursday,0,Winter
2024-02-22,8.7,0.0,64.6,Sunny,Hot Beverages & Soups,1760.42,138,2024,2,Feb,22,Thursday,0,Winter
2024-02-22,8.7,0.0,64.6,Sunny,Outdoor & Camping Gear,1599.84,18,2024,2,Feb,22,Thursday,0,Winter
2024-02-22,8.7,0.0,64.6,Sunny,Rainwear & Umbrellas,629.42,24,2024,2,Feb,22,Thursday,0,Winter
2024-02-23,9.5,0.0,54.1,Sunny,Cold Beverages & Ice Cream,219.53,24,2024,2,Feb,23,Friday,0,Winter
2024-02-23,9.5,0.0,54.1,Sunny,Heating & Winter Apparel,1498.28,24,2024,2,Feb,23,Friday,0,Winter
2024-02-23,9.5,0.0,54.1,Sunny,Hot Beverages & Soups,1799.74,155,2024,2,Feb,23,Friday,0,Winter
2024-02-23,9.5,0.0,54.1,Sunny,Outdoor & Camping Gear,395.57,5,2024,2,Feb,23,Friday,0,Winter
2024-02-23,9.5,0.0,54.1,Sunny,Rainwear & Umbrellas,993.25,35,2024,2,Feb,23,Friday,0,Winter
2024-02-24,9.5,37.6,85.7,Stormy,Cold Beverages & Ice Cream,86.38,10,2024,2,Feb,24,Saturday,1,Winter
2024-02-24,9.5,37.6,85.7,Stormy,Heating & Winter Apparel,2262.89,34,2024,2,Feb,24,Saturday,1,Winter
2024-02-24,9.5,37.6,85.7,Stormy,Hot Beverages & Soups,2734.69,224,2024,2,Feb,24,Saturday,1,Winter
2024-02-24,9.5,37.6,85.7,Stormy,Outdoor & Camping Gear,423.38,5,2024,2,Feb,24,Saturday,1,Winter
2024-02-24,9.5,37.6,85.7,Stormy,Rainwear & Umbrellas,212027.23,7188,2024,2,Feb,24,Saturday,1,Winter
2024-02-25,11.1,8.1,61.0,Rainy,Cold Beverages & Ice Cream,134.1,17,2024,2,Feb,25,Sunday,1,Winter
2024-02-25,11.1,8.1,61.0,Rainy,Heating & Winter Apparel,919.29,14,2024,2,Feb,25,Sunday,1,Winter
2024-02-25,11.1,8.1,61.0,Rainy,Hot Beverages & Soups,2839.74,221,2024,2,Feb,25,Sunday,1,Winter
2024-02-25,11.1,8.1,61.0,Rainy,Outdoor & Camping Gear,1602.27,19,2024,2,Feb,25,Sunday,1,Winter
2024-02-25,11.1,8.1,61.0,Rainy,Rainwear & Umbrellas,32706.69,1082,2024,2,Feb,25,Sunday,1,Winter
2024-02-26,10.6,0.0,53.1,Sunny,Cold Beverages & Ice Cream,153.97,17,2024,2,Feb,26,Monday,0,Winter
2024-02-26,10.6,0.0,53.1,Sunny,Heating & Winter Apparel,1463.33,22,2024,2,Feb,26,Monday,0,Winter
2024-02-26,10.6,0.0,53.1,Sunny,Hot Beverages & Soups,1535.53,129,2024,2,Feb,26,Monday,0,Winter
2024-02-26,10.6,0.0,53.1,Sunny,Outdoor & Camping Gear,1566.48,19,2024,2,Feb,26,Monday,0,Winter
2024-02-26,10.6,0.0,53.1,Sunny,Rainwear & Umbrellas,576.47,20,2024,2,Feb,26,Monday,0,Winter
2024-02-27,9.7,10.1,62.7,Rainy,Cold Beverages & Ice Cream,120.13,14,2024,2,Feb,27,Tuesday,0,Winter
2024-02-27,9.7,10.1,62.7,Rainy,Heating & Winter Apparel,1802.45,29,2024,2,Feb,27,Tuesday,0,Winter
2024-02-27,9.7,10.1,62.7,Rainy,Hot Beverages & Soups,2240.73,201,2024,2,Feb,27,Tuesday,0,Winter
2024-02-27,9.7,10.1,62.7,Rainy,Outdoor & Camping Gear,975.41,11,2024,2,Feb,27,Tuesday,0,Winter
2024-02-27,9.7,10.1,62.7,Rainy,Rainwear & Umbrellas,36795.56,1287,2024,2,Feb,27,Tuesday,0,Winter
2024-02-28,8.4,0.0,61.0,Sunny,Cold Beverages & Ice Cream,157.32,19,2024,2,Feb,28,Wednesday,0,Winter
2024-02-28,8.4,0.0,61.0,Sunny,Heating & Winter Apparel,2017.6,30,2024,2,Feb,28,Wednesday,0,Winter
2024-02-28,8.4,0.0,61.0,Sunny,Hot Beverages & Soups,1792.83,139,2024,2,Feb,28,Wednesday,0,Winter
2024-02-28,8.4,0.0,61.0,Sunny,Outdoor & Camping Gear,495.8,6,2024,2,Feb,28,Wednesday,0,Winter
2024-02-28,8.4,0.0,61.0,Sunny,Rainwear & Umbrellas,664.26,24,2024,2,Feb,28,Wednesday,0,Winter
2024-02-29,4.1,9.3,72.6,Rainy,Cold Beverages & Ice Cream,82.38,9,2024,2,Feb,29,Thursday,0,Winter
2024-02-29,4.1,9.3,72.6,Rainy,Heating & Winter Apparel,4474.56,73,2024,2,Feb,29,Thursday,0,Winter
2024-02-29,4.1,9.3,72.6,Rainy,Hot Beverages & Soups,2956.09,252,2024,2,Feb,29,Thursday,0,Winter
2024-02-29,4.1,9.3,72.6,Rainy,Outdoor & Camping Gear,455.28,5,2024,2,Feb,29,Thursday,0,Winter
2024-02-29,4.1,9.3,72.6,Rainy,Rainwear & Umbrellas,31651.62,1163,2024,2,Feb,29,Thursday,0,Winter
2024-03-01,10.1,6.6,60.8,Rainy,Cold Beverages & Ice Cream,39.36,5,2024,3,Mar,1,Friday,0,Spring
2024-03-01,10.1,6.6,60.8,Rainy,Heating & Winter Apparel,1551.08,23,2024,3,Mar,1,Friday,0,Spring
2024-03-01,10.1,6.6,60.8,Rainy,Hot Beverages & Soups,2285.54,184,2024,3,Mar,1,Friday,0,Spring
2024-03-01,10.1,6.6,60.8,Rainy,Outdoor & Camping Gear,398.4,5,2024,3,Mar,1,Friday,0,Spring
2024-03-01,10.1,6.6,60.8,Rainy,Rainwear & Umbrellas,21778.27,771,2024,3,Mar,1,Friday,0,Spring
2024-03-02,9.6,8.1,55.8,Rainy,Cold Beverages & Ice Cream,136.02,16,2024,3,Mar,2,Saturday,1,Spring
2024-03-02,9.6,8.1,55.8,Rainy,Heating & Winter Apparel,1875.48,28,2024,3,Mar,2,Saturday,1,Spring
2024-03-02,9.6,8.1,55.8,Rainy,Hot Beverages & Soups,2524.86,221,2024,3,Mar,2,Saturday,1,Spring
2024-03-02,9.6,8.1,55.8,Rainy,Outdoor & Camping Gear,436.73,5,2024,3,Mar,2,Saturday,1,Spring
2024-03-02,9.6,8.1,55.8,Rainy,Rainwear & Umbrellas,30558.73,1084,2024,3,Mar,2,Saturday,1,Spring
2024-03-03,9.9,0.0,64.7,Sunny,Cold Beverages & Ice Cream,117.32,14,2024,3,Mar,3,Sunday,1,Spring
2024-03-03,9.9,0.0,64.7,Sunny,Heating & Winter Apparel,1698.37,25,2024,3,Mar,3,Sunday,1,Spring
2024-03-03,9.9,0.0,64.7,Sunny,Hot Beverages & Soups,1874.75,167,2024,3,Mar,3,Sunday,1,Spring
2024-03-03,9.9,0.0,64.7,Sunny,Outdoor & Camping Gear,3448.85,38,2024,3,Mar,3,Sunday,1,Spring
2024-03-03,9.9,0.0,64.7,Sunny,Rainwear & Umbrellas,702.84,24,2024,3,Mar,3,Sunday,1,Spring
2024-03-04,5.8,9.8,60.4,Rainy,Cold Beverages & Ice Cream,82.08,9,2024,3,Mar,4,Monday,0,Spring
2024-03-04,5.8,9.8,60.4,Rainy,Heating & Winter Apparel,3876.82,57,2024,3,Mar,4,Monday,0,Spring
2024-03-04,5.8,9.8,60.4,Rainy,Hot Beverages & Soups,2851.86,244,2024,3,Mar,4,Monday,0,Spring
2024-03-04,5.8,9.8,60.4,Rainy,Outdoor & Camping Gear,433.77,5,2024,3,Mar,4,Monday,0,Spring
2024-03-04,5.8,9.8,60.4,Rainy,Rainwear & Umbrellas,34144.27,1243,2024,3,Mar,4,Monday,0,Spring
2024-03-05,6.5,3.8,63.8,Rainy,Cold Beverages & Ice Cream,42.72,5,2024,3,Mar,5,Tuesday,0,Spring
2024-03-05,6.5,3.8,63.8,Rainy,Heating & Winter Apparel,2860.64,43,2024,3,Mar,5,Tuesday,0,Spring
2024-03-05,6.5,3.8,63.8,Rainy,Hot Beverages & Soups,2469.24,217,2024,3,Mar,5,Tuesday,0,Spring
2024-03-05,6.5,3.8,63.8,Rainy,Outdoor & Camping Gear,1070.28,12,2024,3,Mar,5,Tuesday,0,Spring
2024-03-05,6.5,3.8,63.8,Rainy,Rainwear & Umbrellas,11341.45,387,2024,3,Mar,5,Tuesday,0,Spring
2024-03-06,12.6,0.0,57.0,Sunny,Cold Beverages & Ice Cream,220.08,24,2024,3,Mar,6,Wednesday,0,Spring
2024-03-06,12.6,0.0,57.0,Sunny,Heating & Winter Apparel,499.92,8,2024,3,Mar,6,Wednesday,0,Spring
2024-03-06,12.6,0.0,57.0,Sunny,Hot Beverages & Soups,1240.2,112,2024,3,Mar,6,Wednesday,0,Spring
2024-03-06,12.6,0.0,57.0,Sunny,Outdoor & Camping Gear,3139.13,35,2024,3,Mar,6,Wednesday,0,Spring
2024-03-06,12.6,0.0,57.0,Sunny,Rainwear & Umbrellas,679.88,25,2024,3,Mar,6,Wednesday,0,Spring
2024-03-07,9.8,14.3,66.5,Rainy,Cold Beverages & Ice Cream,45.28,5,2024,3,Mar,7,Thursday,0,Spring
2024-03-07,9.8,14.3,66.5,Rainy,Heating & Winter Apparel,2044.36,31,2024,3,Mar,7,Thursday,0,Spring
2024-03-07,9.8,10.4,66.5,Rainy,Hot Beverages & Soups,2148.91,179,2024,3,Mar,7,Thursday,0,Spring
2024-03-07,9.8,14.3,66.5,Rainy,Outdoor & Camping Gear,1251.71,15,2024,3,Mar,7,Thursday,0,Spring
2024-03-07,9.8,14.3,66.5,Rainy,Rainwear & Umbrellas,56173.34,1965,2024,3,Mar,7,Thursday,0,Spring
2024-03-08,11.9,0.0,54.3,Sunny,Cold Beverages & Ice Cream,57.53,7,2024,3,Mar,8,Friday,0,Spring
2024-03-08,11.9,0.0,54.3,Sunny,Heating & Winter Apparel,706.96,11,2024,3,Mar,8,Friday,0,Spring
2024-03-08,11.9,0.0,54.3,Sunny,Hot Beverages & Soups,1384.95,117,2024,3,Mar,8,Friday,0,Spring
2024-03-08,11.9,0.0,54.3,Sunny,Outdoor & Camping Gear,1955.72,23,2024,3,Mar,8,Friday,0,Spring
2024-03-08,11.9,0.0,54.3,Sunny,Rainwear & Umbrellas,514.38,18,2024,3,Mar,8,Friday,0,Spring
2024-03-09,10.3,12.8,70.4,Rainy,Cold Beverages & Ice Cream,43.14,5,2024,3,Mar,9,Saturday,1,Spring
2024-03-09,10.3,12.8,70.4,Rainy,Heating & Winter Apparel,2361.2,34,2024,3,Mar,9,Saturday,1,Spring
2024-03-09,10.3,12.8,70.4,Rainy,Hot Beverages & Soups,2942.25,231,2024,3,Mar,9,Saturday,1,Spring
2024-03-09,10.3,12.8,70.4,Rainy,Outdoor & Camping Gear,404.44,5,2024,3,Mar,9,Saturday,1,Spring
2024-03-09,10.3,12.8,70.4,Rainy,Rainwear & Umbrellas,50752.65,1893,2024,3,Mar,9,Saturday,1,Spring
2024-03-10,10.5,0.0,34.7,Sunny,Cold Beverages & Ice Cream,226.19,26,2024,3,Mar,10,Sunday,1,Spring
2024-03-10,10.5,0.0,34.7,Sunny,Heating & Winter Apparel,1965.03,31,2024,3,Mar,10,Sunday,1,Spring
2024-03-10,10.5,0.0,34.7,Sunny,Hot Beverages & Soups,1920.75,164,2024,3,Mar,10,Sunday,1,Spring
2024-03-10,10.5,0.0,34.7,Sunny,Outdoor & Camping Gear,3180.92,36,2024,3,Mar,10,Sunday,1,Spring
2024-03-10,10.5,0.0,34.7,Sunny,Rainwear & Umbrellas,789.4,28,2024,3,Mar,10,Sunday,1,Spring
2024-03-11,13.2,0.0,64.3,Sunny,Cold Beverages & Ice Cream,47.05,6,2024,3,Mar,11,Monday,0,Spring
2024-03-11,13.2,0.0,64.3,Sunny,Heating & Winter Apparel,342.86,5,2024,3,Mar,11,Monday,0,Spring
2024-03-11,13.2,0.0,64.3,Sunny,Hot Beverages & Soups,1369.55,113,2024,3,Mar,11,Monday,0,Spring
2024-03-11,13.2,0.0,64.3,Sunny,Outdoor & Camping Gear,3080.56,39,2024,3,Mar,11,Monday,0,Spring
2024-03-11,13.2,0.0,64.3,Sunny,Rainwear & Umbrellas,754.1,25,2024,3,Mar,11,Monday,0,Spring
2024-03-12,9.3,0.0,52.5,Sunny,Cold Beverages & Ice Cream,166.23,20,2024,3,Mar,12,Tuesday,0,Spring
2024-03-12,9.3,0.0,52.5,Sunny,Heating & Winter Apparel,1478.73,23,2024,3,Mar,12,Tuesday,0,Spring
2024-03-12,9.3,0.0,52.5,Sunny,Hot Beverages & Soups,1716.86,146,2024,3,Mar,12,Tuesday,0,Spring
2024-03-12,9.3,0.0,52.5,Sunny,Outdoor & Camping Gear,2204.8,27,2024,3,Mar,12,Tuesday,0,Spring
2024-03-12,9.3,0.0,52.5,Sunny,Rainwear & Umbrellas,568.38,22,2024,3,Mar,12,Tuesday,0,Spring
2024-03-13,11.2,0.0,60.4,Sunny,Cold Beverages & Ice Cream,168.12,19,2024,3,Mar,13,Wednesday,0,Spring
2024-03-13,11.2,0.0,60.4,Sunny,Heating & Winter Apparel,2159.74,31,2024,3,Mar,13,Wednesday,0,Spring
2024-03-13,11.2,0.0,60.4,Sunny,Hot Beverages & Soups,1431.86,121,2024,3,Mar,13,Wednesday,0,Spring
2024-03-13,11.2,0.0,60.4,Sunny,Outdoor & Camping Gear,1846.98,23,2024,3,Mar,13,Wednesday,0,Spring
2024-03-13,11.2,0.0,60.4,Sunny,Rainwear & Umbrellas,533.29,20,2024,3,Mar,13,Wednesday,0,Spring
2024-03-14,9.8,0.0,60.6,Sunny,Cold Beverages & Ice Cream,39.6,5,2024,3,Mar,14,Thursday,0,Spring
2024-03-14,9.8,0.0,60.6,Sunny,Heating & Winter Apparel,1997.26,32,2024,3,Mar,14,Thursday,0,Spring
2024-03-14,9.8,0.0,60.6,Sunny,Hot Beverages & Soups,1708.43,142,2024,3,Mar,14,Thursday,0,Spring
2024-03-14,9.8,0.0,60.6,Sunny,Outdoor & Camping Gear,784.39,10,2024,3,Mar,14,Thursday,0,Spring
2024-03-14,9.8,0.0,60.6,Sunny,Rainwear & Umbrellas,1157.2,39,2024,3,Mar,14,Thursday,0,Spring
2024-03-15,10.1,0.0,66.4,Sunny,Cold Beverages & Ice Cream,177.2,22,2024,3,Mar,15,Friday,0,Spring
2024-03-15,10.1,0.0,66.4,Sunny,Heating & Winter Apparel,1633.81,24,2024,3,Mar,15,Friday,0,Spring
2024-03-15,10.1,0.0,66.4,Sunny,Hot Beverages & Soups,1443.63,122,2024,3,Mar,15,Friday,0,Spring
2024-03-15,10.1,0.0,66.4,Sunny,Outdoor & Camping Gear,867.01,11,2024,3,Mar,15,Friday,0,Spring
2024-03-15,10.1,0.0,66.4,Sunny,Rainwear & Umbrellas,210.86,7,2024,3,Mar,15,Friday,0,Spring
2024-03-16,10.7,0.0,59.2,Sunny,Cold Beverages & Ice Cream,210.13,25,2024,3,Mar,16,Saturday,1,Spring
2024-03-16,10.7,0.0,59.2,Sunny,Heating & Winter Apparel,1136.74,18,2024,3,Mar,16,Saturday,1,Spring
2024-03-16,10.7,0.0,59.2,Sunny,Hot Beverages & Soups,2181.99,171,2024,3,Mar,16,Saturday,1,Spring
2024-03-16,10.7,0.0,59.2,Sunny,Outdoor & Camping Gear,2803.76,31,2024,3,Mar,16,Saturday,1,Spring
2024-03-16,10.7,0.0,59.2,Sunny,Rainwear & Umbrellas,697.56,26,2024,3,Mar,16,Saturday,1,Spring
2024-03-17,12.3,86.2,98.5,Stormy,Cold Beverages & Ice Cream,284.13,32,2024,3,Mar,17,Sunday,1,Spring
2024-03-17,12.3,86.2,98.5,Stormy,Heating & Winter Apparel,1374.58,22,2024,3,Mar,17,Sunday,1,Spring
2024-03-17,12.3,86.2,98.5,Stormy,Hot Beverages & Soups,2497.28,206,2024,3,Mar,17,Sunday,1,Spring
2024-03-17,12.3,86.2,98.5,Stormy,Outdoor & Camping Gear,440.54,5,2024,3,Mar,17,Sunday,1,Spring
2024-03-17,12.3,86.2,98.5,Stormy,Rainwear & Umbrellas,577213.92,20254,2024,3,Mar,17,Sunday,1,Spring
2024-03-18,10.6,0.0,47.5,Sunny,Cold Beverages & Ice Cream,40.77,5,2024,3,Mar,18,Monday,0,Spring
2024-03-18,10.6,0.0,47.5,Sunny,Heating & Winter Apparel,1947.58,31,2024,3,Mar,18,Monday,0,Spring
2024-03-18,10.6,0.0,47.5,Sunny,Hot Beverages & Soups,1630.45,132,2024,3,Mar,18,Monday,0,Spring
2024-03-18,10.6,0.0,47.5,Sunny,Outdoor & Camping Gear,1122.14,13,2024,3,Mar,18,Monday,0,Spring
2024-03-18,10.6,0.0,47.5,Sunny,Rainwear & Umbrellas,943.85,35,2024,3,Mar,18,Monday,0,Spring
2024-03-19,15.6,0.0,53.7,Sunny,Cold Beverages & Ice Cream,425.02,52,2024,3,Mar,19,Tuesday,0,Spring
2024-03-19,15.6,0.0,53.7,Sunny,Heating & Winter Apparel,312.25,5,2024,3,Mar,19,Tuesday,0,Spring
2024-03-19,15.6,0.0,53.7,Sunny,Hot Beverages & Soups,1126.87,97,2024,3,Mar,19,Tuesday,0,Spring
2024-03-19,15.6,0.0,53.7,Sunny,Outdoor & Camping Gear,4811.66,55,2024,3,Mar,19,Tuesday,0,Spring
2024-03-19,15.6,0.0,53.7,Sunny,Rainwear & Umbrellas,925.26,32,2024,3,Mar,19,Tuesday,0,Spring
2024-03-20,9.8,0.0,45.6,Sunny,Cold Beverages & Ice Cream,40.17,5,2024,3,Mar,20,Wednesday,0,Spring
2024-03-20,9.8,0.0,45.6,Sunny,Heating & Winter Apparel,1440.6,24,2024,3,Mar,20,Wednesday,0,Spring
2024-03-20,9.8,0.0,45.6,Sunny,Hot Beverages & Soups,1694.95,132,2024,3,Mar,20,Wednesday,0,Spring
2024-03-20,9.8,0.0,45.6,Sunny,Outdoor & Camping Gear,2089.09,26,2024,3,Mar,20,Wednesday,0,Spring
2024-03-20,9.8,0.0,45.6,Sunny,Rainwear & Umbrellas,766.05,26,2024,3,Mar,20,Wednesday,0,Spring
2024-03-21,12.0,7.7,58.3,Rainy,Cold Beverages & Ice Cream,52.42,6,2024,3,Mar,21,Thursday,0,Spring
2024-03-21,12.0,7.7,58.3,Rainy,Heating & Winter Apparel,800.29,13,2024,3,Mar,21,Thursday,0,Spring
2024-03-21,12.0,7.7,58.3,Rainy,Hot Beverages & Soups,1868.66,168,2024,3,Mar,21,Thursday,0,Spring
2024-03-21,12.0,7.7,58.3,Rainy,Outdoor & Camping Gear,1300.05,16,2024,3,Mar,21,Thursday,0,Spring
2024-03-21,12.0,7.7,58.3,Rainy,Rainwear & Umbrellas,26573.43,920,2024,3,Mar,21,Thursday,0,Spring
2024-03-22,11.5,0.0,55.7,Sunny,Cold Beverages & Ice Cream,105.74,12,2024,3,Mar,22,Friday,0,Spring
2024-03-22,11.5,0.0,55.7,Sunny,Heating & Winter Apparel,788.51,13,2024,3,Mar,22,Friday,0,Spring
2024-03-22,11.5,0.0,55.7,Sunny,Hot Beverages & Soups,1431.28,118,2024,3,Mar,22,Friday,0,Spring
2024-03-22,11.5,0.0,55.7,Sunny,Outdoor & Camping Gear,2741.67,34,2024,3,Mar,22,Friday,0,Spring
2024-03-22,11.5,0.0,55.7,Sunny,Rainwear & Umbrellas,459.62,17,2024,3,Mar,22,Friday,0,Spring
2024-03-23,17.0,0.4,51.2,Sunny,Cold Beverages & Ice Cream,496.36,58,2024,3,Mar,23,Saturday,1,Spring
2024-03-23,17.0,0.4,51.2,Sunny,Heating & Winter Apparel,314.72,5,2024,3,Mar,23,Saturday,1,Spring
2024-03-23,17.0,0.4,51.2,Sunny,Hot Beverages & Soups,1034.44,88,2024,3,Mar,23,Saturday,1,Spring
2024-03-23,17.0,0.4,51.2,Sunny,Outdoor & Camping Gear,6211.21,68,2024,3,Mar,23,Saturday,1,Spring
2024-03-23,17.0,0.4,51.2,Sunny,Rainwear & Umbrellas,1146.45,40,2024,3,Mar,23,Saturday,1,Spring
2024-03-24,13.7,34.1,79.2,Rainy,Cold Beverages & Ice Cream,196.55,25,2024,3,Mar,24,Sunday,1,Spring
2024-03-24,13.7,34.1,79.2,Rainy,Heating & Winter Apparel,314.4,5,2024,3,Mar,24,Sunday,1,Spring
2024-03-24,13.7,34.1,79.2,Rainy,Hot Beverages & Soups,2061.58,177,2024,3,Mar,24,Sunday,1,Spring
2024-03-24,13.7,34.1,79.2,Rainy,Outdoor & Camping Gear,399.34,5,2024,3,Mar,24,Sunday,1,Spring
2024-03-24,13.7,34.1,79.2,Rainy,Rainwear & Umbrellas,166729.92,6365,2024,3,Mar,24,Sunday,1,Spring
2024-03-25,16.2,0.0,54.2,Sunny,Cold Beverages & Ice Cream,386.8,44,2024,3,Mar,25,Monday,0,Spring
2024-03-25,16.2,0.0,54.2,Sunny,Heating & Winter Apparel,305.06,5,2024,3,Mar,25,Monday,0,Spring
2024-03-25,16.2,0.0,54.2,Sunny,Hot Beverages & Soups,1136.01,93,2024,3,Mar,25,Monday,0,Spring
2024-03-25,16.2,0.0,54.2,Sunny,Outdoor & Camping Gear,4140.13,48,2024,3,Mar,25,Monday,0,Spring
2024-03-25,16.2,0.0,54.2,Sunny,Rainwear & Umbrellas,411.2,15,2024,3,Mar,25,Monday,0,Spring
2024-03-26,9.4,0.0,56.3,Sunny,Cold Beverages & Ice Cream,45.08,5,2024,3,Mar,26,Tuesday,0,Spring
2024-03-26,9.4,0.0,56.3,Sunny,Heating & Winter Apparel,2825.96,42,2024,3,Mar,26,Tuesday,0,Spring
2024-03-26,9.4,0.0,56.3,Sunny,Hot Beverages & Soups,1881.11,157,2024,3,Mar,26,Tuesday,0,Spring
2024-03-26,9.4,0.0,56.3,Sunny,Outdoor & Camping Gear,816.97,9,2024,3,Mar,26,Tuesday,0,Spring
2024-03-26,9.4,0.0,56.3,Sunny,Rainwear & Umbrellas,563.71,19,2024,3,Mar,26,Tuesday,0,Spring
2024-03-27,14.5,28.7,59.3,Rainy,Cold Beverages & Ice Cream,248.28,29,2024,3,Mar,27,Wednesday,0,Spring
2024-03-27,14.5,28.7,59.3,Rainy,Heating & Winter Apparel,307.37,5,2024,3,Mar,27,Wednesday,0,Spring
2024-03-27,14.5,28.7,59.3,Rainy,Hot Beverages & Soups,1682.53,139,2024,3,Mar,27,Wednesday,0,Spring
2024-03-27,14.5,28.7,59.3,Rainy,Outdoor & Camping Gear,1593.51,20,2024,3,Mar,27,Wednesday,0,Spring
2024-03-27,14.5,28.7,59.3,Rainy,Rainwear & Umbrellas,134501.25,4669,2024,3,Mar,27,Wednesday,0,Spring
2024-03-28,16.5,0.0,47.2,Sunny,Cold Beverages & Ice Cream,494.23,59,2024,3,Mar,28,Thursday,0,Spring
2024-03-28,16.5,0.0,47.2,Sunny,Heating & Winter Apparel,332.88,5,2024,3,Mar,28,Thursday,0,Spring
2024-03-28,16.5,0.0,47.2,Sunny,Hot Beverages & Soups,1118.59,95,2024,3,Mar,28,Thursday,0,Spring
2024-03-28,16.5,0.0,47.2,Sunny,Outdoor & Camping Gear,5480.16,64,2024,3,Mar,28,Thursday,0,Spring
2024-03-28,16.5,0.0,47.2,Sunny,Rainwear & Umbrellas,940.75,33,2024,3,Mar,28,Thursday,0,Spring
2024-03-29,14.4,0.0,60.6,Sunny,Cold Beverages & Ice Cream,299.98,38,2024,3,Mar,29,Friday,0,Spring
2024-03-29,14.4,0.0,60.6,Sunny,Heating & Winter Apparel,653.51,10,2024,3,Mar,29,Friday,0,Spring
2024-03-29,14.4,0.0,60.6,Sunny,Hot Beverages & Soups,1210.26,101,2024,3,Mar,29,Friday,0,Spring
2024-03-29,14.4,0.0,60.6,Sunny,Outdoor & Camping Gear,3551.98,39,2024,3,Mar,29,Friday,0,Spring
2024-03-29,14.4,0.0,60.6,Sunny,Rainwear & Umbrellas,541.39,18,2024,3,Mar,29,Friday,0,Spring
2024-03-30,17.4,0.0,60.5,Sunny,Cold Beverages & Ice Cream,491.11,55,2024,3,Mar,30,Saturday,1,Spring
2024-03-30,17.4,0.0,60.5,Sunny,Heating & Winter Apparel,350.82,5,2024,3,Mar,30,Saturday,1,Spring
2024-03-30,17.4,0.0,60.5,Sunny,Hot Beverages & Soups,1261.96,105,2024,3,Mar,30,Saturday,1,Spring
2024-03-30,17.4,0.0,60.5,Sunny,Outdoor & Camping Gear,7003.96,81,2024,3,Mar,30,Saturday,1,Spring
2024-03-30,17.4,0.0,60.5,Sunny,Rainwear & Umbrellas,953.76,32,2024,3,Mar,30,Saturday,1,Spring
2024-03-31,13.2,7.8,50.0,Rainy,Cold Beverages & Ice Cream,104.89,13,2024,3,Mar,31,Sunday,1,Spring
2024-03-31,13.2,7.8,50.0,Rainy,Heating & Winter Apparel,1308.93,20,2024,3,Mar,31,Sunday,1,Spring
2024-03-31,13.2,7.8,50.0,Rainy,Hot Beverages & Soups,2258.53,177,2024,3,Mar,31,Sunday,1,Spring
2024-03-31,13.2,7.8,50.0,Rainy,Outdoor & Camping Gear,2203.53,25,2024,3,Mar,31,Sunday,1,Spring
2024-03-31,13.2,7.8,50.0,Rainy,Rainwear & Umbrellas,31002.75,1028,2024,3,Mar,31,Sunday,1,Spring
2024-04-01,18.8,0.0,49.4,Sunny,Cold Beverages & Ice Cream,575.96,66,2024,4,Apr,1,Monday,0,Spring
2024-04-01,18.8,0.0,49.4,Sunny,Heating & Winter Apparel,332.96,5,2024,4,Apr,1,Monday,0,Spring
2024-04-01,18.8,0.0,49.4,Sunny,Hot Beverages & Soups,836.18,66,2024,4,Apr,1,Monday,0,Spring
2024-04-01,18.8,0.0,49.4,Sunny,Outdoor & Camping Gear,4814.19,54,2024,4,Apr,1,Monday,0,Spring
2024-04-01,18.8,0.0,49.4,Sunny,Rainwear & Umbrellas,821.19,31,2024,4,Apr,1,Monday,0,Spring
2024-04-02,21.5,0.0,60.6,Sunny,Cold Beverages & Ice Cream,844.42,107,2024,4,Apr,2,Tuesday,0,Spring
2024-04-02,21.5,0.0,60.6,Sunny,Heating & Winter Apparel,628.37,9,2024,4,Apr,2,Tuesday,0,Spring
2024-04-02,21.5,0.0,60.6,Sunny,Hot Beverages & Soups,512.38,45,2024,4,Apr,2,Tuesday,0,Spring
2024-04-02,21.5,0.0,60.6,Sunny,Outdoor & Camping Gear,6610.78,79,2024,4,Apr,2,Tuesday,0,Spring
2024-04-02,21.5,0.0,60.6,Sunny,Rainwear & Umbrellas,964.53,33,2024,4,Apr,2,Tuesday,0,Spring
2024-04-03,14.3,4.8,54.9,Rainy,Cold Beverages & Ice Cream,373.18,46,2024,4,Apr,3,Wednesday,0,Spring
2024-04-03,14.3,4.8,54.9,Rainy,Heating & Winter Apparel,373.28,6,2024,4,Apr,3,Wednesday,0,Spring
2024-04-03,14.3,4.8,54.9,Rainy,Hot Beverages & Soups,2008.4,155,2024,4,Apr,3,Wednesday,0,Spring
2024-04-03,14.3,4.8,54.9,Rainy,Outdoor & Camping Gear,1109.58,13,2024,4,Apr,3,Wednesday,0,Spring
2024-04-03,14.3,4.8,54.9,Rainy,Rainwear & Umbrellas,14077.17,528,2024,4,Apr,3,Wednesday,0,Spring
2024-04-04,14.2,19.7,68.6,Rainy,Cold Beverages & Ice Cream,190.37,23,2024,4,Apr,4,Thursday,0,Spring
2024-04-04,14.2,19.7,68.6,Rainy,Heating & Winter Apparel,345.97,5,2024,4,Apr,4,Thursday,0,Spring
2024-04-04,14.2,19.7,68.6,Rainy,Hot Beverages & Soups,1526.17,134,2024,4,Apr,4,Thursday,0,Spring
2024-04-04,14.2,19.7,68.6,Rainy,Outdoor & Camping Gear,430.52,5,2024,4,Apr,4,Thursday,0,Spring
2024-04-04,14.2,19.7,68.6,Rainy,Rainwear & Umbrellas,87892.65,2928,2024,4,Apr,4,Thursday,0,Spring
2024-04-05,19.8,0.0,63.7,Sunny,Cold Beverages & Ice Cream,729.05,86,2024,4,Apr,5,Friday,0,Spring
2024-04-05,19.8,0.0,63.7,Sunny,Heating & Winter Apparel,324.44,5,2024,4,Apr,5,Friday,0,Spring
2024-04-05,19.8,0.0,63.7,Sunny,Hot Beverages & Soups,746.87,60,2024,4,Apr,5,Friday,0,Spring
2024-04-05,19.8,0.0,63.7,Sunny,Outdoor & Camping Gear,5359.48,62,2024,4,Apr,5,Friday,0,Spring
2024-04-05,19.8,0.0,63.7,Sunny,Rainwear & Umbrellas,1160.24,41,2024,4,Apr,5,Friday,0,Spring
2024-04-06,20.3,0.0,51.7,Sunny,Cold Beverages & Ice Cream,809.41,95,2024,4,Apr,6,Saturday,1,Spring
2024-04-06,20.3,0.0,51.7,Sunny,Heating & Winter Apparel,584.37,9,2024,4,Apr,6,Saturday,1,Spring
2024-04-06,20.3,0.0,51.7,Sunny,Hot Beverages & Soups,858.68,68,2024,4,Apr,6,Saturday,1,Spring
2024-04-06,20.3,0.0,51.7,Sunny,Outdoor & Camping Gear,7918.69,91,2024,4,Apr,6,Saturday,1,Spring
2024-04-06,20.3,0.0,51.7,Sunny,Rainwear & Umbrellas,765.58,26,2024,4,Apr,6,Saturday,1,Spring
2024-04-07,14.7,24.6,69.0,Rainy,Cold Beverages & Ice Cream,212.44,25,2024,4,Apr,7,Sunday,1,Spring
2024-04-07,14.7,24.6,69.0,Rainy,Heating & Winter Apparel,344.31,5,2024,4,Apr,7,Sunday,1,Spring
2024-04-07,14.7,24.6,69.0,Rainy,Hot Beverages & Soups,1866.44,160,2024,4,Apr,7,Sunday,1,Spring
2024-04-07,14.7,24.6,69.0,Rainy,Outdoor & Camping Gear,727.98,8,2024,4,Apr,7,Sunday,1,Spring
2024-04-07,14.7,24.6,69.0,Rainy,Rainwear & Umbrellas,109879.13,4243,2024,4,Apr,7,Sunday,1,Spring
2024-04-08,15.2,0.0,55.1,Sunny,Cold Beverages & Ice Cream,532.31,68,2024,4,Apr,8,Monday,0,Spring
2024-04-08,15.2,0.0,55.1,Sunny,Heating & Winter Apparel,317.12,5,2024,4,Apr,8,Monday,0,Spring
2024-04-08,15.2,0.0,55.1,Sunny,Hot Beverages & Soups,1133.92,99,2024,4,Apr,8,Monday,0,Spring
2024-04-08,15.2,0.0,55.1,Sunny,Outdoor & Camping Gear,4336.78,50,2024,4,Apr,8,Monday,0,Spring
2024-04-08,15.2,0.0,55.1,Sunny,Rainwear & Umbrellas,449.93,17,2024,4,Apr,8,Monday,0,Spring
2024-04-09,15.8,0.0,67.9,Sunny,Cold Beverages & Ice Cream,430.94,50,2024,4,Apr,9,Tuesday,0,Spring
2024-04-09,15.8,0.0,67.9,Sunny,Heating & Winter Apparel,347.39,5,2024,4,Apr,9,Tuesday,0,Spring
2024-04-09,15.8,0.0,67.9,Sunny,Hot Beverages & Soups,1137.86,96,2024,4,Apr,9,Tuesday,0,Spring
2024-04-09,15.8,0.0,67.9,Sunny,Outdoor & Camping Gear,4011.51,48,2024,4,Apr,9,Tuesday,0,Spring
2024-04-09,15.8,0.0,67.9,Sunny,Rainwear & Umbrellas,941.47,33,2024,4,Apr,9,Tuesday,0,Spring
2024-04-10,13.0,0.0,59.9,Sunny,Cold Beverages & Ice Cream,180.47,20,2024,4,Apr,10,Wednesday,0,Spring
2024-04-10,13.0,0.0,59.9,Sunny,Heating & Winter Apparel,1135.66,18,2024,4,Apr,10,Wednesday,0,Spring
2024-04-10,13.0,0.0,59.9,Sunny,Hot Beverages & Soups,1305.86,113,2024,4,Apr,10,Wednesday,0,Spring
2024-04-10,13.0,0.0,59.9,Sunny,Outdoor & Camping Gear,2225.8,26,2024,4,Apr,10,Wednesday,0,Spring
2024-04-10,13.0,0.0,59.9,Sunny,Rainwear & Umbrellas,566.92,20,2024,4,Apr,10,Wednesday,0,Spring
2024-04-11,14.5,16.5,67.2,Rainy,Cold Beverages & Ice Cream,195.44,22,2024,4,Apr,11,Thursday,0,Spring
2024-04-11,14.5,16.5,67.2,Rainy,Heating & Winter Apparel,343.28,5,2024,4,Apr,11,Thursday,0,Spring
2024-04-11,14.5,16.5,67.2,Rainy,Hot Beverages & Soups,1724.03,140,2024,4,Apr,11,Thursday,0,Spring
2024-04-11,14.5,16.5,67.2,Rainy,Outdoor & Camping Gear,1585.7,20,2024,4,Apr,11,Thursday,0,Spring
2024-04-11,14.5,16.5,67.2,Rainy,Rainwear & Umbrellas,67700.0,2349,2024,4,Apr,11,Thursday,0,Spring
2024-04-12,14.4,8.6,58.6,Rainy,Cold Beverages & Ice Cream,309.02,39,2024,4,Apr,12,Friday,0,Spring
2024-04-12,14.4,8.6,58.6,Rainy,Heating & Winter Apparel,346.64,5,2024,4,Apr,12,Friday,0,Spring
2024-04-12,14.4,8.6,58.6,Rainy,Hot Beverages & Soups,1805.91,141,2024,4,Apr,12,Friday,0,Spring
2024-04-12,14.4,8.6,58.6,Rainy,Outdoor & Camping Gear,1765.66,20,2024,4,Apr,12,Friday,0,Spring
2024-04-12,14.4,8.6,58.6,Rainy,Rainwear & Umbrellas,29479.27,1056,2024,4,Apr,12,Friday,0,Spring
2024-04-13,15.3,9.3,65.6,Rainy,Cold Beverages & Ice Cream,118.56,13,2024,4,Apr,13,Saturday,1,Spring
2024-04-13,15.3,9.3,65.6,Rainy,Heating & Winter Apparel,331.27,5,2024,4,Apr,13,Saturday,1,Spring
2024-04-13,15.3,9.3,65.6,Rainy,Hot Beverages & Soups,1826.33,159,2024,4,Apr,13,Saturday,1,Spring
2024-04-13,15.3,9.3,65.6,Rainy,Outdoor & Camping Gear,999.47,12,2024,4,Apr,13,Saturday,1,Spring
2024-04-13,15.3,9.3,65.6,Rainy,Rainwear & Umbrellas,34652.63,1279,2024,4,Apr,13,Saturday,1,Spring
2024-04-14,17.6,15.1,69.3,Rainy,Cold Beverages & Ice Cream,482.09,54,2024,4,Apr,14,Sunday,1,Spring
2024-04-14,17.6,15.1,69.3,Rainy,Heating & Winter Apparel,346.68,5,2024,4,Apr,14,Sunday,1,Spring
2024-04-14,17.6,15.1,69.3,Rainy,Hot Beverages & Soups,1543.15,139,2024,4,Apr,14,Sunday,1,Spring
2024-04-14,17.6,15.1,69.3,Rainy,Outdoor & Camping Gear,1551.77,19,2024,4,Apr,14,Sunday,1,Spring
2024-04-14,17.6,15.1,69.3,Rainy,Rainwear & Umbrellas,60673.71,2334,2024,4,Apr,14,Sunday,1,Spring
2024-04-15,18.6,0.0,47.8,Sunny,Cold Beverages & Ice Cream,578.04,68,2024,4,Apr,15,Monday,0,Spring
2024-04-15,18.6,0.0,47.8,Sunny,Heating & Winter Apparel,310.35,5,2024,4,Apr,15,Monday,0,Spring
2024-04-15,18.6,0.0,47.8,Sunny,Hot Beverages & Soups,977.85,81,2024,4,Apr,15,Monday,0,Spring
2024-04-15,18.6,0.0,47.8,Sunny,Outdoor & Camping Gear,5705.49,63,2024,4,Apr,15,Monday,0,Spring
2024-04-15,18.6,0.0,47.8,Sunny,Rainwear & Umbrellas,729.96,26,2024,4,Apr,15,Monday,0,Spring
2024-04-16,22.5,0.0,57.7,Sunny,Cold Beverages & Ice Cream,868.86,109,2024,4,Apr,16,Tuesday,0,Spring
2024-04-16,22.5,0.0,57.7,Sunny,Heating & Winter Apparel,929.49,14,2024,4,Apr,16,Tuesday,0,Spring
2024-04-16,22.5,0.0,57.7,Sunny,Hot Beverages & Soups,578.02,46,2024,4,Apr,16,Tuesday,0,Spring
2024-04-16,22.5,0.0,57.7,Sunny,Outdoor & Camping Gear,5334.65,66,2024,4,Apr,16,Tuesday,0,Spring
2024-04-16,22.5,0.0,57.7,Sunny,Rainwear & Umbrellas,769.55,27,2024,4,Apr,16,Tuesday,0,Spring
2024-04-17,15.6,0.0,55.0,Sunny,Cold Beverages & Ice Cream,336.04,40,2024,4,Apr,17,Wednesday,0,Spring
2024-04-17,15.6,0.0,55.0,Sunny,Heating & Winter Apparel,326.42,5,2024,4,Apr,17,Wednesday,0,Spring
2024-04-17,15.6,0.0,55.0,Sunny,Hot Beverages & Soups,1117.05,93,2024,4,Apr,17,Wednesday,0,Spring
2024-04-17,15.6,0.0,55.0,Sunny,Outdoor & Camping Gear,4705.55,58,2024,4,Apr,17,Wednesday,0,Spring
2024-04-17,15.6,0.0,55.0,Sunny,Rainwear & Umbrellas,781.17,30,2024,4,Apr,17,Wednesday,0,Spring
2024-04-18,21.4,0.0,53.8,Sunny,Cold Beverages & Ice Cream,815.81,95,2024,4,Apr,18,Thursday,0,Spring
2024-04-18,21.4,0.0,53.8,Sunny,Heating & Winter Apparel,830.95,12,2024,4,Apr,18,Thursday,0,Spring
2024-04-18,21.4,0.0,53.8,Sunny,Hot Beverages & Soups,583.44,46,2024,4,Apr,18,Thursday,0,Spring
2024-04-18,21.4,0.0,53.8,Sunny,Outdoor & Camping Gear,6425.2,75,2024,4,Apr,18,Thursday,0,Spring
2024-04-18,21.4,0.0,53.8,Sunny,Rainwear & Umbrellas,754.25,26,2024,4,Apr,18,Thursday,0,Spring
2024-04-19,18.2,0.0,49.2,Sunny,Cold Beverages & Ice Cream,410.95,49,2024,4,Apr,19,Friday,0,Spring
2024-04-19,18.2,0.0,49.2,Sunny,Heating & Winter Apparel,317.87,5,2024,4,Apr,19,Friday,0,Spring
2024-04-19,18.2,0.0,49.2,Sunny,Hot Beverages & Soups,783.81,66,2024,4,Apr,19,Friday,0,Spring
2024-04-19,18.2,0.0,49.2,Sunny,Outdoor & Camping Gear,2844.69,33,2024,4,Apr,19,Friday,0,Spring
2024-04-19,18.2,0.0,49.2,Sunny,Rainwear & Umbrellas,391.34,15,2024,4,Apr,19,Friday,0,Spring
2024-04-20,18.9,13.4,60.8,Rainy,Cold Beverages & Ice Cream,574.52,63,2024,4,Apr,20,Saturday,1,Spring
2024-04-20,18.9,13.4,60.8,Rainy,Heating & Winter Apparel,335.4,5,2024,4,Apr,20,Saturday,1,Spring
2024-04-20,18.9,13.4,60.8,Rainy,Hot Beverages & Soups,1447.1,119,2024,4,Apr,20,Saturday,1,Spring
2024-04-20,18.9,13.4,60.8,Rainy,Outdoor & Camping Gear,1763.31,22,2024,4,Apr,20,Saturday,1,Spring
2024-04-20,18.9,13.4,60.8,Rainy,Rainwear & Umbrellas,52706.44,1995,2024,4,Apr,20,Saturday,1,Spring
2024-04-21,21.2,0.0,47.0,Sunny,Cold Beverages & Ice Cream,1037.76,116,2024,4,Apr,21,Sunday,1,Spring
2024-04-21,21.2,0.0,47.0,Sunny,Heating & Winter Apparel,346.1,5,2024,4,Apr,21,Sunday,1,Spring
2024-04-21,21.2,0.0,47.0,Sunny,Hot Beverages & Soups,889.9,69,2024,4,Apr,21,Sunday,1,Spring
2024-04-21,21.2,0.0,47.0,Sunny,Outdoor & Camping Gear,8578.86,98,2024,4,Apr,21,Sunday,1,Spring
2024-04-21,21.2,0.0,47.0,Sunny,Rainwear & Umbrellas,776.36,28,2024,4,Apr,21,Sunday,1,Spring
2024-04-22,16.3,22.5,63.3,Rainy,Cold Beverages & Ice Cream,336.97,43,2024,4,Apr,22,Monday,0,Spring
2024-04-22,16.3,22.5,63.3,Rainy,Heating & Winter Apparel,305.28,5,2024,4,Apr,22,Monday,0,Spring
2024-04-22,16.3,22.5,63.3,Rainy,Hot Beverages & Soups,1202.79,103,2024,4,Apr,22,Monday,0,Spring
2024-04-22,16.3,22.5,63.3,Rainy,Outdoor & Camping Gear,405.04,5,2024,4,Apr,22,Monday,0,Spring
2024-04-22,16.3,22.5,63.3,Rainy,Rainwear & Umbrellas,101653.58,3455,2024,4,Apr,22,Monday,0,Spring
2024-04-23,20.8,0.0,56.3,Sunny,Cold Beverages & Ice Cream,706.74,83,2024,4,Apr,23,Tuesday,0,Spring
2024-04-23,20.8,0.0,56.3,Sunny,Heating & Winter Apparel,657.63,10,2024,4,Apr,23,Tuesday,0,Spring
2024-04-23,20.8,0.0,56.3,Sunny,Hot Beverages & Soups,632.71,57,2024,4,Apr,23,Tuesday,0,Spring
2024-04-23,20.8,0.0,56.3,Sunny,Outdoor & Camping Gear,6601.91,84,2024,4,Apr,23,Tuesday,0,Spring
2024-04-23,20.8,0.0,56.3,Sunny,Rainwear & Umbrellas,524.76,20,2024,4,Apr,23,Tuesday,0,Spring
2024-04-24,20.4,0.0,51.7,Sunny,Cold Beverages & Ice Cream,671.87,84,2024,4,Apr,24,Wednesday,0,Spring
2024-04-24,20.4,0.0,51.7,Sunny,Heating & Winter Apparel,337.74,5,2024,4,Apr,24,Wednesday,0,Spring
2024-04-24,20.4,0.0,51.7,Sunny,Hot Beverages & Soups,791.54,65,2024,4,Apr,24,Wednesday,0,Spring
2024-04-24,20.4,0.0,51.7,Sunny,Outdoor & Camping Gear,6155.72,68,2024,4,Apr,24,Wednesday,0,Spring
2024-04-24,20.4,0.0,51.7,Sunny,Rainwear & Umbrellas,680.62,23,2024,4,Apr,24,Wednesday,0,Spring
2024-04-25,21.5,14.7,54.7,Rainy,Cold Beverages & Ice Cream,520.89,60,2024,4,Apr,25,Thursday,0,Spring
2024-04-25,21.5,14.7,54.7,Rainy,Heating & Winter Apparel,335.34,5,2024,4,Apr,25,Thursday,0,Spring
2024-04-25,21.5,14.7,54.7,Rainy,Hot Beverages & Soups,960.34,78,2024,4,Apr,25,Thursday,0,Spring
2024-04-25,21.5,14.7,54.7,Rainy,Outdoor & Camping Gear,1254.93,16,2024,4,Apr,25,Thursday,0,Spring
2024-04-25,21.5,14.7,54.7,Rainy,Rainwear & Umbrellas,55627.25,2043,2024,4,Apr,25,Thursday,0,Spring
2024-04-26,21.2,0.0,67.9,Sunny,Cold Beverages & Ice Cream,779.6,85,2024,4,Apr,26,Friday,0,Spring
2024-04-26,21.2,0.0,67.9,Sunny,Heating & Winter Apparel,331.93,5,2024,4,Apr,26,Friday,0,Spring
2024-04-26,21.2,0.0,67.9,Sunny,Hot Beverages & Soups,667.44,54,2024,4,Apr,26,Friday,0,Spring
2024-04-26,21.2,0.0,67.9,Sunny,Outdoor & Camping Gear,4665.58,57,2024,4,Apr,26,Friday,0,Spring
2024-04-26,21.2,0.0,67.9,Sunny,Rainwear & Umbrellas,597.48,22,2024,4,Apr,26,Friday,0,Spring
2024-04-27,27.5,14.3,53.2,Rainy,Cold Beverages & Ice Cream,946.14,106,2024,4,Apr,27,Saturday,1,Spring
2024-04-27,27.5,14.3,53.2,Rainy,Heating & Winter Apparel,668.25,11,2024,4,Apr,27,Saturday,1,Spring
2024-04-27,27.5,14.3,53.2,Rainy,Hot Beverages & Soups,418.89,34,2024,4,Apr,27,Saturday,1,Spring
2024-04-27,27.5,14.3,53.2,Rainy,Outdoor & Camping Gear,953.15,11,2024,4,Apr,27,Saturday,1,Spring
2024-04-27,27.5,14.3,53.2,Rainy,Rainwear & Umbrellas,62243.21,2164,2024,4,Apr,27,Saturday,1,Spring
2024-04-28,19.0,0.0,61.7,Sunny,Cold Beverages & Ice Cream,571.6,70,2024,4,Apr,28,Sunday,1,Spring
2024-04-28,19.0,0.0,61.7,Sunny,Heating & Winter Apparel,459.38,7,2024,4,Apr,28,Sunday,1,Spring
2024-04-28,19.0,0.0,61.7,Sunny,Hot Beverages & Soups,984.64,82,2024,4,Apr,28,Sunday,1,Spring
2024-04-28,19.0,0.0,61.7,Sunny,Outdoor & Camping Gear,8125.93,95,2024,4,Apr,28,Sunday,1,Spring
2024-04-28,19.0,0.0,61.7,Sunny,Rainwear & Umbrellas,880.64,31,2024,4,Apr,28,Sunday,1,Spring
2024-04-29,19.5,0.0,44.8,Sunny,Cold Beverages & Ice Cream,579.74,71,2024,4,Apr,29,Monday,0,Spring
2024-04-29,19.5,0.0,44.8,Sunny,Heating & Winter Apparel,484.12,8,2024,4,Apr,29,Monday,0,Spring
2024-04-29,19.5,0.0,44.8,Sunny,Hot Beverages & Soups,831.02,69,2024,4,Apr,29,Monday,0,Spring
2024-04-29,19.5,0.0,44.8,Sunny,Outdoor & Camping Gear,6016.86,69,2024,4,Apr,29,Monday,0,Spring
2024-04-29,19.5,0.0,44.8,Sunny,Rainwear & Umbrellas,412.71,16,2024,4,Apr,29,Monday,0,Spring
2024-04-30,19.5,0.0,57.4,Sunny,Cold Beverages & Ice Cream,692.47,77,2024,4,Apr,30,Tuesday,0,Spring
2024-04-30,19.5,0.0,57.4,Sunny,Heating & Winter Apparel,302.24,5,2024,4,Apr,30,Tuesday,0,Spring
2024-04-30,19.5,0.0,57.4,Sunny,Hot Beverages & Soups,730.06,63,2024,4,Apr,30,Tuesday,0,Spring
2024-04-30,19.5,0.0,57.4,Sunny,Outdoor & Camping Gear,4986.26,57,2024,4,Apr,30,Tuesday,0,Spring
2024-04-30,19.5,0.0,57.4,Sunny,Rainwear & Umbrellas,629.14,23,2024,4,Apr,30,Tuesday,0,Spring
2024-05-01,19.9,0.0,52.6,Sunny,Cold Beverages & Ice Cream,705.18,78,2024,5,May,1,Wednesday,0,Spring
2024-05-01,19.9,0.0,52.6,Sunny,Heating & Winter Apparel,348.8,5,2024,5,May,1,Wednesday,0,Spring
2024-05-01,19.9,0.0,52.6,Sunny,Hot Beverages & Soups,753.94,66,2024,5,May,1,Wednesday,0,Spring
2024-05-01,19.9,0.0,52.6,Sunny,Outdoor & Camping Gear,3804.58,46,2024,5,May,1,Wednesday,0,Spring
2024-05-01,19.9,0.0,52.6,Sunny,Rainwear & Umbrellas,674.5,26,2024,5,May,1,Wednesday,0,Spring
2024-05-02,19.9,0.0,50.2,Sunny,Cold Beverages & Ice Cream,643.32,80,2024,5,May,2,Thursday,0,Spring
2024-05-02,19.9,0.0,50.2,Sunny,Heating & Winter Apparel,340.36,5,2024,5,May,2,Thursday,0,Spring
2024-05-02,19.9,0.0,50.2,Sunny,Hot Beverages & Soups,871.49,70,2024,5,May,2,Thursday,0,Spring
2024-05-02,19.9,0.0,50.2,Sunny,Outdoor & Camping Gear,6276.73,78,2024,5,May,2,Thursday,0,Spring
2024-05-02,19.9,0.0,50.2,Sunny,Rainwear & Umbrellas,627.96,21,2024,5,May,2,Thursday,0,Spring
2024-05-03,25.2,4.3,56.2,Rainy,Cold Beverages & Ice Cream,1039.87,120,2024,5,May,3,Friday,0,Spring
2024-05-03,25.2,4.3,56.2,Rainy,Heating & Winter Apparel,344.53,5,2024,5,May,3,Friday,0,Spring
2024-05-03,25.2,4.3,56.2,Rainy,Hot Beverages & Soups,355.75,32,2024,5,May,3,Friday,0,Spring
2024-05-03,25.2,4.3,56.2,Rainy,Outdoor & Camping Gear,2778.55,34,2024,5,May,3,Friday,0,Spring
2024-05-03,25.2,4.3,56.2,Rainy,Rainwear & Umbrellas,12060.69,455,2024,5,May,3,Friday,0,Spring
2024-05-04,26.1,2.2,53.6,Rainy,Cold Beverages & Ice Cream,1424.21,181,2024,5,May,4,Saturday,1,Spring
2024-05-04,26.1,2.2,53.6,Rainy,Heating & Winter Apparel,424.65,7,2024,5,May,4,Saturday,1,Spring
2024-05-04,26.1,2.2,53.6,Rainy,Hot Beverages & Soups,375.72,32,2024,5,May,4,Saturday,1,Spring
2024-05-04,26.1,2.2,53.6,Rainy,Outdoor & Camping Gear,6392.57,71,2024,5,May,4,Saturday,1,Spring
2024-05-04,26.1,2.2,53.6,Rainy,Rainwear & Umbrellas,5917.15,225,2024,5,May,4,Saturday,1,Spring
2024-05-05,20.7,4.8,51.8,Rainy,Cold Beverages & Ice Cream,869.54,100,2024,5,May,5,Sunday,1,Spring
2024-05-05,20.7,4.8,51.8,Rainy,Heating & Winter Apparel,607.46,9,2024,5,May,5,Sunday,1,Spring
2024-05-05,20.7,4.8,51.8,Rainy,Hot Beverages & Soups,982.81,86,2024,5,May,5,Sunday,1,Spring
2024-05-05,20.7,4.8,51.8,Rainy,Outdoor & Camping Gear,5937.54,67,2024,5,May,5,Sunday,1,Spring
2024-05-05,20.7,4.8,51.8,Rainy,Rainwear & Umbrellas,17044.12,573,2024,5,May,5,Sunday,1,Spring
2024-05-06,20.2,10.1,55.1,Rainy,Cold Beverages & Ice Cream,525.13,60,2024,5,May,6,Monday,0,Spring
2024-05-06,20.2,10.1,55.1,Rainy,Heating & Winter Apparel,486.84,7,2024,5,May,6,Monday,0,Spring
2024-05-06,20.2,10.1,55.1,Rainy,Hot Beverages & Soups,1025.55,85,2024,5,May,6,Monday,0,Spring
2024-05-06,20.2,10.1,55.1,Rainy,Outdoor & Camping Gear,1315.35,16,2024,5,May,6,Monday,0,Spring
2024-05-06,20.2,10.1,55.1,Rainy,Rainwear & Umbrellas,35966.49,1290,2024,5,May,6,Monday,0,Spring
2024-05-07,24.1,0.0,42.3,Sunny,Cold Beverages & Ice Cream,973.45,121,2024,5,May,7,Tuesday,0,Spring
2024-05-07,24.1,0.0,42.3,Sunny,Heating & Winter Apparel,488.06,7,2024,5,May,7,Tuesday,0,Spring
2024-05-07,24.1,0.0,42.3,Sunny,Hot Beverages & Soups,319.37,25,2024,5,May,7,Tuesday,0,Spring
2024-05-07,24.1,0.0,42.3,Sunny,Outdoor & Camping Gear,6227.02,75,2024,5,May,7,Tuesday,0,Spring
2024-05-07,24.1,0.0,42.3,Sunny,Rainwear & Umbrellas,759.97,29,2024,5,May,7,Tuesday,0,Spring
2024-05-08,21.4,16.6,66.4,Rainy,Cold Beverages & Ice Cream,407.17,52,2024,5,May,8,Wednesday,0,Spring
2024-05-08,21.4,16.6,66.4,Rainy,Heating & Winter Apparel,1033.03,17,2024,5,May,8,Wednesday,0,Spring
2024-05-08,21.4,16.6,66.4,Rainy,Hot Beverages & Soups,893.94,77,2024,5,May,8,Wednesday,0,Spring
2024-05-08,21.4,16.6,66.4,Rainy,Outdoor & Camping Gear,633.26,8,2024,5,May,8,Wednesday,0,Spring
2024-05-08,21.4,16.6,66.4,Rainy,Rainwear & Umbrellas,71409.98,2373,2024,5,May,8,Wednesday,0,Spring
2024-05-09,24.9,0.0,44.1,Sunny,Cold Beverages & Ice Cream,858.34,103,2024,5,May,9,Thursday,0,Spring
2024-05-09,24.9,0.0,44.1,Sunny,Heating & Winter Apparel,345.23,5,2024,5,May,9,Thursday,0,Spring
2024-05-09,24.9,0.0,44.1,Sunny,Hot Beverages & Soups,418.52,34,2024,5,May,9,Thursday,0,Spring
2024-05-09,24.9,0.0,44.1,Sunny,Outdoor & Camping Gear,5770.26,66,2024,5,May,9,Thursday,0,Spring
2024-05-09,24.9,0.0,44.1,Sunny,Rainwear & Umbrellas,375.85,13,2024,5,May,9,Thursday,0,Spring
2024-05-10,23.9,0.0,52.7,Sunny,Cold Beverages & Ice Cream,1070.7,119,2024,5,May,10,Friday,0,Spring
2024-05-10,23.9,0.0,52.7,Sunny,Heating & Winter Apparel,366.03,6,2024,5,May,10,Friday,0,Spring
2024-05-10,23.9,0.0,52.7,Sunny,Hot Beverages & Soups,427.74,36,2024,5,May,10,Friday,0,Spring
2024-05-10,23.9,0.0,52.7,Sunny,Outdoor & Camping Gear,5994.39,66,2024,5,May,10,Friday,0,Spring
2024-05-10,23.9,0.0,52.7,Sunny,Rainwear & Umbrellas,810.99,28,2024,5,May,10,Friday,0,Spring
2024-05-11,19.3,0.0,58.3,Sunny,Cold Beverages & Ice Cream,821.64,100,2024,5,May,11,Saturday,1,Spring
2024-05-11,19.3,0.0,58.3,Sunny,Heating & Winter Apparel,340.04,5,2024,5,May,11,Saturday,1,Spring
2024-05-11,19.3,0.0,58.3,Sunny,Hot Beverages & Soups,1058.19,85,2024,5,May,11,Saturday,1,Spring
2024-05-11,19.3,0.0,58.3,Sunny,Outdoor & Camping Gear,6986.17,89,2024,5,May,11,Saturday,1,Spring
2024-05-11,19.3,0.0,54.2,Sunny,Rainwear & Umbrellas,648.93,24,2024,5,May,11,Saturday,1,Spring
2024-05-12,28.1,0.0,52.3,Sunny,Cold Beverages & Ice Cream,1755.58,197,2024,5,May,12,Sunday,1,Spring
2024-05-12,28.1,0.0,52.3,Sunny,Heating & Winter Apparel,342.3,5,2024,5,May,12,Sunday,1,Spring
2024-05-12,28.1,0.0,52.3,Sunny,Hot Beverages & Soups,332.37,27,2024,5,May,12,Sunday,1,Spring
2024-05-12,28.1,0.0,52.3,Sunny,Outdoor & Camping Gear,4637.29,56,2024,5,May,12,Sunday,1,Spring
2024-05-12,28.1,0.0,52.3,Sunny,Rainwear & Umbrellas,777.08,28,2024,5,May,12,Sunday,1,Spring
2024-05-13,29.0,0.0,45.9,Sunny,Cold Beverages & Ice Cream,1369.65,172,2024,5,May,13,Monday,0,Spring
2024-05-13,29.0,0.0,45.9,Sunny,Heating & Winter Apparel,328.68,5,2024,5,May,13,Monday,0,Spring
2024-05-13,29.0,0.0,45.9,Sunny,Hot Beverages & Soups,325.2,27,2024,5,May,13,Monday,0,Spring
2024-05-13,29.0,0.0,45.9,Sunny,Outdoor & Camping Gear,3611.88,42,2024,5,May,13,Monday,0,Spring
2024-05-13,29.0,0.0,45.9,Sunny,Rainwear & Umbrellas,1068.98,40,2024,5,May,13,Monday,0,Spring
2024-05-14,22.4,0.0,59.1,Sunny,Cold Beverages & Ice Cream,768.61,96,2024,5,May,14,Tuesday,0,Spring
2024-05-14,22.4,0.0,59.1,Sunny,Heating & Winter Apparel,303.03,5,2024,5,May,14,Tuesday,0,Spring
2024-05-14,22.4,0.0,59.1,Sunny,Hot Beverages & Soups,643.4,53,2024,5,May,14,Tuesday,0,Spring
2024-05-14,22.4,0.0,59.1,Sunny,Outdoor & Camping Gear,5582.53,66,2024,5,May,14,Tuesday,0,Spring
2024-05-14,22.4,0.0,59.1,Sunny,Rainwear & Umbrellas,653.47,25,2024,5,May,14,Tuesday,0,Spring
2024-05-15,23.3,0.0,50.2,Sunny,Cold Beverages & Ice Cream,869.37,107,2024,5,May,15,Wednesday,0,Spring
2024-05-15,23.3,0.0,50.2,Sunny,Heating & Winter Apparel,1013.63,15,2024,5,May,15,Wednesday,0,Spring
2024-05-15,23.3,0.0,50.2,Sunny,Hot Beverages & Soups,510.75,46,2024,5,May,15,Wednesday,0,Spring
2024-05-15,23.3,0.0,50.2,Sunny,Outdoor & Camping Gear,7298.1,80,2024,5,May,15,Wednesday,0,Spring
2024-05-15,23.3,0.0,50.2,Sunny,Rainwear & Umbrellas,764.39,26,2024,5,May,15,Wednesday,0,Spring
2024-05-16,25.3,13.6,52.2,Rainy,Cold Beverages & Ice Cream,643.05,75,2024,5,May,16,Thursday,0,Spring
2024-05-16,25.3,13.6,52.2,Rainy,Heating & Winter Apparel,762.61,11,2024,5,May,16,Thursday,0,Spring
2024-05-16,25.3,13.6,52.2,Rainy,Hot Beverages & Soups,562.19,46,2024,5,May,16,Thursday,0,Spring
2024-05-16,25.3,13.6,52.2,Rainy,Outdoor & Camping Gear,400.75,5,2024,5,May,16,Thursday,0,Spring
2024-05-16,25.3,13.6,52.2,Rainy,Rainwear & Umbrellas,49805.14,1857,2024,5,May,16,Thursday,0,Spring
2024-05-17,25.7,0.0,50.1,Sunny,Cold Beverages & Ice Cream,1004.66,119,2024,5,May,17,Friday,0,Spring
2024-05-17,25.7,0.0,50.1,Sunny,Heating & Winter Apparel,457.12,7,2024,5,May,17,Friday,0,Spring
2024-05-17,25.7,0.0,50.1,Sunny,Hot Beverages & Soups,255.53,20,2024,5,May,17,Friday,0,Spring
2024-05-17,25.7,0.0,50.1,Sunny,Outdoor & Camping Gear,5391.42,66,2024,5,May,17,Friday,0,Spring
2024-05-17,25.7,0.0,50.1,Sunny,Rainwear & Umbrellas,735.99,26,2024,5,May,17,Friday,0,Spring
2024-05-18,26.8,0.0,55.3,Sunny,Cold Beverages & Ice Cream,1423.58,173,2024,5,May,18,Saturday,1,Spring
2024-05-18,26.8,0.0,55.3,Sunny,Heating & Winter Apparel,444.26,7,2024,5,May,18,Saturday,1,Spring
2024-05-18,26.8,0.0,55.3,Sunny,Hot Beverages & Soups,393.51,31,2024,5,May,18,Saturday,1,Spring
2024-05-18,26.8,0.0,55.3,Sunny,Outdoor & Camping Gear,6619.39,80,2024,5,May,18,Saturday,1,Spring
2024-05-18,26.8,0.0,55.3,Sunny,Rainwear & Umbrellas,723.5,27,2024,5,May,18,Saturday,1,Spring
2024-05-19,30.7,0.0,45.5,Sunny,Cold Beverages & Ice Cream,1854.32,234,2024,5,May,19,Sunday,1,Spring
2024-05-19,30.7,0.0,45.5,Sunny,Heating & Winter Apparel,578.16,9,2024,5,May,19,Sunday,1,Spring
2024-05-19,30.7,0.0,45.5,Sunny,Hot Beverages & Soups,473.31,37,2024,5,May,19,Sunday,1,Spring
2024-05-19,30.7,0.0,45.5,Sunny,Outdoor & Camping Gear,4599.2,53,2024,5,May,19,Sunday,1,Spring
2024-05-19,30.7,0.0,45.5,Sunny,Rainwear & Umbrellas,958.08,33,2024,5,May,19,Sunday,1,Spring
2024-05-20,24.8,16.3,68.6,Rainy,Cold Beverages & Ice Cream,660.58,79,2024,5,May,20,Monday,0,Spring
2024-05-20,24.8,16.3,68.6,Rainy,Heating & Winter Apparel,340.62,5,2024,5,May,20,Monday,0,Spring
2024-05-20,24.8,16.3,68.6,Rainy,Hot Beverages & Soups,537.61,48,2024,5,May,20,Monday,0,Spring
2024-05-20,24.8,16.3,68.6,Rainy,Outdoor & Camping Gear,406.04,5,2024,5,May,20,Monday,0,Spring
2024-05-20,24.8,16.3,68.6,Rainy,Rainwear & Umbrellas,62601.05,2319,2024,5,May,20,Monday,0,Spring
2024-05-21,23.3,0.0,47.9,Sunny,Cold Beverages & Ice Cream,890.27,105,2024,5,May,21,Tuesday,0,Spring
2024-05-21,23.3,0.0,47.9,Sunny,Heating & Winter Apparel,463.46,7,2024,5,May,21,Tuesday,0,Spring
2024-05-21,23.3,0.0,47.9,Sunny,Hot Beverages & Soups,361.56,31,2024,5,May,21,Tuesday,0,Spring
2024-05-21,23.3,0.0,47.9,Sunny,Outdoor & Camping Gear,5929.97,73,2024,5,May,21,Tuesday,0,Spring
2024-05-21,23.3,0.0,47.9,Sunny,Rainwear & Umbrellas,717.53,26,2024,5,May,21,Tuesday,0,Spring
2024-05-22,21.8,0.0,49.4,Sunny,Cold Beverages & Ice Cream,798.12,91,2024,5,May,22,Wednesday,0,Spring
2024-05-22,21.8,0.0,49.4,Sunny,Heating & Winter Apparel,600.9,9,2024,5,May,22,Wednesday,0,Spring
2024-05-22,21.8,0.0,49.4,Sunny,Hot Beverages & Soups,679.25,54,2024,5,May,22,Wednesday,0,Spring
2024-05-22,21.8,0.0,49.4,Sunny,Outdoor & Camping Gear,6646.01,77,2024,5,May,22,Wednesday,0,Spring
2024-05-22,21.8,0.0,49.4,Sunny,Rainwear & Umbrellas,901.63,30,2024,5,May,22,Wednesday,0,Spring
2024-05-23,23.8,0.0,45.9,Sunny,Cold Beverages & Ice Cream,987.48,112,2024,5,May,23,Thursday,0,Spring
2024-05-23,23.8,0.0,45.9,Sunny,Heating & Winter Apparel,339.9,5,2024,5,May,23,Thursday,0,Spring
2024-05-23,23.8,0.0,45.9,Sunny,Hot Beverages & Soups,362.33,32,2024,5,May,23,Thursday,0,Spring
2024-05-23,23.8,0.0,45.9,Sunny,Outdoor & Camping Gear,5882.85,68,2024,5,May,23,Thursday,0,Spring
2024-05-23,23.8,0.0,45.9,Sunny,Rainwear & Umbrellas,476.44,17,2024,5,May,23,Thursday,0,Spring
2024-05-24,25.9,0.0,56.3,Sunny,Cold Beverages & Ice Cream,1194.6,138,2024,5,May,24,Friday,0,Spring
2024-05-24,25.9,0.0,56.3,Sunny,Heating & Winter Apparel,349.54,5,2024,5,May,24,Friday,0,Spring
2024-05-24,25.9,0.0,56.3,Sunny,Hot Beverages & Soups,259.94,21,2024,5,May,24,Friday,0,Spring
2024-05-24,25.9,0.0,56.3,Sunny,Outdoor & Camping Gear,4138.16,48,2024,5,May,24,Friday,0,Spring
2024-05-24,25.9,0.0,56.3,Sunny,Rainwear & Umbrellas,772.21,27,2024,5,May,24,Friday,0,Spring
2024-05-25,31.2,0.0,49.4,Sunny,Cold Beverages & Ice Cream,2067.95,231,2024,5,May,25,Saturday,1,Spring
2024-05-25,31.2,0.0,49.4,Sunny,Heating & Winter Apparel,880.38,13,2024,5,May,25,Saturday,1,Spring
2024-05-25,31.2,0.0,49.4,Sunny,Hot Beverages & Soups,310.44,27,2024,5,May,25,Saturday,1,Spring
2024-05-25,31.2,0.0,49.4,Sunny,Outdoor & Camping Gear,3462.94,42,2024,5,May,25,Saturday,1,Spring
2024-05-25,31.2,0.0,49.4,Sunny,Rainwear & Umbrellas,438.24,17,2024,5,May,25,Saturday,1,Spring
2024-05-26,24.9,0.0,45.9,Sunny,Cold Beverages & Ice Cream,1177.63,143,2024,5,May,26,Sunday,1,Spring
2024-05-26,24.9,0.0,45.9,Sunny,Heating & Winter Apparel,336.29,5,2024,5,May,26,Sunday,1,Spring
2024-05-26,24.9,0.0,45.9,Sunny,Hot Beverages & Soups,642.14,56,2024,5,May,26,Sunday,1,Spring
2024-05-26,24.9,0.0,45.9,Sunny,Outdoor & Camping Gear,6335.14,81,2024,5,May,26,Sunday,1,Spring
2024-05-26,24.9,0.0,45.9,Sunny,Rainwear & Umbrellas,724.88,24,2024,5,May,26,Sunday,1,Spring
2024-05-27,27.2,0.0,48.7,Sunny,Cold Beverages & Ice Cream,1128.72,136,2024,5,May,27,Monday,0,Spring
2024-05-27,27.2,0.0,48.7,Sunny,Heating & Winter Apparel,328.46,5,2024,5,May,27,Monday,0,Spring
2024-05-27,27.2,0.0,48.7,Sunny,Hot Beverages & Soups,177.26,15,2024,5,May,27,Monday,0,Spring
2024-05-27,27.2,0.0,48.7,Sunny,Outdoor & Camping Gear,4269.64,48,2024,5,May,27,Monday,0,Spring
2024-05-27,27.2,0.0,48.7,Sunny,Rainwear & Umbrellas,629.34,24,2024,5,May,27,Monday,0,Spring
2024-05-28,26.7,0.0,31.6,Sunny,Cold Beverages & Ice Cream,1084.05,130,2024,5,May,28,Tuesday,0,Spring
2024-05-28,26.7,0.0,31.6,Sunny,Heating & Winter Apparel,367.78,6,2024,5,May,28,Tuesday,0,Spring
2024-05-28,26.7,0.0,31.6,Sunny,Hot Beverages & Soups,426.69,38,2024,5,May,28,Tuesday,0,Spring
2024-05-28,26.7,0.0,31.6,Sunny,Outdoor & Camping Gear,6796.87,77,2024,5,May,28,Tuesday,0,Spring
2024-05-28,26.7,0.0,31.6,Sunny,Rainwear & Umbrellas,975.0,35,2024,5,May,28,Tuesday,0,Spring
2024-05-29,30.2,0.0,55.2,Sunny,Cold Beverages & Ice Cream,1559.88,180,2024,5,May,29,Wednesday,0,Spring
2024-05-29,30.2,0.0,55.2,Sunny,Heating & Winter Apparel,541.08,9,2024,5,May,29,Wednesday,0,Spring
2024-05-29,30.2,0.0,55.2,Sunny,Hot Beverages & Soups,306.1,26,2024,5,May,29,Wednesday,0,Spring
2024-05-29,30.2,0.0,55.2,Sunny,Outdoor & Camping Gear,3320.97,40,2024,5,May,29,Wednesday,0,Spring
2024-05-29,30.2,0.0,55.2,Sunny,Rainwear & Umbrellas,553.43,21,2024,5,May,29,Wednesday,0,Spring
2024-05-30,34.1,3.9,50.0,Rainy,Cold Beverages & Ice Cream,1950.62,226,2024,5,May,30,Thursday,0,Spring
2024-05-30,34.1,3.9,50.0,Rainy,Heating & Winter Apparel,330.81,5,2024,5,May,30,Thursday,0,Spring
2024-05-30,34.1,3.9,50.0,Rainy,Hot Beverages & Soups,438.79,34,2024,5,May,30,Thursday,0,Spring
2024-05-30,34.1,3.9,50.0,Rainy,Outdoor & Camping Gear,512.08,6,2024,5,May,30,Thursday,0,Spring
2024-05-30,34.1,3.9,50.0,Rainy,Rainwear & Umbrellas,11998.26,409,2024,5,May,30,Thursday,0,Spring
2024-05-31,25.7,13.1,44.8,Rainy,Cold Beverages & Ice Cream,652.02,74,2024,5,May,31,Friday,0,Spring
2024-05-31,25.7,13.1,44.8,Rainy,Heating & Winter Apparel,303.11,5,2024,5,May,31,Friday,0,Spring
2024-05-31,25.7,13.1,44.8,Rainy,Hot Beverages & Soups,517.18,42,2024,5,May,31,Friday,0,Spring
2024-05-31,25.7,13.1,44.8,Rainy,Outdoor & Camping Gear,1641.0,18,2024,5,May,31,Friday,0,Spring
2024-05-31,25.7,13.1,44.8,Rainy,Rainwear & Umbrellas,47413.4,1774,2024,5,May,31,Friday,0,Spring
2024-06-01,26.0,0.0,42.3,Sunny,Cold Beverages & Ice Cream,1153.97,142,2024,6,Jun,1,Saturday,1,Summer
2024-06-01,26.0,0.0,42.3,Sunny,Heating & Winter Apparel,316.41,5,2024,6,Jun,1,Saturday,1,Summer
2024-06-01,26.0,0.0,42.3,Sunny,Hot Beverages & Soups,408.38,34,2024,6,Jun,1,Saturday,1,Summer
2024-06-01,26.0,0.0,42.3,Sunny,Outdoor & Camping Gear,7097.79,88,2024,6,Jun,1,Saturday,1,Summer
2024-06-01,26.0,0.0,42.3,Sunny,Rainwear & Umbrellas,932.65,31,2024,6,Jun,1,Saturday,1,Summer
2024-06-02,30.4,0.0,47.3,Sunny,Cold Beverages & Ice Cream,2044.24,238,2024,6,Jun,2,Sunday,1,Summer
2024-06-02,30.4,0.0,47.3,Sunny,Heating & Winter Apparel,314.2,5,2024,6,Jun,2,Sunday,1,Summer
2024-06-02,30.4,0.0,47.3,Sunny,Hot Beverages & Soups,436.12,37,2024,6,Jun,2,Sunday,1,Summer
2024-06-02,30.4,0.0,47.3,Sunny,Outdoor & Camping Gear,4675.39,58,2024,6,Jun,2,Sunday,1,Summer
2024-06-02,30.4,0.0,47.3,Sunny,Rainwear & Umbrellas,932.07,32,2024,6,Jun,2,Sunday,1,Summer
2024-06-03,29.6,32.0,62.6,Rainy,Cold Beverages & Ice Cream,747.33,89,2024,6,Jun,3,Monday,0,Summer
2024-06-03,29.6,32.0,62.6,Rainy,Heating & Winter Apparel,405.36,6,2024,6,Jun,3,Monday,0,Summer
2024-06-03,29.6,32.0,62.6,Rainy,Hot Beverages & Soups,455.45,38,2024,6,Jun,3,Monday,0,Summer
2024-06-03,29.6,32.0,62.6,Rainy,Outdoor & Camping Gear,1141.97,14,2024,6,Jun,3,Monday,0,Summer
2024-06-03,29.6,32.0,62.6,Rainy,Rainwear & Umbrellas,146585.59,5353,2024,6,Jun,3,Monday,0,Summer
2024-06-04,33.0,0.0,54.2,Sunny,Cold Beverages & Ice Cream,1429.25,179,2024,6,Jun,4,Tuesday,0,Summer
2024-06-04,33.0,0.0,54.2,Sunny,Heating & Winter Apparel,596.6,9,2024,6,Jun,4,Tuesday,0,Summer
2024-06-04,33.0,0.0,54.2,Sunny,Hot Beverages & Soups,234.64,20,2024,6,Jun,4,Tuesday,0,Summer
2024-06-04,33.0,0.0,54.2,Sunny,Outdoor & Camping Gear,1615.49,19,2024,6,Jun,4,Tuesday,0,Summer
2024-06-04,33.0,0.0,54.2,Sunny,Rainwear & Umbrellas,467.76,17,2024,6,Jun,4,Tuesday,0,Summer
2024-06-05,29.6,0.0,53.1,Sunny,Cold Beverages & Ice Cream,1490.15,174,2024,6,Jun,5,Wednesday,0,Summer
2024-06-05,29.6,0.0,53.1,Sunny,Heating & Winter Apparel,614.73,9,2024,6,Jun,5,Wednesday,0,Summer
2024-06-05,29.6,0.0,53.1,Sunny,Hot Beverages & Soups,202.26,17,2024,6,Jun,5,Wednesday,0,Summer
2024-06-05,29.6,0.0,53.1,Sunny,Outdoor & Camping Gear,3948.19,46,2024,6,Jun,5,Wednesday,0,Summer
2024-06-05,29.6,0.0,53.1,Sunny,Rainwear & Umbrellas,624.05,21,2024,6,Jun,5,Wednesday,0,Summer
2024-06-06,27.1,3.8,56.2,Rainy,Cold Beverages & Ice Cream,1235.25,143,2024,6,Jun,6,Thursday,0,Summer
2024-06-06,27.1,3.8,56.2,Rainy,Heating & Winter Apparel,339.41,5,2024,6,Jun,6,Thursday,0,Summer
2024-06-06,27.1,3.8,56.2,Rainy,Hot Beverages & Soups,362.73,30,2024,6,Jun,6,Thursday,0,Summer
2024-06-06,27.1,3.8,56.2,Rainy,Outdoor & Camping Gear,3883.42,45,2024,6,Jun,6,Thursday,0,Summer
2024-06-06,27.1,3.8,56.2,Rainy,Rainwear & Umbrellas,10545.42,405,2024,6,Jun,6,Thursday,0,Summer
2024-06-07,29.9,0.0,33.3,Sunny,Cold Beverages & Ice Cream,1787.7,203,2024,6,Jun,7,Friday,0,Summer
2024-06-07,29.9,0.0,33.3,Sunny,Heating & Winter Apparel,340.82,5,2024,6,Jun,7,Friday,0,Summer
2024-06-07,29.9,0.0,33.3,Sunny,Hot Beverages & Soups,491.89,41,2024,6,Jun,7,Friday,0,Summer
2024-06-07,29.9,0.0,33.3,Sunny,Outdoor & Camping Gear,3420.95,41,2024,6,Jun,7,Friday,0,Summer
2024-06-07,29.9,0.0,33.3,Sunny,Rainwear & Umbrellas,826.76,30,2024,6,Jun,7,Friday,0,Summer
2024-06-08,31.5,0.0,46.2,Sunny,Cold Beverages & Ice Cream,1970.62,230,2024,6,Jun,8,Saturday,1,Summer
2024-06-08,31.5,0.0,46.2,Sunny,Heating & Winter Apparel,433.21,7,2024,6,Jun,8,Saturday,1,Summer
2024-06-08,31.5,0.0,46.2,Sunny,Hot Beverages & Soups,439.2,38,2024,6,Jun,8,Saturday,1,Summer
2024-06-08,31.5,0.0,46.2,Sunny,Outdoor & Camping Gear,3167.84,35,2024,6,Jun,8,Saturday,1,Summer
2024-06-08,31.5,0.0,46.2,Sunny,Rainwear & Umbrellas,668.01,23,2024,6,Jun,8,Saturday,1,Summer
2024-06-09,30.8,0.0,45.3,Sunny,Cold Beverages & Ice Cream,1701.07,217,2024,6,Jun,9,Sunday,1,Summer
2024-06-09,30.8,0.0,45.3,Sunny,Heating & Winter Apparel,335.26,5,2024,6,Jun,9,Sunday,1,Summer
2024-06-09,30.8,0.0,45.3,Sunny,Hot Beverages & Soups,323.6,26,2024,6,Jun,9,Sunday,1,Summer
2024-06-09,30.8,0.0,45.3,Sunny,Outdoor & Camping Gear,4464.88,53,2024,6,Jun,9,Sunday,1,Summer
2024-06-09,30.8,0.0,45.3,Sunny,Rainwear & Umbrellas,888.03,33,2024,6,Jun,9,Sunday,1,Summer
2024-06-10,30.1,15.9,54.3,Rainy,Cold Beverages & Ice Cream,1137.37,131,2024,6,Jun,10,Monday,0,Summer
2024-06-10,30.1,15.9,54.3,Rainy,Heating & Winter Apparel,313.56,5,2024,6,Jun,10,Monday,0,Summer
2024-06-10,30.1,15.9,54.3,Rainy,Hot Beverages & Soups,434.83,35,2024,6,Jun,10,Monday,0,Summer
2024-06-10,30.1,15.9,54.3,Rainy,Outdoor & Camping Gear,417.74,5,2024,6,Jun,10,Monday,0,Summer
2024-06-10,30.1,15.9,54.3,Rainy,Rainwear & Umbrellas,64427.32,2245,2024,6,Jun,10,Monday,0,Summer
2024-06-11,31.7,0.0,46.8,Sunny,Cold Beverages & Ice Cream,1711.54,197,2024,6,Jun,11,Tuesday,0,Summer
2024-06-11,31.7,0.0,46.8,Sunny,Heating & Winter Apparel,315.88,5,2024,6,Jun,11,Tuesday,0,Summer
2024-06-11,31.7,0.0,46.8,Sunny,Hot Beverages & Soups,242.51,20,2024,6,Jun,11,Tuesday,0,Summer
2024-06-11,31.7,0.0,46.8,Sunny,Outdoor & Camping Gear,2670.34,30,2024,6,Jun,11,Tuesday,0,Summer
2024-06-11,31.7,0.0,46.8,Sunny,Rainwear & Umbrellas,665.41,25,2024,6,Jun,11,Tuesday,0,Summer
2024-06-12,32.2,3.2,44.1,Rainy,Cold Beverages & Ice Cream,1487.64,190,2024,6,Jun,12,Wednesday,0,Summer
2024-06-12,32.2,3.2,44.1,Rainy,Heating & Winter Apparel,336.51,5,2024,6,Jun,12,Wednesday,0,Summer
2024-06-12,32.2,3.2,44.1,Rainy,Hot Beverages & Soups,302.52,24,2024,6,Jun,12,Wednesday,0,Summer
2024-06-12,32.2,3.2,44.1,Rainy,Outdoor & Camping Gear,2037.34,25,2024,6,Jun,12,Wednesday,0,Summer
2024-06-12,32.2,3.2,44.1,Rainy,Rainwear & Umbrellas,9004.43,329,2024,6,Jun,12,Wednesday,0,Summer
2024-06-13,32.9,5.1,53.8,Rainy,Cold Beverages & Ice Cream,1062.67,125,2024,6,Jun,13,Thursday,0,Summer
2024-06-13,32.9,5.1,53.8,Rainy,Heating & Winter Apparel,550.4,8,2024,6,Jun,13,Thursday,0,Summer
2024-06-13,32.9,5.1,53.8,Rainy,Hot Beverages & Soups,456.78,39,2024,6,Jun,13,Thursday,0,Summer
2024-06-13,32.9,5.1,53.8,Rainy,Outdoor & Camping Gear,2219.98,25,2024,6,Jun,13,Thursday,0,Summer
2024-06-13,32.9,5.1,53.8,Rainy,Rainwear & Umbrellas,15759.21,565,2024,6,Jun,13,Thursday,0,Summer
2024-06-14,30.9,0.0,54.8,Sunny,Cold Beverages & Ice Cream,1559.58,173,2024,6,Jun,14,Friday,0,Summer
2024-06-14,30.9,0.0,54.8,Sunny,Heating & Winter Apparel,402.73,6,2024,6,Jun,14,Friday,0,Summer
2024-06-14,30.9,0.0,54.8,Sunny,Hot Beverages & Soups,271.43,21,2024,6,Jun,14,Friday,0,Summer
2024-06-14,30.9,0.0,54.8,Sunny,Outdoor & Camping Gear,2471.42,27,2024,6,Jun,14,Friday,0,Summer
2024-06-14,30.9,0.0,54.8,Sunny,Rainwear & Umbrellas,906.2,33,2024,6,Jun,14,Friday,0,Summer
2024-06-15,28.8,0.0,55.1,Sunny,Cold Beverages & Ice Cream,1790.39,205,2024,6,Jun,15,Saturday,1,Summer
2024-06-15,28.8,0.0,55.1,Sunny,Heating & Winter Apparel,310.96,5,2024,6,Jun,15,Saturday,1,Summer
2024-06-15,28.8,0.0,55.1,Sunny,Hot Beverages & Soups,429.22,37,2024,6,Jun,15,Saturday,1,Summer
2024-06-15,28.8,0.0,55.1,Sunny,Outdoor & Camping Gear,5217.02,64,2024,6,Jun,15,Saturday,1,Summer
2024-06-15,28.8,0.0,55.1,Sunny,Rainwear & Umbrellas,585.33,21,2024,6,Jun,15,Saturday,1,Summer
2024-06-16,29.8,0.0,49.4,Sunny,Cold Beverages & Ice Cream,1640.3,207,2024,6,Jun,16,Sunday,1,Summer
2024-06-16,29.8,0.0,49.4,Sunny,Heating & Winter Apparel,377.24,6,2024,6,Jun,16,Sunday,1,Summer
2024-06-16,29.8,0.0,49.4,Sunny,Hot Beverages & Soups,365.85,31,2024,6,Jun,16,Sunday,1,Summer
2024-06-16,29.8,0.0,49.4,Sunny,Outdoor & Camping Gear,4918.44,61,2024,6,Jun,16,Sunday,1,Summer
2024-06-16,29.8,0.0,49.4,Sunny,Rainwear & Umbrellas,901.02,32,2024,6,Jun,16,Sunday,1,Summer
2024-06-17,32.8,0.0,62.1,Sunny,Cold Beverages & Ice Cream,1585.84,202,2024,6,Jun,17,Monday,0,Summer
2024-06-17,32.8,0.0,62.1,Sunny,Heating & Winter Apparel,330.52,5,2024,6,Jun,17,Monday,0,Summer
2024-06-17,32.8,0.0,62.1,Sunny,Hot Beverages & Soups,294.41,26,2024,6,Jun,17,Monday,0,Summer
2024-06-17,32.8,0.0,62.1,Sunny,Outdoor & Camping Gear,1986.23,23,2024,6,Jun,17,Monday,0,Summer
2024-06-17,32.8,0.0,62.1,Sunny,Rainwear & Umbrellas,815.98,27,2024,6,Jun,17,Monday,0,Summer
2024-06-18,27.3,0.0,58.7,Sunny,Cold Beverages & Ice Cream,1153.11,137,2024,6,Jun,18,Tuesday,0,Summer
2024-06-18,27.3,0.0,58.7,Sunny,Heating & Winter Apparel,306.26,5,2024,6,Jun,18,Tuesday,0,Summer
2024-06-18,27.3,0.0,58.7,Sunny,Hot Beverages & Soups,309.3,25,2024,6,Jun,18,Tuesday,0,Summer
2024-06-18,27.3,0.0,58.7,Sunny,Outdoor & Camping Gear,4062.64,51,2024,6,Jun,18,Tuesday,0,Summer
2024-06-18,27.3,0.0,58.7,Sunny,Rainwear & Umbrellas,863.51,29,2024,6,Jun,18,Tuesday,0,Summer
2024-06-19,30.7,6.0,53.2,Rainy,Cold Beverages & Ice Cream,805.97,96,2024,6,Jun,19,Wednesday,0,Summer
2024-06-19,30.7,6.0,62.7,Rainy,Heating & Winter Apparel,447.08,7,2024,6,Jun,19,Wednesday,0,Summer
2024-06-19,30.7,6.0,53.2,Rainy,Hot Beverages & Soups,452.42,35,2024,6,Jun,19,Wednesday,0,Summer
2024-06-19,30.7,6.0,53.2,Rainy,Outdoor & Camping Gear,990.38,12,2024,6,Jun,19,Wednesday,0,Summer
2024-06-19,30.7,6.0,53.2,Rainy,Rainwear & Umbrellas,17896.61,683,2024,6,Jun,19,Wednesday,0,Summer
2024-06-20,28.7,20.9,61.2,Rainy,Cold Beverages & Ice Cream,806.64,102,2024,6,Jun,20,Thursday,0,Summer
2024-06-20,28.7,20.9,61.2,Rainy,Heating & Winter Apparel,320.94,5,2024,6,Jun,20,Thursday,0,Summer
2024-06-20,28.7,20.9,62.7,Rainy,Hot Beverages & Soups,287.04,25,2024,6,Jun,20,Thursday,0,Summer
2024-06-20,28.7,20.9,61.2,Rainy,Outdoor & Camping Gear,518.93,6,2024,6,Jun,20,Thursday,0,Summer
2024-06-20,28.7,20.9,61.2,Rainy,Rainwear & Umbrellas,89895.02,3151,2024,6,Jun,20,Thursday,0,Summer
2024-06-21,29.9,11.1,66.2,Rainy,Cold Beverages & Ice Cream,1016.33,123,2024,6,Jun,21,Friday,0,Summer
2024-06-21,29.9,11.1,66.2,Rainy,Heating & Winter Apparel,367.87,6,2024,6,Jun,21,Friday,0,Summer
2024-06-21,29.9,11.1,66.2,Rainy,Hot Beverages & Soups,346.61,29,2024,6,Jun,21,Friday,0,Summer
2024-06-21,29.9,11.1,66.2,Rainy,Outdoor & Camping Gear,415.48,5,2024,6,Jun,21,Friday,0,Summer
2024-06-21,29.9,11.1,66.2,Rainy,Rainwear & Umbrellas,37054.36,1433,2024,6,Jun,21,Friday,0,Summer
2024-06-22,33.5,0.0,55.3,Sunny,Cold Beverages & Ice Cream,2337.1,271,2024,6,Jun,22,Saturday,1,Summer
2024-06-22,33.5,0.0,55.3,Sunny,Heating & Winter Apparel,343.23,5,2024,6,Jun,22,Saturday,1,Summer
2024-06-22,33.5,0.0,55.3,Sunny,Hot Beverages & Soups,373.74,33,2024,6,Jun,22,Saturday,1,Summer
2024-06-22,33.5,0.0,55.3,Sunny,Outdoor & Camping Gear,2304.6,27,2024,6,Jun,22,Saturday,1,Summer
2024-06-22,33.5,0.0,55.3,Sunny,Rainwear & Umbrellas,919.08,31,2024,6,Jun,22,Saturday,1,Summer
2024-06-23,30.6,16.8,51.7,Rainy,Cold Beverages & Ice Cream,1002.52,116,2024,6,Jun,23,Sunday,1,Summer
2024-06-23,30.6,16.8,51.7,Rainy,Heating & Winter Apparel,335.1,5,2024,6,Jun,23,Sunday,1,Summer
2024-06-23,30.6,16.8,51.7,Rainy,Hot Beverages & Soups,693.71,58,2024,6,Jun,23,Sunday,1,Summer
2024-06-23,30.6,16.8,51.7,Rainy,Outdoor & Camping Gear,518.94,6,2024,6,Jun,23,Sunday,1,Summer
2024-06-23,30.6,16.8,51.7,Rainy,Rainwear & Umbrellas,69122.84,2648,2024,6,Jun,23,Sunday,1,Summer
2024-06-24,30.2,17.2,68.4,Rainy,Cold Beverages & Ice Cream,1071.31,133,2024,6,Jun,24,Monday,0,Summer
2024-06-24,30.2,17.2,68.4,Rainy,Heating & Winter Apparel,328.18,5,2024,6,Jun,24,Monday,0,Summer
2024-06-24,30.2,17.2,68.4,Rainy,Hot Beverages & Soups,338.43,28,2024,6,Jun,24,Monday,0,Summer
2024-06-24,30.2,17.2,68.4,Rainy,Outdoor & Camping Gear,847.07,10,2024,6,Jun,24,Monday,0,Summer
2024-06-24,30.2,17.2,68.4,Rainy,Rainwear & Umbrellas,71182.14,2475,2024,6,Jun,24,Monday,0,Summer
2024-06-25,26.4,5.1,54.0,Rainy,Cold Beverages & Ice Cream,636.18,71,2024,6,Jun,25,Tuesday,0,Summer
2024-06-25,26.4,5.1,54.0,Rainy,Heating & Winter Apparel,958.5,15,2024,6,Jun,25,Tuesday,0,Summer
2024-06-25,26.4,5.1,54.0,Rainy,Hot Beverages & Soups,535.59,47,2024,6,Jun,25,Tuesday,0,Summer
2024-06-25,26.4,5.1,54.0,Rainy,Outdoor & Camping Gear,3699.07,41,2024,6,Jun,25,Tuesday,0,Summer
2024-06-25,26.4,5.1,54.0,Rainy,Rainwear & Umbrellas,17021.4,571,2024,6,Jun,25,Tuesday,0,Summer
2024-06-26,32.4,0.0,43.6,Sunny,Cold Beverages & Ice Cream,1682.89,199,2024,6,Jun,26,Wednesday,0,Summer
2024-06-26,32.4,0.0,43.6,Sunny,Heating & Winter Apparel,340.21,5,2024,6,Jun,26,Wednesday,0,Summer
2024-06-26,32.4,0.0,43.6,Sunny,Hot Beverages & Soups,338.47,27,2024,6,Jun,26,Wednesday,0,Summer
2024-06-26,32.4,0.0,43.6,Sunny,Outdoor & Camping Gear,2285.65,26,2024,6,Jun,26,Wednesday,0,Summer
2024-06-26,32.4,0.0,43.6,Sunny,Rainwear & Umbrellas,311.06,11,2024,6,Jun,26,Wednesday,0,Summer
2024-06-27,32.1,3.5,38.8,Rainy,Cold Beverages & Ice Cream,1763.93,206,2024,6,Jun,27,Thursday,0,Summer
2024-06-27,32.1,3.5,38.8,Rainy,Heating & Winter Apparel,307.01,5,2024,6,Jun,27,Thursday,0,Summer
2024-06-27,32.1,3.5,38.8,Rainy,Hot Beverages & Soups,390.4,33,2024,6,Jun,27,Thursday,0,Summer
2024-06-27,32.1,3.5,38.8,Rainy,Outdoor & Camping Gear,1360.94,15,2024,6,Jun,27,Thursday,0,Summer
2024-06-27,32.1,3.5,38.8,Rainy,Rainwear & Umbrellas,10399.2,358,2024,6,Jun,27,Thursday,0,Summer
2024-06-28,36.5,0.0,45.9,Sunny,Cold Beverages & Ice Cream,2058.46,235,2024,6,Jun,28,Friday,0,Summer
2024-06-28,36.5,0.0,45.9,Sunny,Heating & Winter Apparel,333.4,5,2024,6,Jun,28,Friday,0,Summer
2024-06-28,36.5,0.0,45.9,Sunny,Hot Beverages & Soups,317.84,26,2024,6,Jun,28,Friday,0,Summer
2024-06-28,36.5,0.0,45.9,Sunny,Outdoor & Camping Gear,1036.65,12,2024,6,Jun,28,Friday,0,Summer
2024-06-28,36.5,0.0,45.9,Sunny,Rainwear & Umbrellas,762.47,27,2024,6,Jun,28,Friday,0,Summer
2024-06-29,29.6,0.0,50.3,Sunny,Cold Beverages & Ice Cream,1865.23,210,2024,6,Jun,29,Saturday,1,Summer
2024-06-29,29.6,0.0,50.3,Sunny,Heating & Winter Apparel,318.18,5,2024,6,Jun,29,Saturday,1,Summer
2024-06-29,29.6,0.0,50.3,Sunny,Hot Beverages & Soups,423.07,33,2024,6,Jun,29,Saturday,1,Summer
2024-06-29,29.6,0.0,50.3,Sunny,Outdoor & Camping Gear,4982.21,59,2024,6,Jun,29,Saturday,1,Summer
2024-06-29,29.6,0.0,50.3,Sunny,Rainwear & Umbrellas,708.69,27,2024,6,Jun,29,Saturday,1,Summer
2024-06-30,31.1,0.0,60.1,Sunny,Cold Beverages & Ice Cream,1967.02,247,2024,6,Jun,30,Sunday,1,Summer
2024-06-30,31.1,0.0,60.1,Sunny,Heating & Winter Apparel,563.59,9,2024,6,Jun,30,Sunday,1,Summer
2024-06-30,31.1,0.0,60.1,Sunny,Hot Beverages & Soups,277.19,24,2024,6,Jun,30,Sunday,1,Summer
2024-06-30,31.1,0.0,60.1,Sunny,Outdoor & Camping Gear,2781.58,32,2024,6,Jun,30,Sunday,1,Summer
2024-06-30,31.1,0.0,60.1,Sunny,Rainwear & Umbrellas,975.2,34,2024,6,Jun,30,Sunday,1,Summer
2024-07-01,31.3,0.0,55.9,Sunny,Cold Beverages & Ice Cream,1438.45,179,2024,7,Jul,1,Monday,0,Summer
2024-07-01,31.3,0.0,55.9,Sunny,Heating & Winter Apparel,333.23,5,2024,7,Jul,1,Monday,0,Summer
2024-07-01,31.3,0.0,55.9,Sunny,Hot Beverages & Soups,376.27,30,2024,7,Jul,1,Monday,0,Summer
2024-07-01,31.3,0.0,55.9,Sunny,Outdoor & Camping Gear,3225.68,36,2024,7,Jul,1,Monday,0,Summer
2024-07-01,31.3,0.0,55.9,Sunny,Rainwear & Umbrellas,499.33,19,2024,7,Jul,1,Monday,0,Summer
2024-07-02,35.1,6.8,48.8,Rainy,Cold Beverages & Ice Cream,1286.21,161,2024,7,Jul,2,Tuesday,0,Summer
2024-07-02,35.1,6.8,48.8,Rainy,Heating & Winter Apparel,301.36,5,2024,7,Jul,2,Tuesday,0,Summer
2024-07-02,35.1,6.8,48.8,Rainy,Hot Beverages & Soups,353.76,30,2024,7,Jul,2,Tuesday,0,Summer
2024-07-02,35.1,6.8,62.7,Rainy,Outdoor & Camping Gear,421.22,5,2024,7,Jul,2,Tuesday,0,Summer
2024-07-02,35.1,6.8,48.8,Rainy,Rainwear & Umbrellas,20693.57,793,2024,7,Jul,2,Tuesday,0,Summer
2024-07-03,30.4,0.0,52.6,Sunny,Cold Beverages & Ice Cream,1564.48,188,2024,7,Jul,3,Wednesday,0,Summer
2024-07-03,30.4,0.0,52.6,Sunny,Heating & Winter Apparel,490.65,7,2024,7,Jul,3,Wednesday,0,Summer
2024-07-03,30.4,0.0,52.6,Sunny,Hot Beverages & Soups,235.85,19,2024,7,Jul,3,Wednesday,0,Summer
2024-07-03,30.4,0.0,52.6,Sunny,Outdoor & Camping Gear,2187.1,24,2024,7,Jul,3,Wednesday,0,Summer
2024-07-03,30.4,0.0,52.6,Sunny,Rainwear & Umbrellas,509.15,18,2024,7,Jul,3,Wednesday,0,Summer
2024-07-04,31.5,0.0,55.0,Sunny,Cold Beverages & Ice Cream,1602.43,189,2024,7,Jul,4,Thursday,0,Summer
2024-07-04,31.5,0.0,55.0,Sunny,Heating & Winter Apparel,452.22,7,2024,7,Jul,4,Thursday,0,Summer
2024-07-04,31.5,0.0,55.0,Sunny,Hot Beverages & Soups,508.49,42,2024,7,Jul,4,Thursday,0,Summer
2024-07-04,31.5,0.0,55.0,Sunny,Outdoor & Camping Gear,2803.6,33,2024,7,Jul,4,Thursday,0,Summer
2024-07-04,31.5,0.0,55.0,Sunny,Rainwear & Umbrellas,629.22,22,2024,7,Jul,4,Thursday,0,Summer
2024-07-05,32.5,0.0,49.8,Sunny,Cold Beverages & Ice Cream,1629.42,193,2024,7,Jul,5,Friday,0,Summer
2024-07-05,32.5,0.0,49.8,Sunny,Heating & Winter Apparel,304.45,5,2024,7,Jul,5,Friday,0,Summer
2024-07-05,32.5,0.0,49.8,Sunny,Hot Beverages & Soups,453.92,41,2024,7,Jul,5,Friday,0,Summer
2024-07-05,32.5,0.0,49.8,Sunny,Outdoor & Camping Gear,1393.84,17,2024,7,Jul,5,Friday,0,Summer
2024-07-05,32.5,0.0,49.8,Sunny,Rainwear & Umbrellas,706.69,24,2024,7,Jul,5,Friday,0,Summer
2024-07-06,31.3,0.0,45.9,Sunny,Cold Beverages & Ice Cream,2143.97,235,2024,7,Jul,6,Saturday,1,Summer
2024-07-06,31.3,0.0,45.9,Sunny,Heating & Winter Apparel,309.01,5,2024,7,Jul,6,Saturday,1,Summer
2024-07-06,31.3,0.0,45.9,Sunny,Hot Beverages & Soups,310.8,24,2024,7,Jul,6,Saturday,1,Summer
2024-07-06,31.3,0.0,45.9,Sunny,Outdoor & Camping Gear,4298.77,48,2024,7,Jul,6,Saturday,1,Summer
2024-07-06,31.3,0.0,45.9,Sunny,Rainwear & Umbrellas,949.02,35,2024,7,Jul,6,Saturday,1,Summer
2024-07-07,29.6,0.0,46.9,Sunny,Cold Beverages & Ice Cream,1859.3,205,2024,7,Jul,7,Sunday,1,Summer
2024-07-07,29.6,0.0,46.9,Sunny,Heating & Winter Apparel,326.52,5,2024,7,Jul,7,Sunday,1,Summer
2024-07-07,29.6,0.0,46.9,Sunny,Hot Beverages & Soups,358.26,32,2024,7,Jul,7,Sunday,1,Summer
2024-07-07,29.6,0.0,46.9,Sunny,Outdoor & Camping Gear,5851.97,64,2024,7,Jul,7,Sunday,1,Summer
2024-07-07,29.6,0.0,46.9,Sunny,Rainwear & Umbrellas,749.72,27,2024,7,Jul,7,Sunday,1,Summer
2024-07-08,31.4,0.0,52.1,Sunny,Cold Beverages & Ice Cream,1499.46,176,2024,7,Jul,8,Monday,0,Summer
2024-07-08,31.4,0.0,52.1,Sunny,Heating & Winter Apparel,334.49,5,2024,7,Jul,8,Monday,0,Summer
2024-07-08,31.4,0.0,52.1,Sunny,Hot Beverages & Soups,272.92,22,2024,7,Jul,8,Monday,0,Summer
2024-07-08,31.4,0.0,52.1,Sunny,Outdoor & Camping Gear,2835.68,33,2024,7,Jul,8,Monday,0,Summer
2024-07-08,31.4,0.0,52.1,Sunny,Rainwear & Umbrellas,723.79,25,2024,7,Jul,8,Monday,0,Summer
2024-07-09,33.9,5.9,55.2,Rainy,Cold Beverages & Ice Cream,1164.66,142,2024,7,Jul,9,Tuesday,0,Summer
2024-07-09,33.9,5.9,55.2,Rainy,Heating & Winter Apparel,407.1,6,2024,7,Jul,9,Tuesday,0,Summer
2024-07-09,33.9,5.9,55.2,Rainy,Hot Beverages & Soups,336.38,28,2024,7,Jul,9,Tuesday,0,Summer
2024-07-09,33.9,5.9,55.2,Rainy,Outdoor & Camping Gear,1552.32,18,2024,7,Jul,9,Tuesday,0,Summer
2024-07-09,33.9,5.9,55.2,Rainy,Rainwear & Umbrellas,17694.98,673,2024,7,Jul,9,Tuesday,0,Summer
2024-07-10,28.1,0.0,49.1,Sunny,Cold Beverages & Ice Cream,1296.15,158,2024,7,Jul,10,Wednesday,0,Summer
2024-07-10,28.1,0.0,49.1,Sunny,Heating & Winter Apparel,332.37,5,2024,7,Jul,10,Wednesday,0,Summer
2024-07-10,28.1,0.0,49.1,Sunny,Hot Beverages & Soups,340.2,29,2024,7,Jul,10,Wednesday,0,Summer
2024-07-10,28.1,0.0,49.1,Sunny,Outdoor & Camping Gear,3828.45,43,2024,7,Jul,10,Wednesday,0,Summer
2024-07-10,28.1,0.0,49.1,Sunny,Rainwear & Umbrellas,598.97,23,2024,7,Jul,10,Wednesday,0,Summer
2024-07-11,31.3,0.0,32.7,Sunny,Cold Beverages & Ice Cream,1498.83,188,2024,7,Jul,11,Thursday,0,Summer
2024-07-11,31.3,0.0,32.7,Sunny,Heating & Winter Apparel,457.65,7,2024,7,Jul,11,Thursday,0,Summer
2024-07-11,31.3,0.0,32.7,Sunny,Hot Beverages & Soups,329.61,28,2024,7,Jul,11,Thursday,0,Summer
2024-07-11,31.3,0.0,32.7,Sunny,Outdoor & Camping Gear,3704.65,42,2024,7,Jul,11,Thursday,0,Summer
2024-07-11,31.3,0.0,32.7,Sunny,Rainwear & Umbrellas,662.56,22,2024,7,Jul,11,Thursday,0,Summer
2024-07-12,29.0,58.5,80.2,Stormy,Cold Beverages & Ice Cream,887.02,108,2024,7,Jul,12,Friday,0,Summer
2024-07-12,29.0,58.5,80.2,Stormy,Heating & Winter Apparel,308.71,5,2024,7,Jul,12,Friday,0,Summer
2024-07-12,29.0,58.5,80.2,Stormy,Hot Beverages & Soups,268.35,23,2024,7,Jul,12,Friday,0,Summer
2024-07-12,29.0,58.5,80.2,Stormy,Outdoor & Camping Gear,988.52,12,2024,7,Jul,12,Friday,0,Summer
2024-07-12,29.0,58.5,80.2,Stormy,Rainwear & Umbrellas,304512.69,11342,2024,7,Jul,12,Friday,0,Summer
2024-07-13,34.3,14.4,61.9,Rainy,Cold Beverages & Ice Cream,1671.81,184,2024,7,Jul,13,Saturday,1,Summer
2024-07-13,34.3,14.4,61.9,Rainy,Heating & Winter Apparel,323.94,5,2024,7,Jul,13,Saturday,1,Summer
2024-07-13,34.3,14.4,61.9,Rainy,Hot Beverages & Soups,533.82,47,2024,7,Jul,13,Saturday,1,Summer
2024-07-13,34.3,14.4,61.9,Rainy,Outdoor & Camping Gear,423.65,5,2024,7,Jul,13,Saturday,1,Summer
2024-07-13,34.3,14.4,61.9,Rainy,Rainwear & Umbrellas,62385.71,2188,2024,7,Jul,13,Saturday,1,Summer
2024-07-14,26.7,5.8,41.4,Rainy,Cold Beverages & Ice Cream,993.51,114,2024,7,Jul,14,Sunday,1,Summer
2024-07-14,26.7,5.8,41.4,Rainy,Heating & Winter Apparel,333.76,5,2024,7,Jul,14,Sunday,1,Summer
2024-07-14,26.7,5.8,41.4,Rainy,Hot Beverages & Soups,678.66,57,2024,7,Jul,14,Sunday,1,Summer
2024-07-14,26.7,5.8,41.4,Rainy,Outdoor & Camping Gear,3454.62,44,2024,7,Jul,14,Sunday,1,Summer
2024-07-14,26.7,5.8,41.4,Rainy,Rainwear & Umbrellas,19514.24,716,2024,7,Jul,14,Sunday,1,Summer
2024-07-15,29.4,10.9,65.2,Rainy,Cold Beverages & Ice Cream,811.91,103,2024,7,Jul,15,Monday,0,Summer
2024-07-15,29.4,10.9,65.2,Rainy,Heating & Winter Apparel,448.85,7,2024,7,Jul,15,Monday,0,Summer
2024-07-15,29.4,10.9,65.2,Rainy,Hot Beverages & Soups,530.32,41,2024,7,Jul,15,Monday,0,Summer
2024-07-15,29.4,10.9,65.2,Rainy,Outdoor & Camping Gear,794.2,9,2024,7,Jul,15,Monday,0,Summer
2024-07-15,29.4,10.9,65.2,Rainy,Rainwear & Umbrellas,38575.0,1407,2024,7,Jul,15,Monday,0,Summer
2024-07-16,32.1,0.0,56.1,Sunny,Cold Beverages & Ice Cream,1420.47,178,2024,7,Jul,16,Tuesday,0,Summer
2024-07-16,32.1,0.0,56.1,Sunny,Heating & Winter Apparel,317.17,5,2024,7,Jul,16,Tuesday,0,Summer
2024-07-16,32.1,0.0,56.1,Sunny,Hot Beverages & Soups,415.31,34,2024,7,Jul,16,Tuesday,0,Summer
2024-07-16,32.1,0.0,56.1,Sunny,Outdoor & Camping Gear,2767.14,31,2024,7,Jul,16,Tuesday,0,Summer
2024-07-16,32.1,0.0,56.1,Sunny,Rainwear & Umbrellas,499.64,19,2024,7,Jul,16,Tuesday,0,Summer
2024-07-17,35.4,0.0,48.3,Sunny,Cold Beverages & Ice Cream,1830.05,222,2024,7,Jul,17,Wednesday,0,Summer
2024-07-17,35.4,0.0,48.3,Sunny,Heating & Winter Apparel,308.63,5,2024,7,Jul,17,Wednesday,0,Summer
2024-07-17,35.4,0.0,48.3,Sunny,Hot Beverages & Soups,299.13,27,2024,7,Jul,17,Wednesday,0,Summer
2024-07-17,35.4,0.0,48.3,Sunny,Outdoor & Camping Gear,2108.01,24,2024,7,Jul,17,Wednesday,0,Summer
2024-07-17,35.4,0.0,48.3,Sunny,Rainwear & Umbrellas,617.74,21,2024,7,Jul,17,Wednesday,0,Summer
2024-07-18,30.8,0.0,53.8,Sunny,Cold Beverages & Ice Cream,1718.66,188,2024,7,Jul,18,Thursday,0,Summer
2024-07-18,30.8,0.0,53.8,Sunny,Heating & Winter Apparel,321.31,5,2024,7,Jul,18,Thursday,0,Summer
2024-07-18,30.8,0.0,53.8,Sunny,Hot Beverages & Soups,343.02,31,2024,7,Jul,18,Thursday,0,Summer
2024-07-18,30.8,0.0,53.8,Sunny,Outdoor & Camping Gear,2835.22,33,2024,7,Jul,18,Thursday,0,Summer
2024-07-18,30.8,0.0,53.8,Sunny,Rainwear & Umbrellas,765.74,28,2024,7,Jul,18,Thursday,0,Summer
2024-07-19,29.4,0.0,53.9,Sunny,Cold Beverages & Ice Cream,1371.26,158,2024,7,Jul,19,Friday,0,Summer
2024-07-19,29.4,0.0,53.9,Sunny,Heating & Winter Apparel,360.36,6,2024,7,Jul,19,Friday,0,Summer
2024-07-19,29.4,0.0,53.9,Sunny,Hot Beverages & Soups,253.12,22,2024,7,Jul,19,Friday,0,Summer
2024-07-19,29.4,0.0,53.9,Sunny,Outdoor & Camping Gear,3341.32,40,2024,7,Jul,19,Friday,0,Summer
2024-07-19,29.4,0.0,53.9,Sunny,Rainwear & Umbrellas,779.88,28,2024,7,Jul,19,Friday,0,Summer
2024-07-20,36.2,4.0,49.6,Rainy,Cold Beverages & Ice Cream,2596.32,308,2024,7,Jul,20,Saturday,1,Summer
2024-07-20,36.2,4.0,49.6,Rainy,Heating & Winter Apparel,313.79,5,2024,7,Jul,20,Saturday,1,Summer
2024-07-20,36.2,4.0,49.6,Rainy,Hot Beverages & Soups,363.17,29,2024,7,Jul,20,Saturday,1,Summer
2024-07-20,36.2,4.0,49.6,Rainy,Outdoor & Camping Gear,439.08,5,2024,7,Jul,20,Saturday,1,Summer
2024-07-20,36.2,4.0,49.6,Rainy,Rainwear & Umbrellas,14092.52,468,2024,7,Jul,20,Saturday,1,Summer
2024-07-21,26.9,0.0,42.5,Sunny,Cold Beverages & Ice Cream,1439.33,179,2024,7,Jul,21,Sunday,1,Summer
2024-07-21,26.9,0.0,42.5,Sunny,Heating & Winter Apparel,621.91,10,2024,7,Jul,21,Sunday,1,Summer
2024-07-21,26.9,0.0,42.5,Sunny,Hot Beverages & Soups,312.58,28,2024,7,Jul,21,Sunday,1,Summer
2024-07-21,26.9,0.0,42.5,Sunny,Outdoor & Camping Gear,5753.73,68,2024,7,Jul,21,Sunday,1,Summer
2024-07-21,26.9,0.0,42.5,Sunny,Rainwear & Umbrellas,815.65,31,2024,7,Jul,21,Sunday,1,Summer
2024-07-22,24.8,13.5,67.3,Rainy,Cold Beverages & Ice Cream,714.53,80,2024,7,Jul,22,Monday,0,Summer
2024-07-22,24.8,13.5,67.3,Rainy,Heating & Winter Apparel,444.69,7,2024,7,Jul,22,Monday,0,Summer
2024-07-22,24.8,13.5,67.3,Rainy,Hot Beverages & Soups,569.61,48,2024,7,Jul,22,Monday,0,Summer
2024-07-22,24.8,13.5,67.3,Rainy,Outdoor & Camping Gear,403.01,5,2024,7,Jul,22,Monday,0,Summer
2024-07-22,24.8,13.5,67.3,Rainy,Rainwear & Umbrellas,48054.73,1829,2024,7,Jul,22,Monday,0,Summer
2024-07-23,32.1,20.3,71.7,Rainy,Cold Beverages & Ice Cream,919.95,114,2024,7,Jul,23,Tuesday,0,Summer
2024-07-23,32.1,20.3,71.7,Rainy,Heating & Winter Apparel,739.63,11,2024,7,Jul,23,Tuesday,0,Summer
2024-07-23,32.1,20.3,71.7,Rainy,Hot Beverages & Soups,431.31,39,2024,7,Jul,23,Tuesday,0,Summer
2024-07-23,32.1,20.3,71.7,Rainy,Outdoor & Camping Gear,394.65,5,2024,7,Jul,23,Tuesday,0,Summer
2024-07-23,32.1,20.3,71.7,Rainy,Rainwear & Umbrellas,81093.38,3025,2024,7,Jul,23,Tuesday,0,Summer
2024-07-24,29.5,0.0,42.5,Sunny,Cold Beverages & Ice Cream,1456.49,162,2024,7,Jul,24,Wednesday,0,Summer
2024-07-24,29.5,0.0,42.5,Sunny,Heating & Winter Apparel,463.26,7,2024,7,Jul,24,Wednesday,0,Summer
2024-07-24,29.5,0.0,42.5,Sunny,Hot Beverages & Soups,269.55,23,2024,7,Jul,24,Wednesday,0,Summer
2024-07-24,29.5,0.0,42.5,Sunny,Outdoor & Camping Gear,4126.2,45,2024,7,Jul,24,Wednesday,0,Summer
2024-07-24,29.5,0.0,42.5,Sunny,Rainwear & Umbrellas,410.31,15,2024,7,Jul,24,Wednesday,0,Summer
2024-07-25,28.0,10.4,48.6,Rainy,Cold Beverages & Ice Cream,807.43,88,2024,7,Jul,25,Thursday,0,Summer
2024-07-25,28.0,10.4,48.6,Rainy,Heating & Winter Apparel,306.91,5,2024,7,Jul,25,Thursday,0,Summer
2024-07-25,28.0,10.4,48.6,Rainy,Hot Beverages & Soups,399.26,33,2024,7,Jul,25,Thursday,0,Summer
2024-07-25,28.0,10.4,48.6,Rainy,Outdoor & Camping Gear,2457.51,27,2024,7,Jul,25,Thursday,0,Summer
2024-07-25,28.0,10.4,48.6,Rainy,Rainwear & Umbrellas,37439.67,1327,2024,7,Jul,25,Thursday,0,Summer
2024-07-26,32.8,0.0,48.2,Sunny,Cold Beverages & Ice Cream,1726.1,194,2024,7,Jul,26,Friday,0,Summer
2024-07-26,32.8,0.0,48.2,Sunny,Heating & Winter Apparel,311.35,5,2024,7,Jul,26,Friday,0,Summer
2024-07-26,32.8,0.0,48.2,Sunny,Hot Beverages & Soups,307.32,26,2024,7,Jul,26,Friday,0,Summer
2024-07-26,32.8,0.0,48.2,Sunny,Outdoor & Camping Gear,2668.13,31,2024,7,Jul,26,Friday,0,Summer
2024-07-26,32.8,0.0,48.2,Sunny,Rainwear & Umbrellas,337.49,13,2024,7,Jul,26,Friday,0,Summer
2024-07-27,31.4,0.0,45.6,Sunny,Cold Beverages & Ice Cream,1954.91,233,2024,7,Jul,27,Saturday,1,Summer
2024-07-27,31.4,0.0,45.6,Sunny,Heating & Winter Apparel,326.37,5,2024,7,Jul,27,Saturday,1,Summer
2024-07-27,31.4,0.0,45.6,Sunny,Hot Beverages & Soups,197.19,17,2024,7,Jul,27,Saturday,1,Summer
2024-07-27,31.4,0.0,45.6,Sunny,Outdoor & Camping Gear,4361.8,54,2024,7,Jul,27,Saturday,1,Summer
2024-07-27,31.4,0.0,45.6,Sunny,Rainwear & Umbrellas,746.04,26,2024,7,Jul,27,Saturday,1,Summer
2024-07-28,29.1,0.0,51.5,Sunny,Cold Beverages & Ice Cream,1820.79,205,2024,7,Jul,28,Sunday,1,Summer
2024-07-28,29.1,0.0,51.5,Sunny,Heating & Winter Apparel,426.24,7,2024,7,Jul,28,Sunday,1,Summer
2024-07-28,29.1,0.0,51.5,Sunny,Hot Beverages & Soups,321.7,26,2024,7,Jul,28,Sunday,1,Summer
2024-07-28,29.1,0.0,51.5,Sunny,Outdoor & Camping Gear,4809.42,55,2024,7,Jul,28,Sunday,1,Summer
2024-07-28,29.1,0.0,51.5,Sunny,Rainwear & Umbrellas,1019.22,34,2024,7,Jul,28,Sunday,1,Summer
2024-07-29,27.1,0.0,59.2,Sunny,Cold Beverages & Ice Cream,1176.47,141,2024,7,Jul,29,Monday,0,Summer
2024-07-29,27.1,0.0,59.2,Sunny,Heating & Winter Apparel,321.27,5,2024,7,Jul,29,Monday,0,Summer
2024-07-29,27.1,0.0,59.2,Sunny,Hot Beverages & Soups,367.93,33,2024,7,Jul,29,Monday,0,Summer
2024-07-29,27.1,0.0,59.2,Sunny,Outdoor & Camping Gear,4486.73,53,2024,7,Jul,29,Monday,0,Summer
2024-07-29,27.1,0.0,59.2,Sunny,Rainwear & Umbrellas,749.77,29,2024,7,Jul,29,Monday,0,Summer
2024-07-30,33.0,0.0,34.4,Sunny,Cold Beverages & Ice Cream,1824.65,212,2024,7,Jul,30,Tuesday,0,Summer
2024-07-30,33.0,0.0,34.4,Sunny,Heating & Winter Apparel,313.0,5,2024,7,Jul,30,Tuesday,0,Summer
2024-07-30,33.0,0.0,34.4,Sunny,Hot Beverages & Soups,155.06,14,2024,7,Jul,30,Tuesday,0,Summer
2024-07-30,33.0,0.0,34.4,Sunny,Outdoor & Camping Gear,1783.98,20,2024,7,Jul,30,Tuesday,0,Summer
2024-07-30,33.0,0.0,34.4,Sunny,Rainwear & Umbrellas,683.81,24,2024,7,Jul,30,Tuesday,0,Summer
2024-07-31,32.4,0.0,59.5,Sunny,Cold Beverages & Ice Cream,1734.47,199,2024,7,Jul,31,Wednesday,0,Summer
2024-07-31,32.4,0.0,59.5,Sunny,Heating & Winter Apparel,391.07,6,2024,7,Jul,31,Wednesday,0,Summer
2024-07-31,32.4,0.0,59.5,Sunny,Hot Beverages & Soups,352.38,30,2024,7,Jul,31,Wednesday,0,Summer
2024-07-31,32.4,0.0,59.5,Sunny,Outdoor & Camping Gear,2507.37,30,2024,7,Jul,31,Wednesday,0,Summer
2024-07-31,32.4,0.0,59.5,Sunny,Rainwear & Umbrellas,545.56,21,2024,7,Jul,31,Wednesday,0,Summer
2024-08-01,30.2,0.0,47.5,Sunny,Cold Beverages & Ice Cream,1539.06,179,2024,8,Aug,1,Thursday,0,Summer
2024-08-01,30.2,0.0,47.5,Sunny,Heating & Winter Apparel,529.82,8,2024,8,Aug,1,Thursday,0,Summer
2024-08-01,30.2,0.0,47.5,Sunny,Hot Beverages & Soups,358.05,30,2024,8,Aug,1,Thursday,0,Summer
2024-08-01,30.2,0.0,47.5,Sunny,Outdoor & Camping Gear,3330.26,40,2024,8,Aug,1,Thursday,0,Summer
2024-08-01,30.2,0.0,47.5,Sunny,Rainwear & Umbrellas,932.5,31,2024,8,Aug,1,Thursday,0,Summer
2024-08-02,35.6,0.0,51.3,Sunny,Cold Beverages & Ice Cream,1795.68,218,2024,8,Aug,2,Friday,0,Summer
2024-08-02,35.6,0.0,51.3,Sunny,Heating & Winter Apparel,318.15,5,2024,8,Aug,2,Friday,0,Summer
2024-08-02,35.6,0.0,51.3,Sunny,Hot Beverages & Soups,413.75,35,2024,8,Aug,2,Friday,0,Summer
2024-08-02,35.6,0.0,51.3,Sunny,Outdoor & Camping Gear,2302.28,26,2024,8,Aug,2,Friday,0,Summer
2024-08-02,35.6,0.0,51.3,Sunny,Rainwear & Umbrellas,377.17,14,2024,8,Aug,2,Friday,0,Summer
2024-08-03,27.4,0.0,55.3,Sunny,Cold Beverages & Ice Cream,1624.23,180,2024,8,Aug,3,Saturday,1,Summer
2024-08-03,27.4,0.0,55.3,Sunny,Heating & Winter Apparel,327.03,5,2024,8,Aug,3,Saturday,1,Summer
2024-08-03,27.4,0.0,55.3,Sunny,Hot Beverages & Soups,321.03,25,2024,8,Aug,3,Saturday,1,Summer
2024-08-03,27.4,0.0,55.3,Sunny,Outdoor & Camping Gear,6231.15,75,2024,8,Aug,3,Saturday,1,Summer
2024-08-03,27.4,0.0,55.3,Sunny,Rainwear & Umbrellas,887.51,34,2024,8,Aug,3,Saturday,1,Summer
2024-08-04,26.0,0.0,56.6,Sunny,Cold Beverages & Ice Cream,1388.7,166,2024,8,Aug,4,Sunday,1,Summer
2024-08-04,26.0,0.0,56.6,Sunny,Heating & Winter Apparel,370.22,6,2024,8,Aug,4,Sunday,1,Summer
2024-08-04,26.0,0.0,56.6,Sunny,Hot Beverages & Soups,403.42,34,2024,8,Aug,4,Sunday,1,Summer
2024-08-04,26.0,0.0,56.6,Sunny,Outdoor & Camping Gear,7355.72,86,2024,8,Aug,4,Sunday,1,Summer
2024-08-04,26.0,0.0,56.6,Sunny,Rainwear & Umbrellas,697.14,24,2024,8,Aug,4,Sunday,1,Summer
2024-08-05,28.3,0.0,51.3,Sunny,Cold Beverages & Ice Cream,1169.92,139,2024,8,Aug,5,Monday,0,Summer
2024-08-05,28.3,0.0,51.3,Sunny,Heating & Winter Apparel,322.59,5,2024,8,Aug,5,Monday,0,Summer
2024-08-05,28.3,0.0,51.3,Sunny,Hot Beverages & Soups,260.49,23,2024,8,Aug,5,Monday,0,Summer
2024-08-05,28.3,0.0,51.3,Sunny,Outdoor & Camping Gear,4490.12,53,2024,8,Aug,5,Monday,0,Summer
2024-08-05,28.3,0.0,51.3,Sunny,Rainwear & Umbrellas,957.09,33,2024,8,Aug,5,Monday,0,Summer
2024-08-06,30.0,0.0,52.1,Sunny,Cold Beverages & Ice Cream,1384.2,176,2024,8,Aug,6,Tuesday,0,Summer
2024-08-06,30.0,0.0,52.1,Sunny,Heating & Winter Apparel,615.1,9,2024,8,Aug,6,Tuesday,0,Summer
2024-08-06,30.0,0.0,52.1,Sunny,Hot Beverages & Soups,359.87,31,2024,8,Aug,6,Tuesday,0,Summer
2024-08-06,30.0,0.0,52.1,Sunny,Outdoor & Camping Gear,3718.82,42,2024,8,Aug,6,Tuesday,0,Summer
2024-08-06,30.0,0.0,52.1,Sunny,Rainwear & Umbrellas,999.11,35,2024,8,Aug,6,Tuesday,0,Summer
2024-08-07,30.7,13.5,60.6,Rainy,Cold Beverages & Ice Cream,1104.66,127,2024,8,Aug,7,Wednesday,0,Summer
2024-08-07,30.7,13.5,60.6,Rainy,Heating & Winter Apparel,329.08,5,2024,8,Aug,7,Wednesday,0,Summer
2024-08-07,30.7,13.5,60.6,Rainy,Hot Beverages & Soups,347.65,28,2024,8,Aug,7,Wednesday,0,Summer
2024-08-07,30.7,13.5,60.6,Rainy,Outdoor & Camping Gear,454.29,5,2024,8,Aug,7,Wednesday,0,Summer
2024-08-07,30.7,13.5,60.6,Rainy,Rainwear & Umbrellas,54057.93,1821,2024,8,Aug,7,Wednesday,0,Summer
2024-08-08,29.3,0.0,46.4,Sunny,Cold Beverages & Ice Cream,1549.3,169,2024,8,Aug,8,Thursday,0,Summer
2024-08-08,29.3,0.0,46.4,Sunny,Heating & Winter Apparel,302.23,5,2024,8,Aug,8,Thursday,0,Summer
2024-08-08,29.3,0.0,46.4,Sunny,Hot Beverages & Soups,201.94,16,2024,8,Aug,8,Thursday,0,Summer
2024-08-08,29.3,0.0,46.4,Sunny,Outdoor & Camping Gear,4096.83,48,2024,8,Aug,8,Thursday,0,Summer
2024-08-08,29.3,0.0,46.4,Sunny,Rainwear & Umbrellas,593.7,20,2024,8,Aug,8,Thursday,0,Summer
2024-08-09,30.9,25.4,54.9,Rainy,Cold Beverages & Ice Cream,1058.42,125,2024,8,Aug,9,Friday,0,Summer
2024-08-09,30.9,25.4,54.9,Rainy,Heating & Winter Apparel,617.11,9,2024,8,Aug,9,Friday,0,Summer
2024-08-09,30.9,25.4,54.9,Rainy,Hot Beverages & Soups,527.98,41,2024,8,Aug,9,Friday,0,Summer
2024-08-09,30.9,25.4,54.9,Rainy,Outdoor & Camping Gear,443.47,5,2024,8,Aug,9,Friday,0,Summer
2024-08-09,30.9,25.4,54.9,Rainy,Rainwear & Umbrellas,115710.81,4010,2024,8,Aug,9,Friday,0,Summer
2024-08-10,26.3,0.0,43.8,Sunny,Cold Beverages & Ice Cream,1439.42,166,2024,8,Aug,10,Saturday,1,Summer
2024-08-10,26.3,0.0,43.8,Sunny,Heating & Winter Apparel,666.87,10,2024,8,Aug,10,Saturday,1,Summer
2024-08-10,26.3,0.0,43.8,Sunny,Hot Beverages & Soups,569.71,46,2024,8,Aug,10,Saturday,1,Summer
2024-08-10,26.3,0.0,43.8,Sunny,Outdoor & Camping Gear,6593.13,78,2024,8,Aug,10,Saturday,1,Summer
2024-08-10,26.3,0.0,43.8,Sunny,Rainwear & Umbrellas,960.56,32,2024,8,Aug,10,Saturday,1,Summer
2024-08-11,33.7,0.0,48.0,Sunny,Cold Beverages & Ice Cream,2363.69,276,2024,8,Aug,11,Sunday,1,Summer
2024-08-11,33.7,0.0,48.0,Sunny,Heating & Winter Apparel,420.84,7,2024,8,Aug,11,Sunday,1,Summer
2024-08-11,33.7,0.0,48.0,Sunny,Hot Beverages & Soups,334.72,30,2024,8,Aug,11,Sunday,1,Summer
2024-08-11,33.7,0.0,48.0,Sunny,Outdoor & Camping Gear,2802.95,35,2024,8,Aug,11,Sunday,1,Summer
2024-08-11,33.7,0.0,48.0,Sunny,Rainwear & Umbrellas,974.94,33,2024,8,Aug,11,Sunday,1,Summer
2024-08-12,29.4,0.0,45.3,Sunny,Cold Beverages & Ice Cream,1484.47,169,2024,8,Aug,12,Monday,0,Summer
2024-08-12,29.4,0.0,45.3,Sunny,Heating & Winter Apparel,345.39,5,2024,8,Aug,12,Monday,0,Summer
2024-08-12,29.4,0.0,45.3,Sunny,Hot Beverages & Soups,316.18,28,2024,8,Aug,12,Monday,0,Summer
2024-08-12,29.4,0.0,45.3,Sunny,Outdoor & Camping Gear,3772.07,45,2024,8,Aug,12,Monday,0,Summer
2024-08-12,29.4,0.0,45.3,Sunny,Rainwear & Umbrellas,802.33,29,2024,8,Aug,12,Monday,0,Summer
2024-08-13,32.6,0.0,44.1,Sunny,Cold Beverages & Ice Cream,1791.42,199,2024,8,Aug,13,Tuesday,0,Summer
2024-08-13,32.6,0.0,44.1,Sunny,Heating & Winter Apparel,543.49,9,2024,8,Aug,13,Tuesday,0,Summer
2024-08-13,32.6,0.0,44.1,Sunny,Hot Beverages & Soups,221.79,18,2024,8,Aug,13,Tuesday,0,Summer
2024-08-13,32.6,0.0,44.1,Sunny,Outdoor & Camping Gear,2334.47,28,2024,8,Aug,13,Tuesday,0,Summer
2024-08-13,32.6,0.0,44.1,Sunny,Rainwear & Umbrellas,802.78,28,2024,8,Aug,13,Tuesday,0,Summer
2024-08-14,30.3,0.0,61.8,Sunny,Cold Beverages & Ice Cream,1378.36,163,2024,8,Aug,14,Wednesday,0,Summer
2024-08-14,30.3,0.0,61.8,Sunny,Heating & Winter Apparel,317.35,5,2024,8,Aug,14,Wednesday,0,Summer
2024-08-14,30.3,0.0,61.8,Sunny,Hot Beverages & Soups,419.86,34,2024,8,Aug,14,Wednesday,0,Summer
2024-08-14,30.3,0.0,61.8,Sunny,Outdoor & Camping Gear,2581.22,31,2024,8,Aug,14,Wednesday,0,Summer
2024-08-14,30.3,0.0,61.8,Sunny,Rainwear & Umbrellas,295.18,11,2024,8,Aug,14,Wednesday,0,Summer
2024-08-15,30.5,56.5,92.3,Stormy,Cold Beverages & Ice Cream,1001.98,117,2024,8,Aug,15,Thursday,0,Summer
2024-08-15,30.5,56.5,92.3,Stormy,Heating & Winter Apparel,318.74,5,2024,8,Aug,15,Thursday,0,Summer
2024-08-15,30.5,56.5,92.3,Stormy,Hot Beverages & Soups,373.1,29,2024,8,Aug,15,Thursday,0,Summer
2024-08-15,30.5,56.5,92.3,Stormy,Outdoor & Camping Gear,393.84,5,2024,8,Aug,15,Thursday,0,Summer
2024-08-15,30.5,56.5,92.3,Stormy,Rainwear & Umbrellas,293367.35,10868,2024,8,Aug,15,Thursday,0,Summer
2024-08-16,30.7,0.0,48.3,Sunny,Cold Beverages & Ice Cream,1401.84,170,2024,8,Aug,16,Friday,0,Summer
2024-08-16,30.7,0.0,48.3,Sunny,Heating & Winter Apparel,303.96,5,2024,8,Aug,16,Friday,0,Summer
2024-08-16,30.7,0.0,48.3,Sunny,Hot Beverages & Soups,319.74,27,2024,8,Aug,16,Friday,0,Summer
2024-08-16,30.7,0.0,48.3,Sunny,Outdoor & Camping Gear,2128.48,27,2024,8,Aug,16,Friday,0,Summer
2024-08-16,30.7,0.0,48.3,Sunny,Rainwear & Umbrellas,653.54,25,2024,8,Aug,16,Friday,0,Summer
2024-08-17,30.3,10.1,61.0,Rainy,Cold Beverages & Ice Cream,1200.7,143,2024,8,Aug,17,Saturday,1,Summer
2024-08-17,30.3,10.1,61.0,Rainy,Heating & Winter Apparel,736.35,11,2024,8,Aug,17,Saturday,1,Summer
2024-08-17,30.3,10.1,61.0,Rainy,Hot Beverages & Soups,554.66,44,2024,8,Aug,17,Saturday,1,Summer
2024-08-17,30.3,10.1,61.0,Rainy,Outdoor & Camping Gear,484.02,6,2024,8,Aug,17,Saturday,1,Summer
2024-08-17,30.3,10.1,61.0,Rainy,Rainwear & Umbrellas,42007.3,1416,2024,8,Aug,17,Saturday,1,Summer
2024-08-18,30.7,2.7,48.9,Rainy,Cold Beverages & Ice Cream,1963.34,223,2024,8,Aug,18,Sunday,1,Summer
2024-08-18,30.7,2.7,48.9,Rainy,Heating & Winter Apparel,551.86,8,2024,8,Aug,18,Sunday,1,Summer
2024-08-18,30.7,2.7,48.9,Rainy,Hot Beverages & Soups,383.7,32,2024,8,Aug,18,Sunday,1,Summer
2024-08-18,30.7,2.7,48.9,Rainy,Outdoor & Camping Gear,2495.69,30,2024,8,Aug,18,Sunday,1,Summer
2024-08-18,30.7,2.7,48.9,Rainy,Rainwear & Umbrellas,7901.84,282,2024,8,Aug,18,Sunday,1,Summer
2024-08-19,32.5,2.3,51.4,Rainy,Cold Beverages & Ice Cream,1650.32,203,2024,8,Aug,19,Monday,0,Summer
2024-08-19,32.5,2.3,51.4,Rainy,Heating & Winter Apparel,336.52,5,2024,8,Aug,19,Monday,0,Summer
2024-08-19,32.5,2.3,51.4,Rainy,Hot Beverages & Soups,255.95,22,2024,8,Aug,19,Monday,0,Summer
2024-08-19,32.5,2.3,51.4,Rainy,Outdoor & Camping Gear,1665.62,20,2024,8,Aug,19,Monday,0,Summer
2024-08-19,32.5,2.3,51.4,Rainy,Rainwear & Umbrellas,6586.6,227,2024,8,Aug,19,Monday,0,Summer
2024-08-20,29.2,14.9,63.1,Rainy,Cold Beverages & Ice Cream,1011.26,116,2024,8,Aug,20,Tuesday,0,Summer
2024-08-20,29.2,14.9,63.1,Rainy,Heating & Winter Apparel,719.24,12,2024,8,Aug,20,Tuesday,0,Summer
2024-08-20,29.2,14.9,63.1,Rainy,Hot Beverages & Soups,273.87,22,2024,8,Aug,20,Tuesday,0,Summer
2024-08-20,29.2,14.9,63.1,Rainy,Outdoor & Camping Gear,1072.99,13,2024,8,Aug,20,Tuesday,0,Summer
2024-08-20,29.2,14.9,63.1,Rainy,Rainwear & Umbrellas,54946.14,2073,2024,8,Aug,20,Tuesday,0,Summer
2024-08-21,30.5,0.0,47.3,Sunny,Cold Beverages & Ice Cream,1410.66,171,2024,8,Aug,21,Wednesday,0,Summer
2024-08-21,30.5,0.0,47.3,Sunny,Heating & Winter Apparel,630.26,9,2024,8,Aug,21,Wednesday,0,Summer
2024-08-21,30.5,0.0,47.3,Sunny,Hot Beverages & Soups,373.35,30,2024,8,Aug,21,Wednesday,0,Summer
2024-08-21,30.5,0.0,47.3,Sunny,Outdoor & Camping Gear,3451.36,41,2024,8,Aug,21,Wednesday,0,Summer
2024-08-21,30.5,0.0,47.3,Sunny,Rainwear & Umbrellas,911.3,31,2024,8,Aug,21,Wednesday,0,Summer
2024-08-22,28.2,0.0,46.5,Sunny,Cold Beverages & Ice Cream,1134.12,138,2024,8,Aug,22,Thursday,0,Summer
2024-08-22,28.2,0.0,46.5,Sunny,Heating & Winter Apparel,487.35,8,2024,8,Aug,22,Thursday,0,Summer
2024-08-22,28.2,0.0,46.5,Sunny,Hot Beverages & Soups,334.03,27,2024,8,Aug,22,Thursday,0,Summer
2024-08-22,28.2,0.0,46.5,Sunny,Outdoor & Camping Gear,4533.28,52,2024,8,Aug,22,Thursday,0,Summer
2024-08-22,28.2,0.0,46.5,Sunny,Rainwear & Umbrellas,631.36,23,2024,8,Aug,22,Thursday,0,Summer
2024-08-23,32.3,0.0,57.2,Sunny,Cold Beverages & Ice Cream,1519.23,193,2024,8,Aug,23,Friday,0,Summer
2024-08-23,32.3,0.0,57.2,Sunny,Heating & Winter Apparel,381.76,6,2024,8,Aug,23,Friday,0,Summer
2024-08-23,32.3,0.0,57.2,Sunny,Hot Beverages & Soups,213.88,19,2024,8,Aug,23,Friday,0,Summer
2024-08-23,32.3,0.0,57.2,Sunny,Outdoor & Camping Gear,1993.85,22,2024,8,Aug,23,Friday,0,Summer
2024-08-23,32.3,0.0,57.2,Sunny,Rainwear & Umbrellas,495.03,19,2024,8,Aug,23,Friday,0,Summer
2024-08-24,26.2,0.0,55.7,Sunny,Cold Beverages & Ice Cream,1246.47,153,2024,8,Aug,24,Saturday,1,Summer
2024-08-24,26.2,0.0,55.7,Sunny,Heating & Winter Apparel,662.75,10,2024,8,Aug,24,Saturday,1,Summer
2024-08-24,26.2,0.0,55.7,Sunny,Hot Beverages & Soups,437.16,36,2024,8,Aug,24,Saturday,1,Summer
2024-08-24,26.2,0.0,55.7,Sunny,Outdoor & Camping Gear,7509.64,86,2024,8,Aug,24,Saturday,1,Summer
2024-08-24,26.2,0.0,55.7,Sunny,Rainwear & Umbrellas,1049.58,36,2024,8,Aug,24,Saturday,1,Summer
2024-08-25,33.0,0.0,34.3,Sunny,Cold Beverages & Ice Cream,2337.5,255,2024,8,Aug,25,Sunday,1,Summer
2024-08-25,33.0,0.0,34.3,Sunny,Heating & Winter Apparel,603.61,10,2024,8,Aug,25,Sunday,1,Summer
2024-08-25,33.0,0.0,34.3,Sunny,Hot Beverages & Soups,459.73,37,2024,8,Aug,25,Sunday,1,Summer
2024-08-25,33.0,0.0,34.3,Sunny,Outdoor & Camping Gear,2259.63,28,2024,8,Aug,25,Sunday,1,Summer
2024-08-25,33.0,0.0,34.3,Sunny,Rainwear & Umbrellas,451.61,16,2024,8,Aug,25,Sunday,1,Summer
2024-08-26,27.7,0.0,46.8,Sunny,Cold Beverages & Ice Cream,1355.22,164,2024,8,Aug,26,Monday,0,Summer
2024-08-26,27.7,0.0,46.8,Sunny,Heating & Winter Apparel,324.29,5,2024,8,Aug,26,Monday,0,Summer
2024-08-26,27.7,0.0,46.8,Sunny,Hot Beverages & Soups,366.54,30,2024,8,Aug,26,Monday,0,Summer
2024-08-26,27.7,0.0,46.8,Sunny,Outdoor & Camping Gear,5549.71,62,2024,8,Aug,26,Monday,0,Summer
2024-08-26,27.7,0.0,46.8,Sunny,Rainwear & Umbrellas,546.58,19,2024,8,Aug,26,Monday,0,Summer
2024-08-27,23.7,0.0,47.6,Sunny,Cold Beverages & Ice Cream,970.0,110,2024,8,Aug,27,Tuesday,0,Summer
2024-08-27,23.7,0.0,47.6,Sunny,Heating & Winter Apparel,426.22,7,2024,8,Aug,27,Tuesday,0,Summer
2024-08-27,23.7,0.0,47.6,Sunny,Hot Beverages & Soups,493.56,43,2024,8,Aug,27,Tuesday,0,Summer
2024-08-27,23.7,0.0,47.6,Sunny,Outdoor & Camping Gear,6438.14,78,2024,8,Aug,27,Tuesday,0,Summer
2024-08-27,23.7,0.0,47.6,Sunny,Rainwear & Umbrellas,772.05,29,2024,8,Aug,27,Tuesday,0,Summer
2024-08-28,27.9,0.0,47.0,Sunny,Cold Beverages & Ice Cream,1118.43,139,2024,8,Aug,28,Wednesday,0,Summer
2024-08-28,27.9,0.0,47.0,Sunny,Heating & Winter Apparel,333.3,5,2024,8,Aug,28,Wednesday,0,Summer
2024-08-28,27.9,0.0,47.0,Sunny,Hot Beverages & Soups,373.68,33,2024,8,Aug,28,Wednesday,0,Summer
2024-08-28,27.9,0.0,47.0,Sunny,Outdoor & Camping Gear,3060.76,39,2024,8,Aug,28,Wednesday,0,Summer
2024-08-28,27.9,0.0,47.0,Sunny,Rainwear & Umbrellas,820.97,30,2024,8,Aug,28,Wednesday,0,Summer
2024-08-29,25.5,0.0,57.6,Sunny,Cold Beverages & Ice Cream,946.52,119,2024,8,Aug,29,Thursday,0,Summer
2024-08-29,25.5,0.0,57.6,Sunny,Heating & Winter Apparel,342.21,5,2024,8,Aug,29,Thursday,0,Summer
2024-08-29,25.5,0.0,57.6,Sunny,Hot Beverages & Soups,217.48,19,2024,8,Aug,29,Thursday,0,Summer
2024-08-29,25.5,0.0,57.6,Sunny,Outdoor & Camping Gear,5408.15,64,2024,8,Aug,29,Thursday,0,Summer
2024-08-29,25.5,0.0,57.6,Sunny,Rainwear & Umbrellas,663.29,25,2024,8,Aug,29,Thursday,0,Summer
2024-08-30,29.6,0.0,50.5,Sunny,Cold Beverages & Ice Cream,1457.74,177,2024,8,Aug,30,Friday,0,Summer
2024-08-30,29.6,0.0,50.5,Sunny,Heating & Winter Apparel,456.04,7,2024,8,Aug,30,Friday,0,Summer
2024-08-30,29.6,0.0,50.5,Sunny,Hot Beverages & Soups,212.83,18,2024,8,Aug,30,Friday,0,Summer
2024-08-30,29.6,0.0,50.5,Sunny,Outdoor & Camping Gear,3426.41,40,2024,8,Aug,30,Friday,0,Summer
2024-08-30,29.6,0.0,50.5,Sunny,Rainwear & Umbrellas,659.31,22,2024,8,Aug,30,Friday,0,Summer
2024-08-31,25.3,0.0,43.0,Sunny,Cold Beverages & Ice Cream,1302.48,164,2024,8,Aug,31,Saturday,1,Summer
2024-08-31,25.3,0.0,43.0,Sunny,Heating & Winter Apparel,613.5,10,2024,8,Aug,31,Saturday,1,Summer
2024-08-31,25.3,0.0,43.0,Sunny,Hot Beverages & Soups,331.4,28,2024,8,Aug,31,Saturday,1,Summer
2024-08-31,25.3,0.0,43.0,Sunny,Outdoor & Camping Gear,8121.96,93,2024,8,Aug,31,Saturday,1,Summer
2024-08-31,25.3,0.0,43.0,Sunny,Rainwear & Umbrellas,828.77,29,2024,8,Aug,31,Saturday,1,Summer
2024-09-01,25.7,10.4,50.3,Rainy,Cold Beverages & Ice Cream,1354.97,154,2024,9,Sep,1,Sunday,1,Fall
2024-09-01,25.7,1.4,50.3,Rainy,Heating & Winter Apparel,349.66,5,2024,9,Sep,1,Sunday,1,Fall
2024-09-01,25.7,1.4,50.3,Rainy,Hot Beverages & Soups,411.81,32,2024,9,Sep,1,Sunday,1,Fall
2024-09-01,25.7,1.4,50.3,Rainy,Outdoor & Camping Gear,6918.53,77,2024,9,Sep,1,Sunday,1,Fall
2024-09-01,25.7,1.4,50.3,Rainy,Rainwear & Umbrellas,3960.46,142,2024,9,Sep,1,Sunday,1,Fall
2024-09-02,21.5,0.0,57.1,Sunny,Cold Beverages & Ice Cream,787.33,88,2024,9,Sep,2,Monday,0,Fall
2024-09-02,21.5,0.0,57.1,Sunny,Heating & Winter Apparel,306.68,5,2024,9,Sep,2,Monday,0,Fall
2024-09-02,21.5,0.0,57.1,Sunny,Hot Beverages & Soups,405.46,34,2024,9,Sep,2,Monday,0,Fall
2024-09-02,21.5,0.0,57.1,Sunny,Outdoor & Camping Gear,6020.75,66,2024,9,Sep,2,Monday,0,Fall
2024-09-02,21.5,0.0,57.1,Sunny,Rainwear & Umbrellas,589.98,20,2024,9,Sep,2,Monday,0,Fall
2024-09-03,25.3,0.0,50.7,Sunny,Cold Beverages & Ice Cream,1049.75,130,2024,9,Sep,3,Tuesday,0,Fall
2024-09-03,25.3,0.0,50.7,Sunny,Heating & Winter Apparel,313.94,5,2024,9,Sep,3,Tuesday,0,Fall
2024-09-03,25.3,0.0,50.7,Sunny,Hot Beverages & Soups,443.34,39,2024,9,Sep,3,Tuesday,0,Fall
2024-09-03,25.3,0.0,50.7,Sunny,Outdoor & Camping Gear,5953.88,70,2024,9,Sep,3,Tuesday,0,Fall
2024-09-03,25.3,0.0,50.7,Sunny,Rainwear & Umbrellas,659.93,23,2024,9,Sep,3,Tuesday,0,Fall
2024-09-04,19.6,0.0,50.2,Sunny,Cold Beverages & Ice Cream,748.28,90,2024,9,Sep,4,Wednesday,0,Fall
2024-09-04,19.6,0.0,50.2,Sunny,Heating & Winter Apparel,339.55,5,2024,9,Sep,4,Wednesday,0,Fall
2024-09-04,19.6,0.0,50.2,Sunny,Hot Beverages & Soups,721.34,63,2024,9,Sep,4,Wednesday,0,Fall
2024-09-04,19.6,0.0,50.2,Sunny,Outdoor & Camping Gear,5519.89,63,2024,9,Sep,4,Wednesday,0,Fall
2024-09-04,19.6,0.0,50.2,Sunny,Rainwear & Umbrellas,928.36,31,2024,9,Sep,4,Wednesday,0,Fall
2024-09-05,21.8,0.0,55.6,Sunny,Cold Beverages & Ice Cream,675.49,82,2024,9,Sep,5,Thursday,0,Fall
2024-09-05,21.8,0.0,55.6,Sunny,Heating & Winter Apparel,348.92,5,2024,9,Sep,5,Thursday,0,Fall
2024-09-05,21.8,0.0,55.6,Sunny,Hot Beverages & Soups,524.09,43,2024,9,Sep,5,Thursday,0,Fall
2024-09-05,21.8,0.0,55.6,Sunny,Outdoor & Camping Gear,6152.96,74,2024,9,Sep,5,Thursday,0,Fall
2024-09-05,21.8,0.0,55.6,Sunny,Rainwear & Umbrellas,868.13,31,2024,9,Sep,5,Thursday,0,Fall
2024-09-06,28.2,0.0,61.4,Sunny,Cold Beverages & Ice Cream,1241.04,140,2024,9,Sep,6,Friday,0,Fall
2024-09-06,28.2,0.0,61.4,Sunny,Heating & Winter Apparel,325.27,5,2024,9,Sep,6,Friday,0,Fall
2024-09-06,28.2,0.0,61.4,Sunny,Hot Beverages & Soups,253.77,21,2024,9,Sep,6,Friday,0,Fall
2024-09-06,28.2,0.0,61.4,Sunny,Outdoor & Camping Gear,5229.73,59,2024,9,Sep,6,Friday,0,Fall
2024-09-06,28.2,0.0,61.4,Sunny,Rainwear & Umbrellas,484.61,17,2024,9,Sep,6,Friday,0,Fall
2024-09-07,28.1,0.0,54.0,Sunny,Cold Beverages & Ice Cream,1713.62,193,2024,9,Sep,7,Saturday,1,Fall
2024-09-07,28.1,0.0,54.0,Sunny,Heating & Winter Apparel,325.2,5,2024,9,Sep,7,Saturday,1,Fall
2024-09-07,28.1,0.0,54.0,Sunny,Hot Beverages & Soups,463.55,36,2024,9,Sep,7,Saturday,1,Fall
2024-09-07,28.1,0.0,54.0,Sunny,Outdoor & Camping Gear,5588.24,63,2024,9,Sep,7,Saturday,1,Fall
2024-09-07,28.1,0.0,54.0,Sunny,Rainwear & Umbrellas,654.34,22,2024,9,Sep,7,Saturday,1,Fall
2024-09-08,26.9,0.0,59.9,Sunny,Cold Beverages & Ice Cream,1421.63,177,2024,9,Sep,8,Sunday,1,Fall
2024-09-08,26.9,0.0,59.9,Sunny,Heating & Winter Apparel,332.68,5,2024,9,Sep,8,Sunday,1,Fall
2024-09-08,26.9,0.0,59.9,Sunny,Hot Beverages & Soups,213.6,19,2024,9,Sep,8,Sunday,1,Fall
2024-09-08,26.9,0.0,59.9,Sunny,Outdoor & Camping Gear,6363.17,71,2024,9,Sep,8,Sunday,1,Fall
2024-09-08,26.9,0.0,59.9,Sunny,Rainwear & Umbrellas,952.22,35,2024,9,Sep,8,Sunday,1,Fall
2024-09-09,22.8,0.0,49.3,Sunny,Cold Beverages & Ice Cream,983.54,108,2024,9,Sep,9,Monday,0,Fall
2024-09-09,22.8,0.0,49.3,Sunny,Heating & Winter Apparel,338.63,5,2024,9,Sep,9,Monday,0,Fall
2024-09-09,22.8,0.0,49.3,Sunny,Hot Beverages & Soups,617.62,54,2024,9,Sep,9,Monday,0,Fall
2024-09-09,22.8,0.0,49.3,Sunny,Outdoor & Camping Gear,6003.56,76,2024,9,Sep,9,Monday,0,Fall
2024-09-09,22.8,0.0,49.3,Sunny,Rainwear & Umbrellas,1003.34,35,2024,9,Sep,9,Monday,0,Fall
2024-09-10,25.2,0.0,52.1,Sunny,Cold Beverages & Ice Cream,1092.27,128,2024,9,Sep,10,Tuesday,0,Fall
2024-09-10,25.2,0.0,52.1,Sunny,Heating & Winter Apparel,318.52,5,2024,9,Sep,10,Tuesday,0,Fall
2024-09-10,25.2,0.0,52.1,Sunny,Hot Beverages & Soups,296.17,23,2024,9,Sep,10,Tuesday,0,Fall
2024-09-10,25.2,0.0,52.1,Sunny,Outdoor & Camping Gear,4838.66,56,2024,9,Sep,10,Tuesday,0,Fall
2024-09-10,25.2,0.0,52.1,Sunny,Rainwear & Umbrellas,749.37,28,2024,9,Sep,10,Tuesday,0,Fall
2024-09-11,25.2,0.0,51.9,Sunny,Cold Beverages & Ice Cream,1033.96,132,2024,9,Sep,11,Wednesday,0,Fall
2024-09-11,25.2,0.0,51.9,Sunny,Heating & Winter Apparel,331.14,5,2024,9,Sep,11,Wednesday,0,Fall
2024-09-11,25.2,0.0,51.9,Sunny,Hot Beverages & Soups,314.3,25,2024,9,Sep,11,Wednesday,0,Fall
2024-09-11,25.2,0.0,51.9,Sunny,Outdoor & Camping Gear,5053.0,64,2024,9,Sep,11,Wednesday,0,Fall
2024-09-11,25.2,0.0,51.9,Sunny,Rainwear & Umbrellas,738.42,26,2024,9,Sep,11,Wednesday,0,Fall
2024-09-12,21.7,86.0,98.5,Stormy,Cold Beverages & Ice Cream,577.04,68,2024,9,Sep,12,Thursday,0,Fall
2024-09-12,21.7,86.0,98.5,Stormy,Heating & Winter Apparel,396.08,6,2024,9,Sep,12,Thursday,0,Fall
2024-09-12,21.7,86.0,98.5,Stormy,Hot Beverages & Soups,846.58,67,2024,9,Sep,12,Thursday,0,Fall
2024-09-12,21.7,86.0,98.5,Stormy,Outdoor & Camping Gear,872.94,11,2024,9,Sep,12,Thursday,0,Fall
2024-09-12,21.7,86.0,98.5,Stormy,Rainwear & Umbrellas,531201.21,18358,2024,9,Sep,12,Thursday,0,Fall
2024-09-13,29.0,0.0,53.5,Sunny,Cold Beverages & Ice Cream,1253.4,150,2024,9,Sep,13,Friday,0,Fall
2024-09-13,29.0,0.0,53.5,Sunny,Heating & Winter Apparel,479.21,8,2024,9,Sep,13,Friday,0,Fall
2024-09-13,29.0,0.0,53.5,Sunny,Hot Beverages & Soups,365.67,30,2024,9,Sep,13,Friday,0,Fall
2024-09-13,29.0,0.0,53.5,Sunny,Outdoor & Camping Gear,3184.8,35,2024,9,Sep,13,Friday,0,Fall
2024-09-13,29.0,0.0,53.5,Sunny,Rainwear & Umbrellas,421.7,16,2024,9,Sep,13,Friday,0,Fall
2024-09-14,27.1,0.0,45.4,Sunny,Cold Beverages & Ice Cream,1531.37,184,2024,9,Sep,14,Saturday,1,Fall
2024-09-14,27.1,0.0,45.4,Sunny,Heating & Winter Apparel,316.11,5,2024,9,Sep,14,Saturday,1,Fall
2024-09-14,27.1,0.0,45.4,Sunny,Hot Beverages & Soups,288.28,23,2024,9,Sep,14,Saturday,1,Fall
2024-09-14,27.1,0.0,45.4,Sunny,Outdoor & Camping Gear,6652.19,83,2024,9,Sep,14,Saturday,1,Fall
2024-09-14,27.1,0.0,45.4,Sunny,Rainwear & Umbrellas,1106.64,40,2024,9,Sep,14,Saturday,1,Fall
2024-09-15,23.8,16.5,67.6,Rainy,Cold Beverages & Ice Cream,623.96,74,2024,9,Sep,15,Sunday,1,Fall
2024-09-15,23.8,16.5,67.6,Rainy,Heating & Winter Apparel,333.39,5,2024,9,Sep,15,Sunday,1,Fall
2024-09-15,23.8,16.5,67.6,Rainy,Hot Beverages & Soups,691.85,61,2024,9,Sep,15,Sunday,1,Fall
2024-09-15,23.8,16.5,67.6,Rainy,Outdoor & Camping Gear,1710.9,19,2024,9,Sep,15,Sunday,1,Fall
2024-09-15,23.8,16.5,67.6,Rainy,Rainwear & Umbrellas,67677.19,2599,2024,9,Sep,15,Sunday,1,Fall
2024-09-16,24.3,0.0,41.9,Sunny,Cold Beverages & Ice Cream,896.5,106,2024,9,Sep,16,Monday,0,Fall
2024-09-16,24.3,0.0,41.9,Sunny,Heating & Winter Apparel,328.55,5,2024,9,Sep,16,Monday,0,Fall
2024-09-16,24.3,0.0,41.9,Sunny,Hot Beverages & Soups,314.68,25,2024,9,Sep,16,Monday,0,Fall
2024-09-16,24.3,0.0,41.9,Sunny,Outdoor & Camping Gear,5710.18,64,2024,9,Sep,16,Monday,0,Fall
2024-09-16,24.3,0.0,41.9,Sunny,Rainwear & Umbrellas,684.59,24,2024,9,Sep,16,Monday,0,Fall
2024-09-17,24.6,0.0,43.7,Sunny,Cold Beverages & Ice Cream,920.96,113,2024,9,Sep,17,Tuesday,0,Fall
2024-09-17,24.6,0.0,43.7,Sunny,Heating & Winter Apparel,750.29,12,2024,9,Sep,17,Tuesday,0,Fall
2024-09-17,24.6,0.0,43.7,Sunny,Hot Beverages & Soups,312.87,26,2024,9,Sep,17,Tuesday,0,Fall
2024-09-17,24.6,0.0,43.7,Sunny,Outdoor & Camping Gear,6697.95,74,2024,9,Sep,17,Tuesday,0,Fall
2024-09-17,24.6,0.0,43.7,Sunny,Rainwear & Umbrellas,637.13,23,2024,9,Sep,17,Tuesday,0,Fall
2024-09-18,18.1,0.0,68.8,Sunny,Cold Beverages & Ice Cream,691.72,80,2024,9,Sep,18,Wednesday,0,Fall
2024-09-18,18.1,0.0,68.8,Sunny,Heating & Winter Apparel,740.68,12,2024,9,Sep,18,Wednesday,0,Fall
2024-09-18,18.1,0.0,68.8,Sunny,Hot Beverages & Soups,763.59,59,2024,9,Sep,18,Wednesday,0,Fall
2024-09-18,18.1,0.0,68.8,Sunny,Outdoor & Camping Gear,5238.01,62,2024,9,Sep,18,Wednesday,0,Fall
2024-09-18,18.1,0.0,68.8,Sunny,Rainwear & Umbrellas,980.46,33,2024,9,Sep,18,Wednesday,0,Fall
2024-09-19,22.9,0.0,49.7,Sunny,Cold Beverages & Ice Cream,928.08,110,2024,9,Sep,19,Thursday,0,Fall
2024-09-19,22.9,0.0,49.7,Sunny,Heating & Winter Apparel,382.05,6,2024,9,Sep,19,Thursday,0,Fall
2024-09-19,22.9,0.0,49.7,Sunny,Hot Beverages & Soups,471.16,37,2024,9,Sep,19,Thursday,0,Fall
2024-09-19,22.9,0.0,49.7,Sunny,Outdoor & Camping Gear,5198.98,61,2024,9,Sep,19,Thursday,0,Fall
2024-09-19,22.9,0.0,49.7,Sunny,Rainwear & Umbrellas,716.46,25,2024,9,Sep,19,Thursday,0,Fall
2024-09-20,21.5,0.0,58.3,Sunny,Cold Beverages & Ice Cream,705.38,80,2024,9,Sep,20,Friday,0,Fall
2024-09-20,21.5,0.0,58.3,Sunny,Heating & Winter Apparel,327.38,5,2024,9,Sep,20,Friday,0,Fall
2024-09-20,21.5,0.0,58.3,Sunny,Hot Beverages & Soups,813.68,65,2024,9,Sep,20,Friday,0,Fall
2024-09-20,21.5,0.0,58.3,Sunny,Outdoor & Camping Gear,5278.56,63,2024,9,Sep,20,Friday,0,Fall
2024-09-20,21.5,0.0,58.3,Sunny,Rainwear & Umbrellas,479.67,17,2024,9,Sep,20,Friday,0,Fall
2024-09-21,20.4,0.0,65.1,Sunny,Cold Beverages & Ice Cream,977.71,108,2024,9,Sep,21,Saturday,1,Fall
2024-09-21,20.4,0.0,65.1,Sunny,Heating & Winter Apparel,316.25,5,2024,9,Sep,21,Saturday,1,Fall
2024-09-21,20.4,0.0,65.1,Sunny,Hot Beverages & Soups,921.12,73,2024,9,Sep,21,Saturday,1,Fall
2024-09-21,20.4,0.0,65.1,Sunny,Outdoor & Camping Gear,7322.69,90,2024,9,Sep,21,Saturday,1,Fall
2024-09-21,20.4,0.0,65.1,Sunny,Rainwear & Umbrellas,991.11,36,2024,9,Sep,21,Saturday,1,Fall
2024-09-22,22.2,10.2,44.9,Rainy,Cold Beverages & Ice Cream,625.05,74,2024,9,Sep,22,Sunday,1,Fall
2024-09-22,22.2,10.2,44.9,Rainy,Heating & Winter Apparel,301.31,5,2024,9,Sep,22,Sunday,1,Fall
2024-09-22,22.2,10.2,44.9,Rainy,Hot Beverages & Soups,1009.04,79,2024,9,Sep,22,Sunday,1,Fall
2024-09-22,22.2,10.2,44.9,Rainy,Outdoor & Camping Gear,2707.73,31,2024,9,Sep,22,Sunday,1,Fall
2024-09-22,22.2,10.2,44.9,Rainy,Rainwear & Umbrellas,38356.53,1432,2024,9,Sep,22,Sunday,1,Fall
2024-09-23,27.8,0.0,58.4,Sunny,Cold Beverages & Ice Cream,1199.17,145,2024,9,Sep,23,Monday,0,Fall
2024-09-23,27.8,0.0,58.4,Sunny,Heating & Winter Apparel,558.53,8,2024,9,Sep,23,Monday,0,Fall
2024-09-23,27.8,0.0,58.4,Sunny,Hot Beverages & Soups,161.31,13,2024,9,Sep,23,Monday,0,Fall
2024-09-23,27.8,0.0,58.4,Sunny,Outdoor & Camping Gear,4273.54,52,2024,9,Sep,23,Monday,0,Fall
2024-09-23,27.8,0.0,58.4,Sunny,Rainwear & Umbrellas,506.04,17,2024,9,Sep,23,Monday,0,Fall
2024-09-24,24.4,0.0,56.7,Sunny,Cold Beverages & Ice Cream,1028.25,121,2024,9,Sep,24,Tuesday,0,Fall
2024-09-24,24.4,0.0,56.7,Sunny,Heating & Winter Apparel,344.86,5,2024,9,Sep,24,Tuesday,0,Fall
2024-09-24,24.4,0.0,56.7,Sunny,Hot Beverages & Soups,259.18,21,2024,9,Sep,24,Tuesday,0,Fall
2024-09-24,24.4,0.0,56.7,Sunny,Outdoor & Camping Gear,5837.29,74,2024,9,Sep,24,Tuesday,0,Fall
2024-09-24,24.4,0.0,56.7,Sunny,Rainwear & Umbrellas,862.91,31,2024,9,Sep,24,Tuesday,0,Fall
2024-09-25,20.8,0.0,64.5,Sunny,Cold Beverages & Ice Cream,695.91,82,2024,9,Sep,25,Wednesday,0,Fall
2024-09-25,20.8,0.0,64.5,Sunny,Heating & Winter Apparel,318.43,5,2024,9,Sep,25,Wednesday,0,Fall
2024-09-25,20.8,0.0,64.5,Sunny,Hot Beverages & Soups,762.75,65,2024,9,Sep,25,Wednesday,0,Fall
2024-09-25,20.8,0.0,64.5,Sunny,Outdoor & Camping Gear,6660.81,75,2024,9,Sep,25,Wednesday,0,Fall
2024-09-25,20.8,0.0,64.5,Sunny,Rainwear & Umbrellas,1048.1,35,2024,9,Sep,25,Wednesday,0,Fall
2024-09-26,23.8,0.0,45.0,Sunny,Cold Beverages & Ice Cream,888.98,111,2024,9,Sep,26,Thursday,0,Fall
2024-09-26,23.8,0.0,45.0,Sunny,Heating & Winter Apparel,306.12,5,2024,9,Sep,26,Thursday,0,Fall
2024-09-26,23.8,0.0,45.0,Sunny,Hot Beverages & Soups,499.78,40,2024,9,Sep,26,Thursday,0,Fall
2024-09-26,23.8,0.0,45.0,Sunny,Outdoor & Camping Gear,4878.35,59,2024,9,Sep,26,Thursday,0,Fall
2024-09-26,23.8,0.0,45.0,Sunny,Rainwear & Umbrellas,803.1,28,2024,9,Sep,26,Thursday,0,Fall
2024-09-27,25.9,0.0,61.3,Sunny,Cold Beverages & Ice Cream,1061.76,121,2024,9,Sep,27,Friday,0,Fall
2024-09-27,25.9,0.0,61.3,Sunny,Heating & Winter Apparel,342.11,5,2024,9,Sep,27,Friday,0,Fall
2024-09-27,25.9,0.0,61.3,Sunny,Hot Beverages & Soups,358.7,29,2024,9,Sep,27,Friday,0,Fall
2024-09-27,25.9,0.0,61.3,Sunny,Outdoor & Camping Gear,4953.2,60,2024,9,Sep,27,Friday,0,Fall
2024-09-27,25.9,0.0,61.3,Sunny,Rainwear & Umbrellas,489.07,18,2024,9,Sep,27,Friday,0,Fall
2024-09-28,24.3,0.0,47.7,Sunny,Cold Beverages & Ice Cream,1283.97,145,2024,9,Sep,28,Saturday,1,Fall
2024-09-28,24.3,0.0,47.7,Sunny,Heating & Winter Apparel,318.03,5,2024,9,Sep,28,Saturday,1,Fall
2024-09-28,24.3,0.0,47.7,Sunny,Hot Beverages & Soups,591.53,48,2024,9,Sep,28,Saturday,1,Fall
2024-09-28,24.3,0.0,47.7,Sunny,Outdoor & Camping Gear,7327.46,90,2024,9,Sep,28,Saturday,1,Fall
2024-09-28,24.3,0.0,47.7,Sunny,Rainwear & Umbrellas,640.45,22,2024,9,Sep,28,Saturday,1,Fall
2024-09-29,21.7,15.7,70.6,Rainy,Cold Beverages & Ice Cream,717.21,79,2024,9,Sep,29,Sunday,1,Fall
2024-09-29,21.7,15.7,70.6,Rainy,Heating & Winter Apparel,331.9,5,2024,9,Sep,29,Sunday,1,Fall
2024-09-29,21.7,15.7,70.6,Rainy,Hot Beverages & Soups,1026.04,92,2024,9,Sep,29,Sunday,1,Fall
2024-09-29,21.7,15.7,70.6,Rainy,Outdoor & Camping Gear,477.56,6,2024,9,Sep,29,Sunday,1,Fall
2024-09-29,21.7,15.7,70.6,Rainy,Rainwear & Umbrellas,68493.09,2428,2024,9,Sep,29,Sunday,1,Fall
2024-09-30,19.5,0.0,54.2,Sunny,Cold Beverages & Ice Cream,743.2,83,2024,9,Sep,30,Monday,0,Fall
2024-09-30,19.5,0.0,54.2,Sunny,Heating & Winter Apparel,324.71,5,2024,9,Sep,30,Monday,0,Fall
2024-09-30,19.5,0.0,54.2,Sunny,Hot Beverages & Soups,812.16,71,2024,9,Sep,30,Monday,0,Fall
2024-09-30,19.5,0.0,54.2,Sunny,Outdoor & Camping Gear,6483.03,75,2024,9,Sep,30,Monday,0,Fall
2024-09-30,19.5,0.0,54.2,Sunny,Rainwear & Umbrellas,711.71,25,2024,9,Sep,30,Monday,0,Fall
2024-10-01,23.0,0.0,58.0,Sunny,Cold Beverages & Ice Cream,803.8,99,2024,10,Oct,1,Tuesday,0,Fall
2024-10-01,23.0,0.0,58.0,Sunny,Heating & Winter Apparel,310.03,5,2024,10,Oct,1,Tuesday,0,Fall
2024-10-01,23.0,0.0,58.0,Sunny,Hot Beverages & Soups,585.96,48,2024,10,Oct,1,Tuesday,0,Fall
2024-10-01,23.0,0.0,58.0,Sunny,Outdoor & Camping Gear,7573.74,83,2024,10,Oct,1,Tuesday,0,Fall
2024-10-01,23.0,0.0,58.0,Sunny,Rainwear & Umbrellas,530.86,19,2024,10,Oct,1,Tuesday,0,Fall
2024-10-02,22.0,8.6,59.3,Rainy,Cold Beverages & Ice Cream,576.25,63,2024,10,Oct,2,Wednesday,0,Fall
2024-10-02,22.0,8.6,59.3,Rainy,Heating & Winter Apparel,596.93,9,2024,10,Oct,2,Wednesday,0,Fall
2024-10-02,22.0,8.6,59.3,Rainy,Hot Beverages & Soups,802.02,69,2024,10,Oct,2,Wednesday,0,Fall
2024-10-02,22.0,8.6,59.3,Rainy,Outdoor & Camping Gear,1885.2,22,2024,10,Oct,2,Wednesday,0,Fall
2024-10-02,22.0,8.6,59.3,Rainy,Rainwear & Umbrellas,30741.33,1057,2024,10,Oct,2,Wednesday,0,Fall
2024-10-03,23.2,0.0,41.0,Sunny,Cold Beverages & Ice Cream,1038.51,116,2024,10,Oct,3,Thursday,0,Fall
2024-10-03,23.2,0.0,41.0,Sunny,Heating & Winter Apparel,325.38,5,2024,10,Oct,3,Thursday,0,Fall
2024-10-03,23.2,0.0,41.0,Sunny,Hot Beverages & Soups,506.93,40,2024,10,Oct,3,Thursday,0,Fall
2024-10-03,23.2,0.0,41.0,Sunny,Outdoor & Camping Gear,6981.52,78,2024,10,Oct,3,Thursday,0,Fall
2024-10-03,23.2,0.0,41.0,Sunny,Rainwear & Umbrellas,659.25,24,2024,10,Oct,3,Thursday,0,Fall
2024-10-04,22.2,12.5,41.2,Rainy,Cold Beverages & Ice Cream,480.77,60,2024,10,Oct,4,Friday,0,Fall
2024-10-04,22.2,12.5,41.2,Rainy,Heating & Winter Apparel,479.69,7,2024,10,Oct,4,Friday,0,Fall
2024-10-04,22.2,12.5,41.2,Rainy,Hot Beverages & Soups,634.73,55,2024,10,Oct,4,Friday,0,Fall
2024-10-04,22.2,12.5,41.2,Rainy,Outdoor & Camping Gear,1386.92,16,2024,10,Oct,4,Friday,0,Fall
2024-10-04,22.2,12.5,41.2,Rainy,Rainwear & Umbrellas,50385.73,1677,2024,10,Oct,4,Friday,0,Fall
2024-10-05,23.2,0.0,54.3,Sunny,Cold Beverages & Ice Cream,1223.04,134,2024,10,Oct,5,Saturday,1,Fall
2024-10-05,23.2,0.0,54.3,Sunny,Heating & Winter Apparel,1122.82,16,2024,10,Oct,5,Saturday,1,Fall
2024-10-05,23.2,0.0,54.3,Sunny,Hot Beverages & Soups,718.7,63,2024,10,Oct,5,Saturday,1,Fall
2024-10-05,23.2,0.0,54.3,Sunny,Outdoor & Camping Gear,7986.93,100,2024,10,Oct,5,Saturday,1,Fall
2024-10-05,23.2,0.0,54.3,Sunny,Rainwear & Umbrellas,731.31,26,2024,10,Oct,5,Saturday,1,Fall
2024-10-06,18.5,2.8,54.9,Rainy,Cold Beverages & Ice Cream,804.87,88,2024,10,Oct,6,Sunday,1,Fall
2024-10-06,18.5,2.8,54.9,Rainy,Heating & Winter Apparel,488.93,7,2024,10,Oct,6,Sunday,1,Fall
2024-10-06,18.5,2.8,54.9,Rainy,Hot Beverages & Soups,1151.95,89,2024,10,Oct,6,Sunday,1,Fall
2024-10-06,18.5,2.8,54.9,Rainy,Outdoor & Camping Gear,5785.39,68,2024,10,Oct,6,Sunday,1,Fall
2024-10-06,18.5,2.8,54.9,Rainy,Rainwear & Umbrellas,8534.77,307,2024,10,Oct,6,Sunday,1,Fall
2024-10-07,23.5,0.0,55.4,Sunny,Cold Beverages & Ice Cream,952.84,107,2024,10,Oct,7,Monday,0,Fall
2024-10-07,23.5,0.0,55.4,Sunny,Heating & Winter Apparel,306.37,5,2024,10,Oct,7,Monday,0,Fall
2024-10-07,23.5,0.0,55.4,Sunny,Hot Beverages & Soups,477.91,42,2024,10,Oct,7,Monday,0,Fall
2024-10-07,23.5,0.0,55.4,Sunny,Outdoor & Camping Gear,6219.64,78,2024,10,Oct,7,Monday,0,Fall
2024-10-07,23.5,0.0,55.4,Sunny,Rainwear & Umbrellas,758.93,29,2024,10,Oct,7,Monday,0,Fall
2024-10-08,20.1,15.1,62.3,Rainy,Cold Beverages & Ice Cream,372.07,44,2024,10,Oct,8,Tuesday,0,Fall
2024-10-08,20.1,15.1,62.3,Rainy,Heating & Winter Apparel,687.64,10,2024,10,Oct,8,Tuesday,0,Fall
2024-10-08,20.1,15.1,62.3,Rainy,Hot Beverages & Soups,1090.89,88,2024,10,Oct,8,Tuesday,0,Fall
2024-10-08,20.1,15.1,62.3,Rainy,Outdoor & Camping Gear,418.05,5,2024,10,Oct,8,Tuesday,0,Fall
2024-10-08,20.1,15.1,62.3,Rainy,Rainwear & Umbrellas,60422.56,2096,2024,10,Oct,8,Tuesday,0,Fall
2024-10-09,25.1,16.4,75.9,Rainy,Cold Beverages & Ice Cream,582.84,66,2024,10,Oct,9,Wednesday,0,Fall
2024-10-09,25.1,16.4,75.9,Rainy,Heating & Winter Apparel,341.47,5,2024,10,Oct,9,Wednesday,0,Fall
2024-10-09,25.1,16.4,75.9,Rainy,Hot Beverages & Soups,387.11,33,2024,10,Oct,9,Wednesday,0,Fall
2024-10-09,25.1,16.4,75.9,Rainy,Outdoor & Camping Gear,1182.2,15,2024,10,Oct,9,Wednesday,0,Fall
2024-10-09,25.1,16.4,75.9,Rainy,Rainwear & Umbrellas,67405.79,2332,2024,10,Oct,9,Wednesday,0,Fall
2024-10-10,17.2,0.0,56.8,Sunny,Cold Beverages & Ice Cream,383.68,42,2024,10,Oct,10,Thursday,0,Fall
2024-10-10,17.2,0.0,56.8,Sunny,Heating & Winter Apparel,561.72,9,2024,10,Oct,10,Thursday,0,Fall
2024-10-10,17.2,0.0,56.8,Sunny,Hot Beverages & Soups,1126.89,91,2024,10,Oct,10,Thursday,0,Fall
2024-10-10,17.2,0.0,56.8,Sunny,Outdoor & Camping Gear,4626.99,59,2024,10,Oct,10,Thursday,0,Fall
2024-10-10,17.2,0.0,56.8,Sunny,Rainwear & Umbrellas,722.25,24,2024,10,Oct,10,Thursday,0,Fall
2024-10-11,23.7,5.7,53.5,Rainy,Cold Beverages & Ice Cream,578.33,68,2024,10,Oct,11,Friday,0,Fall
2024-10-11,23.7,5.7,53.5,Rainy,Heating & Winter Apparel,313.42,5,2024,10,Oct,11,Friday,0,Fall
2024-10-11,23.7,5.7,53.5,Rainy,Hot Beverages & Soups,633.36,50,2024,10,Oct,11,Friday,0,Fall
2024-10-11,23.7,5.7,53.5,Rainy,Outdoor & Camping Gear,4165.04,49,2024,10,Oct,11,Friday,0,Fall
2024-10-11,23.7,5.7,53.5,Rainy,Rainwear & Umbrellas,19237.42,643,2024,10,Oct,11,Friday,0,Fall
2024-10-12,19.2,0.0,56.7,Sunny,Cold Beverages & Ice Cream,870.37,96,2024,10,Oct,12,Saturday,1,Fall
2024-10-12,19.2,0.0,56.7,Sunny,Heating & Winter Apparel,301.63,5,2024,10,Oct,12,Saturday,1,Fall
2024-10-12,19.2,0.0,56.7,Sunny,Hot Beverages & Soups,980.4,84,2024,10,Oct,12,Saturday,1,Fall
2024-10-12,19.2,0.0,56.7,Sunny,Outdoor & Camping Gear,7345.49,83,2024,10,Oct,12,Saturday,1,Fall
2024-10-12,19.2,0.0,56.7,Sunny,Rainwear & Umbrellas,344.75,12,2024,10,Oct,12,Saturday,1,Fall
2024-10-13,16.6,0.0,52.8,Sunny,Cold Beverages & Ice Cream,352.08,44,2024,10,Oct,13,Sunday,1,Fall
2024-10-13,16.6,0.0,52.8,Sunny,Heating & Winter Apparel,316.26,5,2024,10,Oct,13,Sunday,1,Fall
2024-10-13,16.6,0.0,52.8,Sunny,Hot Beverages & Soups,1377.41,110,2024,10,Oct,13,Sunday,1,Fall
2024-10-13,16.6,0.0,52.8,Sunny,Outdoor & Camping Gear,6032.6,70,2024,10,Oct,13,Sunday,1,Fall
2024-10-13,16.6,0.0,52.8,Sunny,Rainwear & Umbrellas,620.82,23,2024,10,Oct,13,Sunday,1,Fall
2024-10-14,16.9,0.0,56.0,Sunny,Cold Beverages & Ice Cream,324.81,36,2024,10,Oct,14,Monday,0,Fall
2024-10-14,16.9,0.0,56.0,Sunny,Heating & Winter Apparel,405.54,6,2024,10,Oct,14,Monday,0,Fall
2024-10-14,16.9,0.0,56.0,Sunny,Hot Beverages & Soups,1016.95,87,2024,10,Oct,14,Monday,0,Fall
2024-10-14,16.9,0.0,56.0,Sunny,Outdoor & Camping Gear,5065.51,57,2024,10,Oct,14,Monday,0,Fall
2024-10-14,16.9,0.0,56.0,Sunny,Rainwear & Umbrellas,924.77,32,2024,10,Oct,14,Monday,0,Fall
2024-10-15,17.1,0.0,47.4,Sunny,Cold Beverages & Ice Cream,309.2,35,2024,10,Oct,15,Tuesday,0,Fall
2024-10-15,17.1,0.0,47.4,Sunny,Heating & Winter Apparel,332.84,5,2024,10,Oct,15,Tuesday,0,Fall
2024-10-15,17.1,0.0,47.4,Sunny,Hot Beverages & Soups,995.02,87,2024,10,Oct,15,Tuesday,0,Fall
2024-10-15,17.1,0.0,47.4,Sunny,Outdoor & Camping Gear,5077.9,60,2024,10,Oct,15,Tuesday,0,Fall
2024-10-15,17.1,0.0,47.4,Sunny,Rainwear & Umbrellas,824.41,28,2024,10,Oct,15,Tuesday,0,Fall
2024-10-16,19.0,0.0,54.5,Sunny,Cold Beverages & Ice Cream,569.14,71,2024,10,Oct,16,Wednesday,0,Fall
2024-10-16,19.0,0.0,54.5,Sunny,Heating & Winter Apparel,551.13,8,2024,10,Oct,16,Wednesday,0,Fall
2024-10-16,19.0,0.0,54.5,Sunny,Hot Beverages & Soups,1052.71,84,2024,10,Oct,16,Wednesday,0,Fall
2024-10-16,19.0,0.0,54.5,Sunny,Outdoor & Camping Gear,6863.21,76,2024,10,Oct,16,Wednesday,0,Fall
2024-10-16,19.0,0.0,54.5,Sunny,Rainwear & Umbrellas,464.94,16,2024,10,Oct,16,Wednesday,0,Fall
2024-10-17,19.0,0.0,51.5,Sunny,Cold Beverages & Ice Cream,599.64,67,2024,10,Oct,17,Thursday,0,Fall
2024-10-17,19.0,0.0,51.5,Sunny,Heating & Winter Apparel,418.69,6,2024,10,Oct,17,Thursday,0,Fall
2024-10-17,19.0,0.0,51.5,Sunny,Hot Beverages & Soups,842.09,71,2024,10,Oct,17,Thursday,0,Fall
2024-10-17,19.0,0.0,51.5,Sunny,Outdoor & Camping Gear,5588.03,61,2024,10,Oct,17,Thursday,0,Fall
2024-10-17,19.0,0.0,51.5,Sunny,Rainwear & Umbrellas,441.39,15,2024,10,Oct,17,Thursday,0,Fall
2024-10-18,15.7,0.0,48.6,Sunny,Cold Beverages & Ice Cream,448.97,55,2024,10,Oct,18,Friday,0,Fall
2024-10-18,15.7,0.0,48.6,Sunny,Heating & Winter Apparel,348.6,5,2024,10,Oct,18,Friday,0,Fall
2024-10-18,15.7,0.0,48.6,Sunny,Hot Beverages & Soups,1019.57,91,2024,10,Oct,18,Friday,0,Fall
2024-10-18,15.7,0.0,48.6,Sunny,Outdoor & Camping Gear,3663.6,46,2024,10,Oct,18,Friday,0,Fall
2024-10-18,15.7,0.0,48.6,Sunny,Rainwear & Umbrellas,538.66,20,2024,10,Oct,18,Friday,0,Fall
2024-10-19,17.0,22.1,82.6,Rainy,Cold Beverages & Ice Cream,343.6,38,2024,10,Oct,19,Saturday,1,Fall
2024-10-19,17.0,22.1,82.6,Rainy,Heating & Winter Apparel,326.84,5,2024,10,Oct,19,Saturday,1,Fall
2024-10-19,17.0,22.1,82.6,Rainy,Hot Beverages & Soups,1542.56,125,2024,10,Oct,19,Saturday,1,Fall
2024-10-19,17.0,10.4,82.6,Rainy,Outdoor & Camping Gear,1532.32,17,2024,10,Oct,19,Saturday,1,Fall
2024-10-19,17.0,22.1,82.6,Rainy,Rainwear & Umbrellas,109816.86,3726,2024,10,Oct,19,Saturday,1,Fall
2024-10-20,22.9,14.8,55.6,Rainy,Cold Beverages & Ice Cream,688.56,84,2024,10,Oct,20,Sunday,1,Fall
2024-10-20,22.9,14.8,55.6,Rainy,Heating & Winter Apparel,347.96,5,2024,10,Oct,20,Sunday,1,Fall
2024-10-20,22.9,14.8,55.6,Rainy,Hot Beverages & Soups,932.92,73,2024,10,Oct,20,Sunday,1,Fall
2024-10-20,22.9,14.8,55.6,Rainy,Outdoor & Camping Gear,1468.71,18,2024,10,Oct,20,Sunday,1,Fall
2024-10-20,22.9,14.8,55.6,Rainy,Rainwear & Umbrellas,58831.81,2268,2024,10,Oct,20,Sunday,1,Fall
2024-10-21,21.5,0.0,53.6,Sunny,Cold Beverages & Ice Cream,963.29,107,2024,10,Oct,21,Monday,0,Fall
2024-10-21,21.5,0.0,53.6,Sunny,Heating & Winter Apparel,339.7,5,2024,10,Oct,21,Monday,0,Fall
2024-10-21,21.5,0.0,53.6,Sunny,Hot Beverages & Soups,726.72,58,2024,10,Oct,21,Monday,0,Fall
2024-10-21,21.5,0.0,53.6,Sunny,Outdoor & Camping Gear,6311.19,69,2024,10,Oct,21,Monday,0,Fall
2024-10-21,21.5,0.0,53.6,Sunny,Rainwear & Umbrellas,720.8,25,2024,10,Oct,21,Monday,0,Fall
2024-10-22,17.6,0.0,49.9,Sunny,Cold Beverages & Ice Cream,385.84,48,2024,10,Oct,22,Tuesday,0,Fall
2024-10-22,17.6,0.0,49.9,Sunny,Heating & Winter Apparel,311.25,5,2024,10,Oct,22,Tuesday,0,Fall
2024-10-22,17.6,0.0,49.9,Sunny,Hot Beverages & Soups,789.9,65,2024,10,Oct,22,Tuesday,0,Fall
2024-10-22,17.6,0.0,49.9,Sunny,Outdoor & Camping Gear,5005.66,62,2024,10,Oct,22,Tuesday,0,Fall
2024-10-22,17.6,0.0,49.9,Sunny,Rainwear & Umbrellas,546.48,21,2024,10,Oct,22,Tuesday,0,Fall
2024-10-23,16.3,0.0,57.6,Sunny,Cold Beverages & Ice Cream,364.83,44,2024,10,Oct,23,Wednesday,0,Fall
2024-10-23,16.3,0.0,57.6,Sunny,Heating & Winter Apparel,337.18,5,2024,10,Oct,23,Wednesday,0,Fall
2024-10-23,16.3,0.0,57.6,Sunny,Hot Beverages & Soups,1077.24,87,2024,10,Oct,23,Wednesday,0,Fall
2024-10-23,16.3,0.0,57.6,Sunny,Outdoor & Camping Gear,3851.91,43,2024,10,Oct,23,Wednesday,0,Fall
2024-10-23,16.3,0.0,57.6,Sunny,Rainwear & Umbrellas,953.69,35,2024,10,Oct,23,Wednesday,0,Fall
2024-10-24,16.3,0.0,47.4,Sunny,Cold Beverages & Ice Cream,555.04,61,2024,10,Oct,24,Thursday,0,Fall
2024-10-24,16.3,0.0,47.4,Sunny,Heating & Winter Apparel,332.54,5,2024,10,Oct,24,Thursday,0,Fall
2024-10-24,16.3,0.0,47.4,Sunny,Hot Beverages & Soups,1014.01,85,2024,10,Oct,24,Thursday,0,Fall
2024-10-24,16.3,0.0,47.4,Sunny,Outdoor & Camping Gear,3403.71,39,2024,10,Oct,24,Thursday,0,Fall
2024-10-24,16.3,0.0,47.4,Sunny,Rainwear & Umbrellas,587.81,21,2024,10,Oct,24,Thursday,0,Fall
2024-10-25,17.5,0.0,60.7,Sunny,Cold Beverages & Ice Cream,398.03,47,2024,10,Oct,25,Friday,0,Fall
2024-10-25,17.5,0.0,60.7,Sunny,Heating & Winter Apparel,407.48,6,2024,10,Oct,25,Friday,0,Fall
2024-10-25,17.5,0.0,60.7,Sunny,Hot Beverages & Soups,937.92,80,2024,10,Oct,25,Friday,0,Fall
2024-10-25,17.5,0.0,60.7,Sunny,Outdoor & Camping Gear,4546.63,58,2024,10,Oct,25,Friday,0,Fall
2024-10-25,17.5,0.0,60.7,Sunny,Rainwear & Umbrellas,809.47,29,2024,10,Oct,25,Friday,0,Fall
2024-10-26,12.7,0.0,70.4,Sunny,Cold Beverages & Ice Cream,255.55,30,2024,10,Oct,26,Saturday,1,Fall
2024-10-26,12.7,0.0,70.4,Sunny,Heating & Winter Apparel,1142.76,18,2024,10,Oct,26,Saturday,1,Fall
2024-10-26,12.7,0.0,70.4,Sunny,Hot Beverages & Soups,1709.25,141,2024,10,Oct,26,Saturday,1,Fall
2024-10-26,12.7,0.0,70.4,Sunny,Outdoor & Camping Gear,4668.61,55,2024,10,Oct,26,Saturday,1,Fall
2024-10-26,12.7,0.0,70.4,Sunny,Rainwear & Umbrellas,514.07,17,2024,10,Oct,26,Saturday,1,Fall
2024-10-27,14.6,0.0,50.9,Sunny,Cold Beverages & Ice Cream,421.95,46,2024,10,Oct,27,Sunday,1,Fall
2024-10-27,14.6,0.0,50.9,Sunny,Heating & Winter Apparel,779.28,12,2024,10,Oct,27,Sunday,1,Fall
2024-10-27,14.6,0.0,50.9,Sunny,Hot Beverages & Soups,1620.8,136,2024,10,Oct,27,Sunday,1,Fall
2024-10-27,14.6,0.0,50.9,Sunny,Outdoor & Camping Gear,4569.98,56,2024,10,Oct,27,Sunday,1,Fall
2024-10-27,14.6,0.0,50.9,Sunny,Rainwear & Umbrellas,727.13,28,2024,10,Oct,27,Sunday,1,Fall
2024-10-28,10.4,18.1,77.7,Rainy,Cold Beverages & Ice Cream,39.29,5,2024,10,Oct,28,Monday,0,Fall
2024-10-28,10.4,18.1,77.7,Rainy,Heating & Winter Apparel,1682.45,25,2024,10,Oct,28,Monday,0,Fall
2024-10-28,10.4,18.1,77.7,Rainy,Hot Beverages & Soups,2152.07,168,2024,10,Oct,28,Monday,0,Fall
2024-10-28,10.4,18.1,77.7,Rainy,Outdoor & Camping Gear,442.75,5,2024,10,Oct,28,Monday,0,Fall
2024-10-28,10.4,18.1,77.7,Rainy,Rainwear & Umbrellas,74138.81,2648,2024,10,Oct,28,Monday,0,Fall
2024-10-29,16.0,0.0,53.3,Sunny,Cold Beverages & Ice Cream,516.71,65,2024,10,Oct,29,Tuesday,0,Fall
2024-10-29,16.0,0.0,53.3,Sunny,Heating & Winter Apparel,325.03,5,2024,10,Oct,29,Tuesday,0,Fall
2024-10-29,16.0,0.0,53.3,Sunny,Hot Beverages & Soups,1005.41,85,2024,10,Oct,29,Tuesday,0,Fall
2024-10-29,16.0,0.0,53.3,Sunny,Outdoor & Camping Gear,4343.52,55,2024,10,Oct,29,Tuesday,0,Fall
2024-10-29,16.0,0.0,53.3,Sunny,Rainwear & Umbrellas,724.19,24,2024,10,Oct,29,Tuesday,0,Fall
2024-10-30,16.5,0.0,65.4,Sunny,Cold Beverages & Ice Cream,594.12,65,2024,10,Oct,30,Wednesday,0,Fall
2024-10-30,16.5,0.0,65.4,Sunny,Heating & Winter Apparel,398.53,6,2024,10,Oct,30,Wednesday,0,Fall
2024-10-30,16.5,0.0,65.4,Sunny,Hot Beverages & Soups,983.38,77,2024,10,Oct,30,Wednesday,0,Fall
2024-10-30,16.5,0.0,65.4,Sunny,Outdoor & Camping Gear,4488.63,50,2024,10,Oct,30,Wednesday,0,Fall
2024-10-30,16.5,0.0,65.4,Sunny,Rainwear & Umbrellas,830.5,30,2024,10,Oct,30,Wednesday,0,Fall
2024-10-31,13.1,0.0,71.2,Sunny,Cold Beverages & Ice Cream,258.57,32,2024,10,Oct,31,Thursday,0,Fall
2024-10-31,13.1,0.0,71.2,Sunny,Heating & Winter Apparel,872.62,13,2024,10,Oct,31,Thursday,0,Fall
2024-10-31,13.1,0.0,71.2,Sunny,Hot Beverages & Soups,1230.41,104,2024,10,Oct,31,Thursday,0,Fall
2024-10-31,13.1,0.0,71.2,Sunny,Outdoor & Camping Gear,2040.49,24,2024,10,Oct,31,Thursday,0,Fall
2024-10-31,13.1,0.0,71.2,Sunny,Rainwear & Umbrellas,725.85,26,2024,10,Oct,31,Thursday,0,Fall
2024-11-01,18.6,0.0,53.2,Sunny,Cold Beverages & Ice Cream,440.26,53,2024,11,Nov,1,Friday,0,Fall
2024-11-01,18.6,0.0,53.2,Sunny,Heating & Winter Apparel,333.39,5,2024,11,Nov,1,Friday,0,Fall
2024-11-01,18.6,0.0,53.2,Sunny,Hot Beverages & Soups,905.86,73,2024,11,Nov,1,Friday,0,Fall
2024-11-01,18.6,0.0,53.2,Sunny,Outdoor & Camping Gear,5163.85,62,2024,11,Nov,1,Friday,0,Fall
2024-11-01,18.6,0.0,53.2,Sunny,Rainwear & Umbrellas,810.07,30,2024,11,Nov,1,Friday,0,Fall
2024-11-02,10.6,0.0,48.1,Sunny,Cold Beverages & Ice Cream,224.3,28,2024,11,Nov,2,Saturday,1,Fall
2024-11-02,10.6,0.0,48.1,Sunny,Heating & Winter Apparel,1933.54,32,2024,11,Nov,2,Saturday,1,Fall
2024-11-02,10.6,0.0,48.1,Sunny,Hot Beverages & Soups,1969.67,166,2024,11,Nov,2,Saturday,1,Fall
2024-11-02,10.6,0.0,48.1,Sunny,Outdoor & Camping Gear,2260.41,25,2024,11,Nov,2,Saturday,1,Fall
2024-11-02,10.6,0.0,48.1,Sunny,Rainwear & Umbrellas,671.52,26,2024,11,Nov,2,Saturday,1,Fall
2024-11-03,9.7,9.8,70.9,Rainy,Cold Beverages & Ice Cream,81.29,10,2024,11,Nov,3,Sunday,1,Fall
2024-11-03,9.7,9.8,70.9,Rainy,Heating & Winter Apparel,2087.92,31,2024,11,Nov,3,Sunday,1,Fall
2024-11-03,9.7,9.8,70.9,Rainy,Hot Beverages & Soups,2856.0,227,2024,11,Nov,3,Sunday,1,Fall
2024-11-03,9.7,9.8,70.9,Rainy,Outdoor & Camping Gear,758.24,9,2024,11,Nov,3,Sunday,1,Fall
2024-11-03,9.7,9.8,70.9,Rainy,Rainwear & Umbrellas,37223.87,1354,2024,11,Nov,3,Sunday,1,Fall
2024-11-04,14.2,0.0,58.0,Sunny,Cold Beverages & Ice Cream,208.37,26,2024,11,Nov,4,Monday,0,Fall
2024-11-04,14.2,0.0,58.0,Sunny,Heating & Winter Apparel,305.31,5,2024,11,Nov,4,Monday,0,Fall
2024-11-04,14.2,0.0,58.0,Sunny,Hot Beverages & Soups,1323.97,106,2024,11,Nov,4,Monday,0,Fall
2024-11-04,14.2,0.0,58.0,Sunny,Outdoor & Camping Gear,3918.23,50,2024,11,Nov,4,Monday,0,Fall
2024-11-04,14.2,0.0,58.0,Sunny,Rainwear & Umbrellas,522.14,20,2024,11,Nov,4,Monday,0,Fall
2024-11-05,16.3,0.0,58.9,Sunny,Cold Beverages & Ice Cream,262.74,33,2024,11,Nov,5,Tuesday,0,Fall
2024-11-05,16.3,0.0,58.9,Sunny,Heating & Winter Apparel,305.74,5,2024,11,Nov,5,Tuesday,0,Fall
2024-11-05,16.3,0.0,58.9,Sunny,Hot Beverages & Soups,1142.24,89,2024,11,Nov,5,Tuesday,0,Fall
2024-11-05,16.3,0.0,58.9,Sunny,Outdoor & Camping Gear,3897.42,45,2024,11,Nov,5,Tuesday,0,Fall
2024-11-05,16.3,0.0,58.9,Sunny,Rainwear & Umbrellas,819.28,30,2024,11,Nov,5,Tuesday,0,Fall
2024-11-06,17.9,10.8,59.9,Rainy,Cold Beverages & Ice Cream,380.6,46,2024,11,Nov,6,Wednesday,0,Fall
2024-11-06,17.9,10.8,59.9,Rainy,Heating & Winter Apparel,325.54,5,2024,11,Nov,6,Wednesday,0,Fall
2024-11-06,17.9,10.8,59.9,Rainy,Hot Beverages & Soups,1201.94,103,2024,11,Nov,6,Wednesday,0,Fall
2024-11-06,17.9,10.8,59.9,Rainy,Outdoor & Camping Gear,998.63,11,2024,11,Nov,6,Wednesday,0,Fall
2024-11-06,17.9,10.8,59.9,Rainy,Rainwear & Umbrellas,39754.23,1405,2024,11,Nov,6,Wednesday,0,Fall
2024-11-07,11.7,9.3,57.8,Rainy,Cold Beverages & Ice Cream,68.06,8,2024,11,Nov,7,Thursday,0,Fall
2024-11-07,11.7,9.3,57.8,Rainy,Heating & Winter Apparel,838.69,12,2024,11,Nov,7,Thursday,0,Fall
2024-11-07,11.7,9.3,57.8,Rainy,Hot Beverages & Soups,1915.44,162,2024,11,Nov,7,Thursday,0,Fall
2024-11-07,11.7,9.3,57.8,Rainy,Outdoor & Camping Gear,391.3,5,2024,11,Nov,7,Thursday,0,Fall
2024-11-07,11.7,9.3,57.8,Rainy,Rainwear & Umbrellas,31978.52,1159,2024,11,Nov,7,Thursday,0,Fall
2024-11-08,15.8,13.4,72.1,Rainy,Cold Beverages & Ice Cream,256.85,28,2024,11,Nov,8,Friday,0,Fall
2024-11-08,15.8,13.4,72.1,Rainy,Heating & Winter Apparel,308.79,5,2024,11,Nov,8,Friday,0,Fall
2024-11-08,15.8,13.4,72.1,Rainy,Hot Beverages & Soups,1578.68,128,2024,11,Nov,8,Friday,0,Fall
2024-11-08,15.8,13.4,72.1,Rainy,Outdoor & Camping Gear,1085.0,12,2024,11,Nov,8,Friday,0,Fall
2024-11-08,15.8,13.4,72.1,Rainy,Rainwear & Umbrellas,53758.18,1820,2024,11,Nov,8,Friday,0,Fall
2024-11-09,12.5,0.0,59.3,Sunny,Cold Beverages & Ice Cream,237.32,30,2024,11,Nov,9,Saturday,1,Fall
2024-11-09,12.5,0.0,59.3,Sunny,Heating & Winter Apparel,706.9,11,2024,11,Nov,9,Saturday,1,Fall
2024-11-09,12.5,0.0,59.3,Sunny,Hot Beverages & Soups,1599.91,142,2024,11,Nov,9,Saturday,1,Fall
2024-11-09,12.5,0.0,59.3,Sunny,Outdoor & Camping Gear,2536.8,30,2024,11,Nov,9,Saturday,1,Fall
2024-11-09,12.5,0.0,59.3,Sunny,Rainwear & Umbrellas,503.63,19,2024,11,Nov,9,Saturday,1,Fall
2024-11-10,11.9,3.5,50.3,Rainy,Cold Beverages & Ice Cream,254.93,32,2024,11,Nov,10,Sunday,1,Fall
2024-11-10,11.9,3.5,50.3,Rainy,Heating & Winter Apparel,898.44,13,2024,11,Nov,10,Sunday,1,Fall
2024-11-10,11.9,3.5,50.3,Rainy,Hot Beverages & Soups,2302.27,205,2024,11,Nov,10,Sunday,1,Fall
2024-11-10,11.9,3.5,50.3,Rainy,Outdoor & Camping Gear,3082.93,38,2024,11,Nov,10,Sunday,1,Fall
2024-11-10,11.9,3.5,50.3,Rainy,Rainwear & Umbrellas,11560.62,396,2024,11,Nov,10,Sunday,1,Fall
2024-11-11,14.6,0.0,60.8,Sunny,Cold Beverages & Ice Cream,347.01,39,2024,11,Nov,11,Monday,0,Fall
2024-11-11,14.6,0.0,60.8,Sunny,Heating & Winter Apparel,304.62,5,2024,11,Nov,11,Monday,0,Fall
2024-11-11,14.6,0.0,60.8,Sunny,Hot Beverages & Soups,1112.3,97,2024,11,Nov,11,Monday,0,Fall
2024-11-11,14.6,0.0,60.8,Sunny,Outdoor & Camping Gear,4150.55,48,2024,11,Nov,11,Monday,0,Fall
2024-11-11,14.6,0.0,60.8,Sunny,Rainwear & Umbrellas,736.98,26,2024,11,Nov,11,Monday,0,Fall
2024-11-12,13.8,0.0,59.8,Sunny,Cold Beverages & Ice Cream,305.49,38,2024,11,Nov,12,Tuesday,0,Fall
2024-11-12,13.8,0.0,59.8,Sunny,Heating & Winter Apparel,382.74,6,2024,11,Nov,12,Tuesday,0,Fall
2024-11-12,13.8,0.0,59.8,Sunny,Hot Beverages & Soups,1303.94,107,2024,11,Nov,12,Tuesday,0,Fall
2024-11-12,13.8,0.0,59.8,Sunny,Outdoor & Camping Gear,1992.39,24,2024,11,Nov,12,Tuesday,0,Fall
2024-11-12,13.8,0.0,59.8,Sunny,Rainwear & Umbrellas,567.96,21,2024,11,Nov,12,Tuesday,0,Fall
2024-11-13,7.4,0.0,54.2,Sunny,Cold Beverages & Ice Cream,273.71,32,2024,11,Nov,13,Wednesday,0,Fall
2024-11-13,7.4,0.0,57.1,Sunny,Heating & Winter Apparel,2210.02,36,2024,11,Nov,13,Wednesday,0,Fall
2024-11-13,7.4,0.0,57.1,Sunny,Hot Beverages & Soups,1718.03,144,2024,11,Nov,13,Wednesday,0,Fall
2024-11-13,7.4,0.0,57.1,Sunny,Outdoor & Camping Gear,1075.94,12,2024,11,Nov,13,Wednesday,0,Fall
2024-11-13,7.4,0.0,57.1,Sunny,Rainwear & Umbrellas,458.94,17,2024,11,Nov,13,Wednesday,0,Fall
2024-11-14,15.7,0.0,66.4,Sunny,Cold Beverages & Ice Cream,429.7,51,2024,11,Nov,14,Thursday,0,Fall
2024-11-14,15.7,0.0,66.4,Sunny,Heating & Winter Apparel,331.13,5,2024,11,Nov,14,Thursday,0,Fall
2024-11-14,15.7,0.0,66.4,Sunny,Hot Beverages & Soups,1202.29,93,2024,11,Nov,14,Thursday,0,Fall
2024-11-14,15.7,0.0,66.4,Sunny,Outdoor & Camping Gear,3583.74,43,2024,11,Nov,14,Thursday,0,Fall
2024-11-14,15.7,0.0,66.4,Sunny,Rainwear & Umbrellas,515.13,18,2024,11,Nov,14,Thursday,0,Fall
2024-11-15,15.2,0.0,52.1,Sunny,Cold Beverages & Ice Cream,409.75,50,2024,11,Nov,15,Friday,0,Fall
2024-11-15,15.2,0.0,52.1,Sunny,Heating & Winter Apparel,307.99,5,2024,11,Nov,15,Friday,0,Fall
2024-11-15,15.2,0.0,52.1,Sunny,Hot Beverages & Soups,1247.67,103,2024,11,Nov,15,Friday,0,Fall
2024-11-15,15.2,0.0,52.1,Sunny,Outdoor & Camping Gear,3792.86,42,2024,11,Nov,15,Friday,0,Fall
2024-11-15,15.2,0.0,52.1,Sunny,Rainwear & Umbrellas,816.05,31,2024,11,Nov,15,Friday,0,Fall
2024-11-16,9.4,0.0,57.3,Sunny,Cold Beverages & Ice Cream,114.31,13,2024,11,Nov,16,Saturday,1,Fall
2024-11-16,9.4,0.0,57.3,Sunny,Heating & Winter Apparel,2452.36,38,2024,11,Nov,16,Saturday,1,Fall
2024-11-16,9.4,0.0,57.3,Sunny,Hot Beverages & Soups,2047.8,182,2024,11,Nov,16,Saturday,1,Fall
2024-11-16,9.4,0.0,57.3,Sunny,Outdoor & Camping Gear,1279.29,16,2024,11,Nov,16,Saturday,1,Fall
2024-11-16,9.4,0.0,57.3,Sunny,Rainwear & Umbrellas,586.2,22,2024,11,Nov,16,Saturday,1,Fall
2024-11-17,12.1,9.5,68.5,Rainy,Cold Beverages & Ice Cream,51.44,6,2024,11,Nov,17,Sunday,1,Fall
2024-11-17,12.1,9.5,68.5,Rainy,Heating & Winter Apparel,1012.01,15,2024,11,Nov,17,Sunday,1,Fall
2024-11-17,12.1,9.5,68.5,Rainy,Hot Beverages & Soups,2546.73,203,2024,11,Nov,17,Sunday,1,Fall
2024-11-17,12.1,9.5,68.5,Rainy,Outdoor & Camping Gear,889.73,10,2024,11,Nov,17,Sunday,1,Fall
2024-11-17,12.1,9.5,68.5,Rainy,Rainwear & Umbrellas,33872.31,1310,2024,11,Nov,17,Sunday,1,Fall
2024-11-18,12.2,5.5,61.4,Rainy,Cold Beverages & Ice Cream,109.73,13,2024,11,Nov,18,Monday,0,Fall
2024-11-18,12.2,5.5,61.4,Rainy,Heating & Winter Apparel,1189.9,19,2024,11,Nov,18,Monday,0,Fall
2024-11-18,12.2,5.5,61.4,Rainy,Hot Beverages & Soups,1845.86,162,2024,11,Nov,18,Monday,0,Fall
2024-11-18,12.2,5.5,61.4,Rainy,Outdoor & Camping Gear,439.61,5,2024,11,Nov,18,Monday,0,Fall
2024-11-18,12.2,5.5,61.4,Rainy,Rainwear & Umbrellas,16015.34,616,2024,11,Nov,18,Monday,0,Fall
2024-11-19,11.4,9.7,54.9,Rainy,Cold Beverages & Ice Cream,126.68,14,2024,11,Nov,19,Tuesday,0,Fall
2024-11-19,11.4,9.7,54.9,Rainy,Heating & Winter Apparel,1374.02,21,2024,11,Nov,19,Tuesday,0,Fall
2024-11-19,11.4,9.7,54.9,Rainy,Hot Beverages & Soups,2100.49,173,2024,11,Nov,19,Tuesday,0,Fall
2024-11-19,11.4,9.7,54.9,Rainy,Outdoor & Camping Gear,1557.22,17,2024,11,Nov,19,Tuesday,0,Fall
2024-11-19,11.4,9.7,54.9,Rainy,Rainwear & Umbrellas,32626.18,1226,2024,11,Nov,19,Tuesday,0,Fall
2024-11-20,8.9,0.0,59.8,Sunny,Cold Beverages & Ice Cream,164.74,18,2024,11,Nov,20,Wednesday,0,Fall
2024-11-20,8.9,0.0,59.8,Sunny,Heating & Winter Apparel,2108.82,35,2024,11,Nov,20,Wednesday,0,Fall
2024-11-20,8.9,0.0,59.8,Sunny,Hot Beverages & Soups,1536.33,135,2024,11,Nov,20,Wednesday,0,Fall
2024-11-20,8.9,0.0,59.8,Sunny,Outdoor & Camping Gear,392.51,5,2024,11,Nov,20,Wednesday,0,Fall
2024-11-20,8.9,0.0,59.8,Sunny,Rainwear & Umbrellas,716.11,27,2024,11,Nov,20,Wednesday,0,Fall
2024-11-21,8.4,15.7,66.4,Rainy,Cold Beverages & Ice Cream,42.02,5,2024,11,Nov,21,Thursday,0,Fall
2024-11-21,8.4,15.7,66.4,Rainy,Heating & Winter Apparel,2668.12,41,2024,11,Nov,21,Thursday,0,Fall
2024-11-21,8.4,15.7,66.4,Rainy,Hot Beverages & Soups,2572.95,200,2024,11,Nov,21,Thursday,0,Fall
2024-11-21,8.4,15.7,66.4,Rainy,Outdoor & Camping Gear,571.15,7,2024,11,Nov,21,Thursday,0,Fall
2024-11-21,8.4,15.7,66.4,Rainy,Rainwear & Umbrellas,57383.95,2214,2024,11,Nov,21,Thursday,0,Fall
2024-11-22,10.0,0.0,63.8,Sunny,Cold Beverages & Ice Cream,208.93,26,2024,11,Nov,22,Friday,0,Fall
2024-11-22,10.0,0.0,63.8,Sunny,Heating & Winter Apparel,1234.76,20,2024,11,Nov,22,Friday,0,Fall
2024-11-22,10.0,0.0,63.8,Sunny,Hot Beverages & Soups,1418.04,124,2024,11,Nov,22,Friday,0,Fall
2024-11-22,10.0,0.0,63.8,Sunny,Outdoor & Camping Gear,805.79,10,2024,11,Nov,22,Friday,0,Fall
2024-11-22,10.0,0.0,63.8,Sunny,Rainwear & Umbrellas,699.4,25,2024,11,Nov,22,Friday,0,Fall
2024-11-23,13.2,20.0,70.9,Rainy,Cold Beverages & Ice Cream,297.77,36,2024,11,Nov,23,Saturday,1,Fall
2024-11-23,13.2,20.0,70.9,Rainy,Heating & Winter Apparel,850.01,13,2024,11,Nov,23,Saturday,1,Fall
2024-11-23,13.2,20.0,70.9,Rainy,Hot Beverages & Soups,2393.05,200,2024,11,Nov,23,Saturday,1,Fall
2024-11-23,13.2,20.0,70.9,Rainy,Outdoor & Camping Gear,627.52,8,2024,11,Nov,23,Saturday,1,Fall
2024-11-23,13.2,20.0,70.9,Rainy,Rainwear & Umbrellas,92412.91,3287,2024,11,Nov,23,Saturday,1,Fall
2024-11-24,11.3,0.0,58.3,Sunny,Cold Beverages & Ice Cream,301.46,36,2024,11,Nov,24,Sunday,1,Fall
2024-11-24,11.3,0.0,58.3,Sunny,Heating & Winter Apparel,1403.37,20,2024,11,Nov,24,Sunday,1,Fall
2024-11-24,11.3,0.0,58.3,Sunny,Hot Beverages & Soups,1864.6,160,2024,11,Nov,24,Sunday,1,Fall
2024-11-24,11.3,0.0,58.3,Sunny,Outdoor & Camping Gear,3055.36,34,2024,11,Nov,24,Sunday,1,Fall
2024-11-24,11.3,0.0,58.3,Sunny,Rainwear & Umbrellas,547.19,20,2024,11,Nov,24,Sunday,1,Fall
2024-11-25,8.5,16.9,63.0,Rainy,Cold Beverages & Ice Cream,40.28,5,2024,11,Nov,25,Monday,0,Fall
2024-11-25,8.5,16.9,63.0,Rainy,Heating & Winter Apparel,1873.32,27,2024,11,Nov,25,Monday,0,Fall
2024-11-25,8.5,16.9,63.0,Rainy,Hot Beverages & Soups,2565.38,205,2024,11,Nov,25,Monday,0,Fall
2024-11-25,8.5,16.9,63.0,Rainy,Outdoor & Camping Gear,421.58,5,2024,11,Nov,25,Monday,0,Fall
2024-11-25,8.5,16.9,63.0,Rainy,Rainwear & Umbrellas,67980.15,2430,2024,11,Nov,25,Monday,0,Fall
2024-11-26,11.6,0.0,56.1,Sunny,Cold Beverages & Ice Cream,117.25,14,2024,11,Nov,26,Tuesday,0,Fall
2024-11-26,11.6,0.0,56.1,Sunny,Heating & Winter Apparel,1120.8,18,2024,11,Nov,26,Tuesday,0,Fall
2024-11-26,11.6,0.0,56.1,Sunny,Hot Beverages & Soups,1456.28,123,2024,11,Nov,26,Tuesday,0,Fall
2024-11-26,11.6,0.0,56.1,Sunny,Outdoor & Camping Gear,2549.11,29,2024,11,Nov,26,Tuesday,0,Fall
2024-11-26,11.6,0.0,56.1,Sunny,Rainwear & Umbrellas,715.19,25,2024,11,Nov,26,Tuesday,0,Fall
2024-11-27,1.3,9.9,74.4,Rainy,Cold Beverages & Ice Cream,162.16,18,2024,11,Nov,27,Wednesday,0,Fall
2024-11-27,1.3,9.9,74.4,Rainy,Heating & Winter Apparel,6322.45,100,2024,11,Nov,27,Wednesday,0,Fall
2024-11-27,1.3,9.9,74.4,Rainy,Hot Beverages & Soups,3756.48,290,2024,11,Nov,27,Wednesday,0,Fall
2024-11-27,1.3,9.9,74.4,Rainy,Outdoor & Camping Gear,430.48,5,2024,11,Nov,27,Wednesday,0,Fall
2024-11-27,1.3,9.9,74.4,Rainy,Rainwear & Umbrellas,36958.35,1259,2024,11,Nov,27,Wednesday,0,Fall
2024-11-28,12.3,27.6,70.2,Rainy,Cold Beverages & Ice Cream,176.01,20,2024,11,Nov,28,Thursday,0,Fall
2024-11-28,12.3,27.6,70.2,Rainy,Heating & Winter Apparel,1178.49,18,2024,11,Nov,28,Thursday,0,Fall
2024-11-28,12.3,27.6,70.2,Rainy,Hot Beverages & Soups,2111.59,163,2024,11,Nov,28,Thursday,0,Fall
2024-11-28,12.3,27.6,70.2,Rainy,Outdoor & Camping Gear,412.28,5,2024,11,Nov,28,Thursday,0,Fall
2024-11-28,12.3,27.6,70.2,Rainy,Rainwear & Umbrellas,125850.64,4458,2024,11,Nov,28,Thursday,0,Fall
2024-11-29,4.0,0.0,60.4,Sunny,Cold Beverages & Ice Cream,97.43,12,2024,11,Nov,29,Friday,0,Fall
2024-11-29,4.0,0.0,60.4,Sunny,Heating & Winter Apparel,4793.57,75,2024,11,Nov,29,Friday,0,Fall
2024-11-29,4.0,0.0,60.4,Sunny,Hot Beverages & Soups,2271.81,176,2024,11,Nov,29,Friday,0,Fall
2024-11-29,4.0,0.0,60.4,Sunny,Outdoor & Camping Gear,456.54,5,2024,11,Nov,29,Friday,0,Fall
2024-11-29,4.0,0.0,60.4,Sunny,Rainwear & Umbrellas,386.78,15,2024,11,Nov,29,Friday,0,Fall
2024-11-30,7.7,0.0,53.0,Sunny,Cold Beverages & Ice Cream,41.05,5,2024,11,Nov,30,Saturday,1,Fall
2024-11-30,7.7,0.0,53.0,Sunny,Heating & Winter Apparel,3322.13,50,2024,11,Nov,30,Saturday,1,Fall
2024-11-30,7.7,0.0,53.0,Sunny,Hot Beverages & Soups,2163.36,193,2024,11,Nov,30,Saturday,1,Fall
2024-11-30,7.7,0.0,53.0,Sunny,Outdoor & Camping Gear,2013.92,23,2024,11,Nov,30,Saturday,1,Fall
2024-11-30,7.7,0.0,53.0,Sunny,Rainwear & Umbrellas,864.24,29,2024,11,Nov,30,Saturday,1,Fall
2024-12-01,5.5,6.3,56.4,Rainy,Cold Beverages & Ice Cream,103.25,12,2024,12,Dec,1,Sunday,1,Winter
2024-12-01,5.5,6.3,56.4,Rainy,Heating & Winter Apparel,4764.48,77,2024,12,Dec,1,Sunday,1,Winter
2024-12-01,5.5,6.3,56.4,Rainy,Hot Beverages & Soups,3695.52,301,2024,12,Dec,1,Sunday,1,Winter
2024-12-01,5.5,6.3,56.4,Rainy,Outdoor & Camping Gear,435.21,5,2024,12,Dec,1,Sunday,1,Winter
2024-12-01,5.5,6.3,56.4,Rainy,Rainwear & Umbrellas,23333.15,795,2024,12,Dec,1,Sunday,1,Winter
2024-12-02,4.8,0.0,59.7,Sunny,Cold Beverages & Ice Cream,238.58,26,2024,12,Dec,2,Monday,0,Winter
2024-12-02,4.8,0.0,59.7,Sunny,Heating & Winter Apparel,3946.59,65,2024,12,Dec,2,Monday,0,Winter
2024-12-02,4.8,0.0,59.7,Sunny,Hot Beverages & Soups,2053.25,185,2024,12,Dec,2,Monday,0,Winter
2024-12-02,4.8,0.0,59.7,Sunny,Outdoor & Camping Gear,441.11,5,2024,12,Dec,2,Monday,0,Winter
2024-12-02,4.8,0.0,59.7,Sunny,Rainwear & Umbrellas,945.32,32,2024,12,Dec,2,Monday,0,Winter
2024-12-03,11.5,5.7,62.4,Rainy,Cold Beverages & Ice Cream,150.08,19,2024,12,Dec,3,Tuesday,0,Winter
2024-12-03,11.5,5.7,62.4,Rainy,Heating & Winter Apparel,1017.7,15,2024,12,Dec,3,Tuesday,0,Winter
2024-12-03,11.5,5.7,62.4,Rainy,Hot Beverages & Soups,2104.83,170,2024,12,Dec,3,Tuesday,0,Winter
2024-12-03,11.5,5.7,62.4,Rainy,Outdoor & Camping Gear,1502.29,19,2024,12,Dec,3,Tuesday,0,Winter
2024-12-03,11.5,5.7,62.4,Rainy,Rainwear & Umbrellas,17596.73,645,2024,12,Dec,3,Tuesday,0,Winter
2024-12-04,6.8,10.2,79.1,Rainy,Cold Beverages & Ice Cream,44.15,5,2024,12,Dec,4,Wednesday,0,Winter
2024-12-04,6.8,10.2,79.1,Rainy,Heating & Winter Apparel,2629.96,39,2024,12,Dec,4,Wednesday,0,Winter
2024-12-04,6.8,10.2,79.1,Rainy,Hot Beverages & Soups,2545.23,218,2024,12,Dec,4,Wednesday,0,Winter
2024-12-04,6.8,10.2,79.1,Rainy,Outdoor & Camping Gear,887.72,10,2024,12,Dec,4,Wednesday,0,Winter
2024-12-04,6.8,10.2,79.1,Rainy,Rainwear & Umbrellas,36771.53,1306,2024,12,Dec,4,Wednesday,0,Winter
2024-12-05,9.0,0.0,55.6,Sunny,Cold Beverages & Ice Cream,129.32,15,2024,12,Dec,5,Thursday,0,Winter
2024-12-05,9.0,0.0,55.6,Sunny,Heating & Winter Apparel,2211.5,32,2024,12,Dec,5,Thursday,0,Winter
2024-12-05,9.0,0.0,55.6,Sunny,Hot Beverages & Soups,1935.7,152,2024,12,Dec,5,Thursday,0,Winter
2024-12-05,9.0,0.0,55.6,Sunny,Outdoor & Camping Gear,421.56,5,2024,12,Dec,5,Thursday,0,Winter
2024-12-05,9.0,0.0,55.6,Sunny,Rainwear & Umbrellas,693.84,25,2024,12,Dec,5,Thursday,0,Winter
2024-12-06,7.7,0.0,58.8,Sunny,Cold Beverages & Ice Cream,43.25,5,2024,12,Dec,6,Friday,0,Winter
2024-12-06,7.7,0.0,58.8,Sunny,Heating & Winter Apparel,3054.99,47,2024,12,Dec,6,Friday,0,Winter
2024-12-06,7.7,0.0,58.8,Sunny,Hot Beverages & Soups,2020.53,156,2024,12,Dec,6,Friday,0,Winter
2024-12-06,7.7,0.0,58.8,Sunny,Outdoor & Camping Gear,1161.5,14,2024,12,Dec,6,Friday,0,Winter
2024-12-06,7.7,0.0,58.8,Sunny,Rainwear & Umbrellas,963.78,33,2024,12,Dec,6,Friday,0,Winter
2024-12-07,9.0,0.0,50.5,Sunny,Cold Beverages & Ice Cream,42.98,5,2024,12,Dec,7,Saturday,1,Winter
2024-12-07,9.0,0.0,50.5,Sunny,Heating & Winter Apparel,1905.62,29,2024,12,Dec,7,Saturday,1,Winter
2024-12-07,9.0,0.0,50.5,Sunny,Hot Beverages & Soups,2161.97,187,2024,12,Dec,7,Saturday,1,Winter
2024-12-07,9.0,0.0,50.5,Sunny,Outdoor & Camping Gear,1822.77,22,2024,12,Dec,7,Saturday,1,Winter
2024-12-07,9.0,0.0,50.5,Sunny,Rainwear & Umbrellas,818.95,31,2024,12,Dec,7,Saturday,1,Winter
2024-12-08,7.8,9.0,68.9,Rainy,Cold Beverages & Ice Cream,58.24,7,2024,12,Dec,8,Sunday,1,Winter
2024-12-08,7.8,9.0,68.9,Rainy,Heating & Winter Apparel,3400.91,52,2024,12,Dec,8,Sunday,1,Winter
2024-12-08,7.8,9.0,68.9,Rainy,Hot Beverages & Soups,3064.91,254,2024,12,Dec,8,Sunday,1,Winter
2024-12-08,7.8,9.0,68.9,Rainy,Outdoor & Camping Gear,403.56,5,2024,12,Dec,8,Sunday,1,Winter
2024-12-08,7.8,9.0,68.9,Rainy,Rainwear & Umbrellas,36279.26,1217,2024,12,Dec,8,Sunday,1,Winter
2024-12-09,3.9,0.0,63.2,Sunny,Cold Beverages & Ice Cream,99.13,11,2024,12,Dec,9,Monday,0,Winter
2024-12-09,3.9,0.0,63.2,Sunny,Heating & Winter Apparel,4938.66,71,2024,12,Dec,9,Monday,0,Winter
2024-12-09,3.9,0.0,63.2,Sunny,Hot Beverages & Soups,2216.65,186,2024,12,Dec,9,Monday,0,Winter
2024-12-09,3.9,0.0,63.2,Sunny,Outdoor & Camping Gear,436.55,5,2024,12,Dec,9,Monday,0,Winter
2024-12-09,3.9,0.0,63.2,Sunny,Rainwear & Umbrellas,464.33,18,2024,12,Dec,9,Monday,0,Winter
2024-12-10,10.1,0.0,67.8,Sunny,Cold Beverages & Ice Cream,84.24,10,2024,12,Dec,10,Tuesday,0,Winter
2024-12-10,10.1,0.0,67.8,Sunny,Heating & Winter Apparel,1580.24,24,2024,12,Dec,10,Tuesday,0,Winter
2024-12-10,10.1,0.0,67.8,Sunny,Hot Beverages & Soups,1548.81,130,2024,12,Dec,10,Tuesday,0,Winter
2024-12-10,10.1,0.0,67.8,Sunny,Outdoor & Camping Gear,2635.72,30,2024,12,Dec,10,Tuesday,0,Winter
2024-12-10,10.1,0.0,67.8,Sunny,Rainwear & Umbrellas,595.28,23,2024,12,Dec,10,Tuesday,0,Winter
2024-12-11,5.8,0.0,67.1,Sunny,Cold Beverages & Ice Cream,152.79,19,2024,12,Dec,11,Wednesday,0,Winter
2024-12-11,5.8,0.0,67.1,Sunny,Heating & Winter Apparel,3636.24,57,2024,12,Dec,11,Wednesday,0,Winter
2024-12-11,5.8,0.0,67.1,Sunny,Hot Beverages & Soups,1946.19,164,2024,12,Dec,11,Wednesday,0,Winter
2024-12-11,5.8,0.0,67.1,Sunny,Outdoor & Camping Gear,409.09,5,2024,12,Dec,11,Wednesday,0,Winter
2024-12-11,5.8,0.0,67.1,Sunny,Rainwear & Umbrellas,598.36,20,2024,12,Dec,11,Wednesday,0,Winter
2024-12-12,2.7,0.0,63.4,Sunny,Cold Beverages & Ice Cream,41.77,5,2024,12,Dec,12,Thursday,0,Winter
2024-12-12,2.7,0.0,63.4,Sunny,Heating & Winter Apparel,5969.79,88,2024,12,Dec,12,Thursday,0,Winter
2024-12-12,2.7,0.0,63.4,Sunny,Hot Beverages & Soups,2582.47,213,2024,12,Dec,12,Thursday,0,Winter
2024-12-12,2.7,0.0,63.4,Sunny,Outdoor & Camping Gear,408.09,5,2024,12,Dec,12,Thursday,0,Winter
2024-12-12,2.7,0.0,63.4,Sunny,Rainwear & Umbrellas,595.0,23,2024,12,Dec,12,Thursday,0,Winter
2024-12-13,5.8,26.4,74.0,Rainy,Cold Beverages & Ice Cream,43.97,5,2024,12,Dec,13,Friday,0,Winter
2024-12-13,5.8,26.4,74.0,Rainy,Heating & Winter Apparel,2919.37,48,2024,12,Dec,13,Friday,0,Winter
2024-12-13,5.8,26.4,74.0,Rainy,Hot Beverages & Soups,2756.41,238,2024,12,Dec,13,Friday,0,Winter
2024-12-13,5.8,26.4,74.0,Rainy,Outdoor & Camping Gear,418.56,5,2024,12,Dec,13,Friday,0,Winter
2024-12-13,5.8,26.4,74.0,Rainy,Rainwear & Umbrellas,125291.05,4215,2024,12,Dec,13,Friday,0,Winter
2024-12-14,11.0,11.3,66.5,Rainy,Cold Beverages & Ice Cream,39.61,5,2024,12,Dec,14,Saturday,1,Winter
2024-12-14,11.0,11.3,66.5,Rainy,Heating & Winter Apparel,1432.72,23,2024,12,Dec,14,Saturday,1,Winter
2024-12-14,11.0,11.3,66.5,Rainy,Hot Beverages & Soups,2334.46,206,2024,12,Dec,14,Saturday,1,Winter
2024-12-14,11.0,11.3,66.5,Rainy,Outdoor & Camping Gear,1217.74,14,2024,12,Dec,14,Saturday,1,Winter
2024-12-14,11.0,11.3,66.5,Rainy,Rainwear & Umbrellas,42628.91,1620,2024,12,Dec,14,Saturday,1,Winter
2024-12-15,9.1,0.0,57.8,Sunny,Cold Beverages & Ice Cream,45.44,5,2024,12,Dec,15,Sunday,1,Winter
2024-12-15,9.1,0.0,57.8,Sunny,Heating & Winter Apparel,2522.39,41,2024,12,Dec,15,Sunday,1,Winter
2024-12-15,9.1,0.0,57.8,Sunny,Hot Beverages & Soups,1967.39,171,2024,12,Dec,15,Sunday,1,Winter
2024-12-15,9.1,0.0,57.8,Sunny,Outdoor & Camping Gear,1829.71,21,2024,12,Dec,15,Sunday,1,Winter
2024-12-15,9.1,0.0,57.8,Sunny,Rainwear & Umbrellas,505.76,17,2024,12,Dec,15,Sunday,1,Winter
2024-12-16,5.6,8.5,71.7,Rainy,Cold Beverages & Ice Cream,208.6,25,2024,12,Dec,16,Monday,0,Winter
2024-12-16,5.6,8.5,71.7,Rainy,Heating & Winter Apparel,4482.1,67,2024,12,Dec,16,Monday,0,Winter
2024-12-16,5.6,8.5,71.7,Rainy,Hot Beverages & Soups,2626.76,224,2024,12,Dec,16,Monday,0,Winter
2024-12-16,5.6,8.5,71.7,Rainy,Outdoor & Camping Gear,1376.86,15,2024,12,Dec,16,Monday,0,Winter
2024-12-16,5.6,8.5,71.7,Rainy,Rainwear & Umbrellas,28125.95,1043,2024,12,Dec,16,Monday,0,Winter
2024-12-17,5.5,6.1,69.3,Rainy,Cold Beverages & Ice Cream,125.57,14,2024,12,Dec,17,Tuesday,0,Winter
2024-12-17,5.5,6.1,69.3,Rainy,Heating & Winter Apparel,3636.24,55,2024,12,Dec,17,Tuesday,0,Winter
2024-12-17,5.5,6.1,69.3,Rainy,Hot Beverages & Soups,2953.05,239,2024,12,Dec,17,Tuesday,0,Winter
2024-12-17,5.5,6.1,69.3,Rainy,Outdoor & Camping Gear,1147.65,13,2024,12,Dec,17,Tuesday,0,Winter
2024-12-17,5.5,6.1,69.3,Rainy,Rainwear & Umbrellas,19245.87,697,2024,12,Dec,17,Tuesday,0,Winter
2024-12-18,5.5,0.0,58.1,Sunny,Cold Beverages & Ice Cream,111.42,13,2024,12,Dec,18,Wednesday,0,Winter
2024-12-18,5.5,0.0,58.1,Sunny,Heating & Winter Apparel,3042.58,45,2024,12,Dec,18,Wednesday,0,Winter
2024-12-18,5.5,0.0,58.1,Sunny,Hot Beverages & Soups,2147.37,171,2024,12,Dec,18,Wednesday,0,Winter
2024-12-18,5.5,0.0,58.1,Sunny,Outdoor & Camping Gear,394.41,5,2024,12,Dec,18,Wednesday,0,Winter
2024-12-18,5.5,0.0,58.1,Sunny,Rainwear & Umbrellas,623.24,21,2024,12,Dec,18,Wednesday,0,Winter
2024-12-19,12.1,1.0,48.5,Rainy,Cold Beverages & Ice Cream,344.54,42,2024,12,Dec,19,Thursday,0,Winter
2024-12-19,12.1,1.0,48.5,Rainy,Heating & Winter Apparel,483.07,7,2024,12,Dec,19,Thursday,0,Winter
2024-12-19,12.1,1.0,48.5,Rainy,Hot Beverages & Soups,1266.58,111,2024,12,Dec,19,Thursday,0,Winter
2024-12-19,12.1,1.0,48.5,Rainy,Outdoor & Camping Gear,2517.41,30,2024,12,Dec,19,Thursday,0,Winter
2024-12-19,12.1,1.0,48.5,Rainy,Rainwear & Umbrellas,2902.54,96,2024,12,Dec,19,Thursday,0,Winter
2024-12-20,7.3,0.0,67.9,Sunny,Cold Beverages & Ice Cream,109.68,14,2024,12,Dec,20,Friday,0,Winter
2024-12-20,7.3,0.0,67.9,Sunny,Heating & Winter Apparel,2785.87,44,2024,12,Dec,20,Friday,0,Winter
2024-12-20,7.3,0.0,67.9,Sunny,Hot Beverages & Soups,2151.24,169,2024,12,Dec,20,Friday,0,Winter
2024-12-20,7.3,0.0,67.9,Sunny,Outdoor & Camping Gear,788.77,9,2024,12,Dec,20,Friday,0,Winter
2024-12-20,7.3,0.0,67.9,Sunny,Rainwear & Umbrellas,811.42,29,2024,12,Dec,20,Friday,0,Winter
2024-12-21,7.3,0.0,63.1,Sunny,Cold Beverages & Ice Cream,74.68,9,2024,12,Dec,21,Saturday,1,Winter
2024-12-21,7.3,0.0,63.1,Sunny,Heating & Winter Apparel,3564.64,55,2024,12,Dec,21,Saturday,1,Winter
2024-12-21,7.3,0.0,63.1,Sunny,Hot Beverages & Soups,2448.5,192,2024,12,Dec,21,Saturday,1,Winter
2024-12-21,7.3,0.0,63.1,Sunny,Outdoor & Camping Gear,948.63,11,2024,12,Dec,21,Saturday,1,Winter
2024-12-21,7.3,0.0,63.1,Sunny,Rainwear & Umbrellas,575.61,21,2024,12,Dec,21,Saturday,1,Winter
2024-12-22,8.9,15.1,66.4,Rainy,Cold Beverages & Ice Cream,177.82,22,2024,12,Dec,22,Sunday,1,Winter
2024-12-22,8.9,15.1,66.4,Rainy,Heating & Winter Apparel,3062.48,47,2024,12,Dec,22,Sunday,1,Winter
2024-12-22,8.9,15.1,66.4,Rainy,Hot Beverages & Soups,2932.96,242,2024,12,Dec,22,Sunday,1,Winter
2024-12-22,8.9,15.1,66.4,Rainy,Outdoor & Camping Gear,439.89,5,2024,12,Dec,22,Sunday,1,Winter
2024-12-22,8.9,15.1,66.4,Rainy,Rainwear & Umbrellas,62057.18,2318,2024,12,Dec,22,Sunday,1,Winter
2024-12-23,6.6,0.0,63.1,Sunny,Cold Beverages & Ice Cream,63.5,8,2024,12,Dec,23,Monday,0,Winter
2024-12-23,6.6,0.0,63.1,Sunny,Heating & Winter Apparel,3259.92,53,2024,12,Dec,23,Monday,0,Winter
2024-12-23,6.6,0.0,63.1,Sunny,Hot Beverages & Soups,2158.94,169,2024,12,Dec,23,Monday,0,Winter
2024-12-23,6.6,0.0,63.1,Sunny,Outdoor & Camping Gear,1124.45,14,2024,12,Dec,23,Monday,0,Winter
2024-12-23,6.6,0.0,63.1,Sunny,Rainwear & Umbrellas,793.03,28,2024,12,Dec,23,Monday,0,Winter
2024-12-24,5.1,7.1,65.3,Rainy,Cold Beverages & Ice Cream,42.32,5,2024,12,Dec,24,Tuesday,0,Winter
2024-12-24,5.1,7.1,65.3,Rainy,Heating & Winter Apparel,4226.24,63,2024,12,Dec,24,Tuesday,0,Winter
2024-12-24,5.1,7.1,65.3,Rainy,Hot Beverages & Soups,3031.7,234,2024,12,Dec,24,Tuesday,0,Winter
2024-12-24,5.1,7.1,65.3,Rainy,Outdoor & Camping Gear,404.9,5,2024,12,Dec,24,Tuesday,0,Winter
2024-12-24,5.1,7.1,65.3,Rainy,Rainwear & Umbrellas,24420.99,846,2024,12,Dec,24,Tuesday,0,Winter
2024-12-25,5.2,6.9,73.2,Rainy,Cold Beverages & Ice Cream,45.89,5,2024,12,Dec,25,Wednesday,0,Winter
2024-12-25,5.2,6.9,73.2,Rainy,Heating & Winter Apparel,3781.0,63,2024,12,Dec,25,Wednesday,0,Winter
2024-12-25,5.2,6.9,73.2,Rainy,Hot Beverages & Soups,2860.91,243,2024,12,Dec,25,Wednesday,0,Winter
2024-12-25,5.2,6.9,73.2,Rainy,Outdoor & Camping Gear,396.33,5,2024,12,Dec,25,Wednesday,0,Winter
2024-12-25,5.2,6.9,73.2,Rainy,Rainwear & Umbrellas,23251.94,806,2024,12,Dec,25,Wednesday,0,Winter
2024-12-26,5.5,0.0,47.5,Sunny,Cold Beverages & Ice Cream,177.21,22,2024,12,Dec,26,Thursday,0,Winter
2024-12-26,5.5,0.0,47.5,Sunny,Heating & Winter Apparel,3410.91,50,2024,12,Dec,26,Thursday,0,Winter
2024-12-26,5.5,0.0,47.5,Sunny,Hot Beverages & Soups,2037.94,167,2024,12,Dec,26,Thursday,0,Winter
2024-12-26,5.5,0.0,47.5,Sunny,Outdoor & Camping Gear,443.73,5,2024,12,Dec,26,Thursday,0,Winter
2024-12-26,5.5,0.0,47.5,Sunny,Rainwear & Umbrellas,880.1,30,2024,12,Dec,26,Thursday,0,Winter
2024-12-27,5.5,12.3,65.4,Rainy,Cold Beverages & Ice Cream,64.58,8,2024,12,Dec,27,Friday,0,Winter
2024-12-27,5.5,12.3,65.4,Rainy,Heating & Winter Apparel,4710.78,68,2024,12,Dec,27,Friday,0,Winter
2024-12-27,5.5,12.3,65.4,Rainy,Hot Beverages & Soups,2787.59,226,2024,12,Dec,27,Friday,0,Winter
2024-12-27,5.5,12.3,65.4,Rainy,Outdoor & Camping Gear,397.81,5,2024,12,Dec,27,Friday,0,Winter
2024-12-27,5.5,12.3,65.4,Rainy,Rainwear & Umbrellas,47086.47,1633,2024,12,Dec,27,Friday,0,Winter
2024-12-28,7.6,0.0,69.6,Sunny,Cold Beverages & Ice Cream,43.1,5,2024,12,Dec,28,Saturday,1,Winter
2024-12-28,7.6,0.0,69.6,Sunny,Heating & Winter Apparel,3371.06,52,2024,12,Dec,28,Saturday,1,Winter
2024-12-28,7.6,0.0,69.6,Sunny,Hot Beverages & Soups,2224.98,195,2024,12,Dec,28,Saturday,1,Winter
2024-12-28,7.6,0.0,69.6,Sunny,Outdoor & Camping Gear,652.18,8,2024,12,Dec,28,Saturday,1,Winter
2024-12-28,7.6,0.0,69.6,Sunny,Rainwear & Umbrellas,669.45,25,2024,12,Dec,28,Saturday,1,Winter
2024-12-29,5.7,0.0,63.6,Sunny,Cold Beverages & Ice Cream,183.91,21,2024,12,Dec,29,Sunday,1,Winter
2024-12-29,5.7,0.0,63.6,Sunny,Heating & Winter Apparel,4640.75,71,2024,12,Dec,29,Sunday,1,Winter
2024-12-29,5.7,0.0,63.6,Sunny,Hot Beverages & Soups,2445.26,216,2024,12,Dec,29,Sunday,1,Winter
2024-12-29,5.7,0.0,54.2,Sunny,Outdoor & Camping Gear,1792.99,22,2024,12,Dec,29,Sunday,1,Winter
2024-12-29,5.7,0.0,63.6,Sunny,Rainwear & Umbrellas,921.1,34,2024,12,Dec,29,Sunday,1,Winter
2024-12-30,7.5,6.9,75.2,Rainy,Cold Beverages & Ice Cream,44.97,5,2024,12,Dec,30,Monday,0,Winter
2024-12-30,7.5,6.9,75.2,Rainy,Heating & Winter Apparel,3250.84,49,2024,12,Dec,30,Monday,0,Winter
2024-12-30,7.5,6.9,75.2,Rainy,Hot Beverages & Soups,2872.32,226,2024,12,Dec,30,Monday,0,Winter
2024-12-30,7.5,6.9,75.2,Rainy,Outdoor & Camping Gear,391.23,5,2024,12,Dec,30,Monday,0,Winter
2024-12-30,7.5,6.9,75.2,Rainy,Rainwear & Umbrellas,21139.88,810,2024,12,Dec,30,Monday,0,Winter
2024-12-31,5.2,13.7,61.1,Rainy,Cold Beverages & Ice Cream,42.34,5,2024,12,Dec,31,Tuesday,0,Winter
2024-12-31,5.2,13.7,61.1,Rainy,Heating & Winter Apparel,4209.91,68,2024,12,Dec,31,Tuesday,0,Winter
2024-12-31,5.2,13.7,61.1,Rainy,Hot Beverages & Soups,2991.57,236,2024,12,Dec,31,Tuesday,0,Winter
2024-12-31,5.2,13.7,61.1,Rainy,Outdoor & Camping Gear,776.96,9,2024,12,Dec,31,Tuesday,0,Winter
2024-12-31,5.2,13.7,61.1,Rainy,Rainwear & Umbrellas,55412.56,1869,2024,12,Dec,31,Tuesday,0,Winter
